# x y correction
-2.3998503275963806e-01 -4.3720435626665605e-01 4.1260440692075444e-05
-2.3994067730598398e-01 4.4177671158244985e-01 2.1196702305399842e-05
-2.3975860254138356e-01 4.1532199699704092e-01 2.1062819307389229e-05
-2.3961955561228529e-01 -4.1075153750651666e-01 6.2074254955735142e-05
-2.3929052105036419e-01 -4.6365065708728070e-01 1.7180785533066828e-05
-2.3906339263785897e-01 4.6821758677775588e-01 1.9359116733452415e-05
-2.3849497799681446e-01 3.8889694817678877e-01 1.8758906365735722e-05
-2.3816488461513957e-01 -3.8433630506641386e-01 7.7988980411776556e-05
-2.3755714838170328e-01 -4.9004930459692236e-01 -8.2343660697317000e-06
-2.3715474135834724e-01 4.9460413678888682e-01 1.6011365080275469e-05
-2.3612241180684340e-01 3.6254839996058136e-01 1.4216348807289676e-05
-2.3559856443885197e-01 -3.5800593239173506e-01 8.7679724027029342e-05
-2.3481241128964242e-01 -5.1636207911208210e-01 -3.3096134834630294e-05
-2.3423783256634464e-01 5.2089840898692807e-01 1.1560468468061836e-05
-2.3261550474946119e-01 3.3632684076171265e-01 7.6621440470289220e-06
-2.3189331742705960e-01 -3.3181166376293408e-01 9.0338766870326912e-05
-2.3108033496900593e-01 -5.4255312064808092e-01 -5.5603478054573049e-05
-2.3033688825371085e-01 5.4706485138644423e-01 6.4760817711388954e-06
-2.2794989496760629e-01 3.1028659269011161e-01 -4.5627100093563939e-07
-2.2702337285054566e-01 -3.0580887178030203e-01 8.5692899134720649e-05
-2.2699227788064438e-01 -4.3025354847225761e-01 2.5024814863162985e-05
-2.2698278317701523e-01 4.3757771000457818e-01 1.1307151097539530e-05
-2.2663360530320434e-01 4.1139702896979657e-01 1.1051413564364102e-05
-2.2657655792104658e-01 -4.5643331719191527e-01 1.2485377139470569e-05
-2.2638590246921630e-01 -5.6858897784208429e-01 -7.4164013209141859e-05
-2.2634175141957799e-01 -4.0407868198901120e-01 3.5555561894133734e-05
-2.2627077057071218e-01 4.6375110351392179e-01 1.0464137660382635e-05
-2.2547706585567384e-01 5.7307032395613278e-01 1.2798053070236325e-06
-2.2519718028982313e-01 3.8525355271604733e-01 9.6112689004507495e-06
-2.2511561915287920e-01 -4.8257567788939659e-01 -1.0347369932686728e-06
-2.2459700305526420e-01 -3.7795402491980745e-01 4.3224394410462492e-05
-2.2452424282507416e-01 4.8987593241033228e-01 8.7739514200224630e-06
-2.2264883300376179e-01 3.5919505033091714e-01 6.9668997184351473e-06
-2.2263917007234624e-01 -5.0864149410503123e-01 -1.4493175064926575e-05
-2.2209725436449884e-01 2.8448730743377748e-01 -9.3363715194227599e-06
-2.2176851589660276e-01 5.1591373109342342e-01 6.4563413391198006e-06
-2.2173153914917301e-01 -3.5192855527203259e-01 4.7368638682325320e-05
-2.2096243527108678e-01 -2.8005779256123992e-01 7.4155932810958153e-05
-2.2074967325825498e-01 -5.9443736833109151e-01 -8.7628772135740310e-05
-2.1968393412069900e-01 5.9888401388851475e-01 -3.7909901169609326e-06
-2.1917137658464439e-01 -5.3459408911778328e-01 -2.6892748371268729e-05
-2.1895836997423263e-01 3.3327376226432198e-01 3.2685517542304036e-06
-2.1802769511894943e-01 5.4182841490058431e-01 3.7669322814573359e-06
-2.1771974139380607e-01 -3.2605509954788225e-01 4.7629281166188579e-05
-2.1503060323744513e-01 2.5899398333444451e-01 -1.8088398925529987e-05
-2.1473705265756715e-01 -5.6039918215301565e-01 -3.7343899414789260e-05
-2.1419997384942163e-01 -6.2006956744262531e-01 -9.5262010504542816e-05
-2.1410299634906660e-01 3.0754537175712621e-01 -1.2172605335103791e-06
-2.1368520797112991e-01 -2.5462381861828964e-01 5.6664388958651852e-05
-2.1332686363955361e-01 5.6758631262384918e-01 9.8788534436257805e-07
-2.1297590599241376e-01 6.2447525657535041e-01 -8.4334235169555503e-06
-2.1253246209403159e-01 -3.0039157722856213e-01 4.3947197363877084e-05
-2.1009201589309462e-01 4.3021999008192380e-01 2.3346278867714236e-06
-2.1002114013404669e-01 -4.2310888498138804e-01 5.8109188687588890e-06
-2.0989705861561525e-01 -4.4893762334848281e-01 3.2925031437222831e-06
-2.0967933245015508e-01 4.5604574979228252e-01 2.2176797976811943e-06
-2.0943846023524099e-01 4.0439932725566502e-01 2.2109334097541510e-06
-2.0936185805046645e-01 -5.8602490739025093e-01 -4.5165708538436824e-05
-2.0906911706196546e-01 -3.9729746724356074e-01 7.8535880174216391e-06
-2.0872658064810412e-01 -4.7474019229667674e-01 5.1112520268302292e-07
-2.0822308459051231e-01 4.8183380448214880e-01 1.9075670109271078e-06
-2.0805207133395029e-01 2.8207179024052298e-01 -6.0281572709869479e-06
-2.0769190632709605e-01 5.9315616918720337e-01 -1.7325823868940738e-06
-2.0769035399038469e-01 3.7862972207881124e-01 1.8327739121322526e-06
-2.0701372653637831e-01 -3.7155053590663312e-01 9.2446266743326472e-06
-2.0675680836544127e-01 -6.4545676521758844e-01 -9.6755183468542026e-05
-2.0672460534984413e-01 2.3387733072052136e-01 -2.5620400921399926e-05
-2.0653338809179014e-01 -5.0047609000182813e-01 -2.3098228975993803e-06
-2.0614250160739458e-01 -2.7500094973486844e-01 3.6629107766211852e-05
-2.0575442557465179e-01 5.0754475808548594e-01 1.4535585711853663e-06
-2.0538251409842276e-01 6.4981792887941647e-01 -1.2563769431501692e-05
-2.0516117841553960e-01 -2.2958034977367922e-01 3.4732692968137752e-05
-2.0482101482827858e-01 3.5296085356632667e-01 1.2050882837356715e-06
-2.0382860268913605e-01 -3.4591898612884631e-01 9.8600237420443824e-06
-2.0334547497846384e-01 -5.2610784466121330e-01 -4.9553804415128527e-06
-2.0306609150999666e-01 -6.1144018856351079e-01 -4.9910414297873150e-05
-2.0229721234429779e-01 5.3314162373064167e-01 9.0885040002162905e-07
-2.0114475020757269e-01 6.1850785948546994e-01 -4.2450596291252273e-06
-2.0079844169748112e-01 3.2744740171464265e-01 3.6869402082017732e-07
-2.0077848601104958e-01 2.5692021430409134e-01 -1.0651399057535074e-05
-1.9948521690921855e-01 -3.2045826513554693e-01 9.6382474874468669e-06
-1.9918746648156857e-01 -5.5160027461126548e-01 -7.2313716215719812e-06
-1.9852136885085733e-01 -2.4995254057210042e-01 2.6288565257385220e-05
-1.9844671799896385e-01 -6.7057358675399004e-01 -9.2273375898923210e-05
-1.9787635030626871e-01 5.5858982869716112e-01 3.3158057055392880e-07
-1.9715173297684616e-01 2.0921595160527667e-01 -3.0925929540845242e-05
-1.9692555206024917e-01 6.7488572348015496e-01 -1.6053453633718548e-05
-1.9587951133390041e-01 -6.3661812833347131e-01 -5.1362900699906098e-05
-1.9559748507618471e-01 3.0214803313277006e-01 -6.0527359141519540e-07
-1.9536667272203873e-01 -2.0500621155424203e-01 1.0227908070086067e-05
-1.9408490366859313e-01 -5.7692061735486844e-01 -8.9801365981989204e-06
-1.9395431358527224e-01 -2.9522903480645252e-01 8.5935067732171817e-06
-1.9371183509795692e-01 6.4361419019114241e-01 -6.4721276733585390e-06
-1.9251761654466659e-01 5.8385722144489416e-01 -2.3738886894384755e-07
-1.9225394377941396e-01 2.3216486974877587e-01 -1.4471492479693478e-05
-1.8964176017926798e-01 -2.2532239464612530e-01 1.3839082826410346e-05
-1.8929157627845641e-01 -6.9539492473261844e-01 -8.2422204777925375e-05
-1.8918791367105164e-01 2.7712770368483719e-01 -1.6143877835165787e-06
-1.8806406824286903e-01 -6.0203852823950854e-01 -1.0103057323062917e-05
-1.8782007150411592e-01 -6.6153044220697232e-01 -4.9568756926817242e-05
-1.8762534852205917e-01 6.9965311031770228e-01 -1.8966122908654480e-05
-1.8720719275074105e-01 -2.7029766546111600e-01 6.8100145858909142e-06
-1.8628381315747564e-01 1.8509755417224227e-01 -3.3084903338130410e-05
-1.8624748508809780e-01 6.0891406752391086e-01 -7.7169163389559207e-07
-1.8541362167795081e-01 6.6844799460841031e-01 -8.3569960952280354e-06
-1.8427220606913466e-01 -1.8099124732667662e-01 -1.4687530031152327e-05
-1.8244972814714319e-01 2.0788813858489166e-01 -1.6944346583839819e-05
-1.8153847205176252e-01 2.5245837533612925e-01 -2.5370822715943338e-06
-1.8114580497204344e-01 -6.2692427234541215e-01 -1.0534996745707958e-05
-1.7947435718175916e-01 -2.0119559231487580e-01 3.7257857043823433e-07
-1.7931370645395023e-01 -7.1989717443071688e-01 -6.8116571786924039e-05
-1.7921100646204030e-01 -2.4573859023455819e-01 4.4422765670923165e-06
-1.7908771117828667e-01 6.3373141239163577e-01 -1.2427441644878114e-06
-1.7891557238247330e-01 -6.8615336977193264e-01 -4.4825652389790551e-05
-1.7750752224694491e-01 7.2409790811242059e-01 -2.1378850045664687e-05
-1.7627660139017703e-01 6.9298559913365165e-01 -9.9340871978712906e-06
-1.7409320956640717e-01 1.6162032992924871e-01 -3.1550619398736289e-05
-1.7335987031384073e-01 -6.5155239895839556e-01 -1.0290617665011505e-05
-1.7261813475390808e-01 2.2821989144652632e-01 -3.2415663935362764e-06
-1.7185013869932628e-01 -1.5763574361858287e-01 -3.7799829439845280e-05
-1.7133450314699647e-01 1.8418332144836239e-01 -1.7593001238306765e-05
-1.7106609216817170e-01 6.5828379769301859e-01 -1.6460314000927391e-06
-1.6993462379331098e-01 -2.2163421280897894e-01 1.7020404616994462e-06
-1.6918825133262147e-01 -7.1046303540685818e-01 -3.7592120564630946e-05
-1.6853579485170411e-01 -7.4405822302013780e-01 -5.0509022368365502e-05
-1.6798739683909436e-01 -1.7766874394823576e-01 -1.2895688066774482e-05
-1.6659489321093288e-01 7.4819843804964670e-01 -2.3360899288995308e-05
-1.6632312438768435e-01 7.1720355448094641e-01 -1.1238776765355153e-05
-1.6472405799099310e-01 -6.7589558188493071e-01 -9.4108598990881595e-06
-1.6239592967532515e-01 2.0450137119465361e-01 -3.6098063649936852e-06
-1.6220154611389070e-01 6.8254463378556773e-01 -1.9841289480142418e-06
-1.6055183686006402e-01 1.3889586788374769e-01 -2.6199842763822502e-05
-1.5934751627265212e-01 -1.9807645665448076e-01 -1.1563856953678780e-06
-1.5887908622882438e-01 1.6115487414853971e-01 -1.6153939058187824e-05
-1.5866072817067342e-01 -7.3443705841565021e-01 -2.8470728432653169e-05
-1.5807185048090047e-01 -1.3505425807296442e-01 -5.6992963800304837e-05
-1.5698080603130557e-01 -7.6785743439079346e-01 -3.0870639057347514e-05
-1.5557589880408723e-01 7.4107990252973965e-01 -1.2306093163315445e-05
-1.5526653472324362e-01 -6.9993146083097613e-01 -7.9934887289889529e-06
-1.5515086491277760e-01 -1.5485066002546477e-01 -2.4726125579684784e-05
-1.5490744212476970e-01 7.7193292307954176e-01 -2.4881145766139364e-05
-1.5252159372908317e-01 7.0649181271509465e-01 -2.2633008800944550e-06
-1.5083615712802884e-01 1.8140562101355487e-01 -3.5539579348061724e-06
-1.4741557315569068e-01 -1.7517089326245205e-01 -3.8635672117973624e-06
-1.4735591993559397e-01 -7.5805453888680530e-01 -1.8148654890248018e-05
-1.4562924835854210e-01 1.1705417943446880e-01 -1.7476657459166868e-05
-1.4505066926805640e-01 1.3892433522128317e-01 -1.2639132984173348e-05
-1.4500986613608607e-01 -7.2363737850547116e-01 -6.1611513557622105e-06
-1.4467189996071084e-01 -7.9127562963417020e-01 -1.0574116460394399e-05
-1.4405790607035063e-01 7.6459416092488131e-01 -1.3128064223898230e-05
-1.4290845073890296e-01 -1.1337919306208132e-01 -7.0417102757094568e-05
-1.4246963455945061e-01 7.9528292981992255e-01 -2.5990099560632979e-05
-1.4204889124479947e-01 7.3010309961873388e-01 -2.4904481881915842e-06
-1.4093287218189332e-01 -1.3286742189861664e-01 -3.3974603844740076e-05
-1.3790638332015673e-01 1.5904857177058662e-01 -3.0364556660009381e-06
-1.3529695762836341e-01 -7.8129603918629165e-01 -7.3600288304346647e-06
-1.3410117137558547e-01 -1.5304088516151157e-01 -6.1488281010633137e-06
-1.3397693594692850e-01 -7.4699216346876707e-01 -4.0574584447002575e-06
-1.3179231826077875e-01 7.8772730335025010e-01 -1.3736062565528105e-05
-1.3163235141657706e-01 -8.1429506333154744e-01 9.1021515607741122e-06
-1.3080638897484373e-01 7.5335774066802219e-01 -2.6675336577268643e-06
-1.2981748123391423e-01 1.1763256801519892e-01 -7.3832327687774079e-06
-1.2930493170420687e-01 8.1823100031668228e-01 -2.6688995187514596e-05
-1.2929683037784045e-01 9.6246517951763921e-02 -6.4179839964727776e-06
-1.2632917988245193e-01 -9.2767824650185515e-02 -7.6646186888660022e-05
-1.2530064504212496e-01 -1.1186711469926537e-01 -3.9665448145760973e-05
-1.2356887127007665e-01 1.3756783899397704e-01 -2.0893765023575584e-06
-1.2250689442778590e-01 -8.0414343884152151e-01 3.2104764721302629e-06
-1.2219086221436580e-01 -7.6997611274926447e-01 -1.8342180400003936e-06
-1.1967415786279714e-01 -7.3449636127389473e-01 -3.0481424388738785e-07
-1.1967415786279714e-01 -6.2956830966333832e-01 -6.9473917785542977e-11
-1.1967415786279714e-01 -5.2464025805278192e-01 -1.0393262351480354e-14
-1.1967415786279714e-01 -4.1971220644222551e-01 6.8166623561243589e-16
-1.1967415786279714e-01 -3.1478415483166911e-01 1.3685542144717805e-13
-1.1967415786279714e-01 -2.0985610322111281e-01 -1.2822327368456454e-09
-1.1967415786279714e-01 2.0985610322111281e-01 -2.3784992961137849e-09
-1.1967415786279714e-01 3.1478415483166922e-01 -1.3040923902719320e-14
-1.1967415786279714e-01 4.1971220644222562e-01 2.4883776756399262e-16
-1.1967415786279714e-01 5.2464025805278203e-01 1.3786670960980797e-15
-1.1967415786279714e-01 6.2956830966333843e-01 -9.9056989186073890e-12
-1.1967415786279714e-01 7.3449636127389484e-01 -1.7628201614554032e-07
-1.1936936264417357e-01 -1.3182885721922397e-01 -7.7691309919773491e-06
-1.1881724816050947e-01 7.7623644445938011e-01 -2.8020468759748489e-06
-1.1879993877020764e-01 8.1046026433811758e-01 -1.4120734841768276e-05
-1.1787907078253583e-01 -8.3689534767009466e-01 2.7078553366832073e-05
-1.1543232343844986e-01 8.4075823064737010e-01 -2.6738082146546998e-05
-1.1314518051590615e-01 9.7448857692844976e-02 -1.0696439512079946e-06
-1.1152388080438014e-01 7.6656175121814232e-02 5.4082039183651535e-06
-1.0967491571189997e-01 -7.9257097020513045e-01 3.6421942911834968e-07
-1.0900331583073107e-01 -8.2657653639595763e-01 1.2953198456049518e-05
-1.0830364327512183e-01 -7.3409898701731202e-02 -7.4797557535877691e-05
-1.0821841699627405e-01 -9.2029540674837249e-02 -4.1080388666007181e-05
-1.0778445821163746e-01 1.1712772312181544e-01 -8.2218141915325111e-07
-1.0610329418892350e-01 7.9872049851722327e-01 -2.8888322715636225e-06
-1.0510255081792910e-01 8.3277553685456152e-01 -1.4159433871907756e-05
-1.0344001862308194e-01 -8.5906379707167724e-01 4.2332323057431000e-05
-1.0317848713489873e-01 -1.1170955290784802e-01 -8.5230897985030514e-06
-1.0087545261817463e-01 8.6284949044785264e-01 -2.6114651266139756e-05
-9.6448242718328789e-02 -8.1475730100424371e-01 2.4049829776994148e-06
-9.4995683431856145e-02 7.8583997043610215e-02 5.3281678166225017e-06
-9.4814288357666227e-02 -8.4858250049152795e-01 2.1308480026408264e-05
-9.2685291473082118e-02 8.2079163429641044e-01 -2.9052516233794004e-06
-9.2277247228415932e-02 5.8513535492975402e-02 1.6089695659090481e-05
-9.0725440972231217e-02 8.5465910693353409e-01 -1.3848185808989255e-05
-9.0508796101158001e-02 9.7932964978915960e-02 5.7723875881381183e-07
-8.9649684047593728e-02 -7.3577821162009283e-02 -3.7828633520838915e-05
-8.8799337864355454e-02 -5.5544996499959205e-02 -6.4639641619648324e-05
-8.8331247443575830e-02 -8.8078136430451537e-01 5.4243457061418778e-05
-8.5654277993771968e-02 8.8448842015067419e-01 -2.4506550202271417e-05
-8.5484805143970860e-02 -9.2900020388018062e-02 -8.2716397002411623e-06
-8.2536185517408669e-02 -8.3652040731944965e-01 4.1701570316361963e-06
-7.9956679389633828e-02 -8.7014273859184066e-01 2.7921096707942390e-05
-7.8589413054715521e-02 8.4243615412238548e-01 -2.8530791661168015e-06
-7.5684789698243646e-02 8.7609207035583303e-01 -1.3010025365105431e-05
-7.5330260869567206e-02 6.1307906594056757e-02 1.0683063951030400e-05
-7.2578946012993417e-02 -9.0203680025999378e-01 6.2292568286230918e-05
-7.1694702242741909e-02 8.0246094320893357e-02 1.8619236009421812e-06
-7.1524973684174320e-02 4.2117836404452942e-02 2.3815450656261923e-05
-6.9792963281530063e-02 9.0566265021733472e-01 -2.1893089353753555e-05
-6.9552217915103451e-02 -5.6807369524224091e-02 -2.9936702738961196e-05
-6.7960348651235680e-02 -8.5784469026484367e-01 5.5820485328883795e-06
-6.7783239694933967e-02 -3.9489638283958704e-02 -4.6965441052731346e-05
-6.6237713212856791e-02 -7.5686312832521932e-02 -6.9512842330904196e-06
-6.4456585491775825e-02 -8.9124584847465305e-01 3.2501875527733869e-05
-6.3832844226271598e-02 8.6363578151550235e-01 -2.6930122218942432e-06
-6.0006749056737432e-02 8.9706329999136802e-01 -1.1638399172876938e-05
-5.6201172899652353e-02 -9.2281417095519780e-01 6.6302344343567457e-05
-5.4103289098581232e-02 4.5996287048293491e-02 1.4502443092152014e-05
-5.3308398076101597e-02 9.2635540340864575e-01 -1.8087326493901079e-05
-5.2740828958036751e-02 -8.7871446396712749e-01 6.5756718935104966e-06
-5.1284037122436212e-02 6.4433306775626809e-02 2.8271326568129749e-06
-4.9229439406030459e-02 2.7898715871556748e-02 2.9309058354448217e-05
-4.8442200300442141e-02 8.8437970632689256e-01 -2.4245453874241694e-06
-4.8329658221039053e-02 -9.1187392989285854e-01 3.4920536438217161e-05
-4.7879088890347470e-02 -4.2136434019487329e-02 -1.9313184952643881e-05
-4.5375089189543527e-02 -6.0476886665615001e-02 -4.7690624902992405e-06
-4.5216825736360718e-02 -2.5706320347758663e-02 -2.6678119201379362e-05
-4.3711644338230701e-02 9.1755879923845229e-01 -9.6357723562183696e-06
-3.9218603020177947e-02 -9.4310021060669669e-01 6.6373196081457247e-05
-3.6899731975084046e-02 -8.9911646420301239e-01 7.1228644543019885e-06
-3.6223857137281684e-02 9.4655563130595399e-01 -1.2961428120873447e-05
-3.2432464744900288e-02 9.0464968278743818e-01 -2.0264965672788118e-06
-3.1600788802887761e-02 -9.3201692013487225e-01 3.5230529123570411e-05
-3.1257936849687085e-02 3.3238109845269669e-02 2.0715059036648726e-05
-2.9249199292922384e-02 -8.3942441288445102e-01 2.6781636198170121e-09
-2.9249199292922384e-02 -7.3449636127389473e-01 -2.3063955982301603e-18
-2.9249199292922384e-02 -6.2956830966333832e-01 -1.6828160258375136e-26
-2.9249199292922384e-02 -5.2464025805278192e-01 -5.3334576120419055e-34
-2.9249199292922384e-02 -4.1971220644222551e-01 1.7375798042122850e-36
-2.9249199292922384e-02 -3.1478415483166911e-01 6.7036284491864069e-32
-2.9249199292922384e-02 -2.0985610322111281e-01 -3.6997973591238163e-21
-2.9249199292922384e-02 -1.0492805161055641e-01 -1.1896828786751697e-09
-2.9249199292922384e-02 1.0492805161055641e-01 5.3208036729298246e-10
-2.9249199292922384e-02 2.0985610322111281e-01 -1.2007423775774958e-21
-2.9249199292922384e-02 3.1478415483166922e-01 -2.0856765859647586e-32
-2.9249199292922384e-02 4.1971220644222562e-01 6.0238706663022209e-37
-2.9249199292922384e-02 5.2464025805278203e-01 2.6294616019935859e-35
-2.9249199292922384e-02 6.2956830966333843e-01 -3.5960848193078938e-27
-2.9249199292922384e-02 7.3449636127389484e-01 -1.0510122655333769e-17
-2.9249199292922384e-02 8.3942441288445102e-01 -1.2163578962329848e-09
-2.9200230933149364e-02 5.1068778997883861e-02 4.3630376552305813e-06
-2.6817031361904713e-02 9.3756302667029134e-01 -6.9274747231354779e-06
-2.5348014206744721e-02 1.6564231291120144e-02 3.6569577194947323e-05
-2.4567937799929614e-02 -3.0258363659642667e-02 -1.4246451107549372e-05
-2.2811735617256221e-02 -4.7945906234770699e-02 -4.0093890109081631e-06
-2.1653678862336091e-02 -9.6288415566052943e-01 6.2727010091931357e-05
-2.1055688988980990e-02 -1.4988553633064649e-02 -1.0355814480424977e-05
-2.0459719602556874e-02 -9.1903905457702262e-01 7.2323586683962234e-06
-1.8560395985420912e-02 9.6625165150532877e-01 -6.6510509763880120e-06
-1.5829712236377073e-02 9.2443684228954714e-01 -1.4834063815260128e-06
-1.4290510469852467e-02 -9.5166253822105029e-01 3.3537370940927566e-05
-9.3469588004422531e-03 9.5706669589013649e-01 -3.5873363956589789e-06
-6.7041530630578853e-03 2.4269944906623965e-02 3.3526425040459389e-05
-5.3091359881790113e-03 4.1362901945163177e-02 9.4237172949752182e-06
-3.5265012681059060e-03 -9.8215426769626701e-01 5.5807484337764125e-05
-3.4393214135654540e-03 -9.3846819930097225e-01 6.9224777716045064e-06
-3.3812127766262058e-04 9.8543186783359360e-01 6.9756139109881330e-07
1.8435013877342698e-04 9.9931269960404634e-03 4.0963839698276034e-05
5.0198562405895212e-04 -2.2996084851284477e-02 -6.7393511498879124e-06
1.3460731648181831e-03 9.4372872953862030e-01 -8.0823862447671827e-07
1.6365332244998587e-03 -3.9863322936096818e-02 -4.0583543475365433e-06
3.5811064331150665e-03 -9.7079896937217669e-01 3.0063951401976041e-05
4.5807258804225351e-03 -8.8769480778160808e-03 1.2634165500736489e-05
8.6785196073082393e-03 9.7605825115033584e-01 3.0731894753443768e-07
1.4140644105522349e-02 -9.5739254575996668e-01 6.2377522276696696e-06
1.5142824374034974e-02 -1.0008996404593882e+00 4.6195976406202318e-05
1.7148493118800609e-02 1.5311241073903059e-02 2.3583828605743994e-05
1.8422861369102581e-02 1.0040855136984950e+00 8.8085346327268236e-06
1.9074869038318586e-02 9.6251373764802173e-01 -1.6100810851533159e-08
1.9483677052006404e-02 3.4806873987457507e-02 6.7108367337421952e-06
2.1085758740255731e-02 -9.1660719732588290e-03 1.1993469544644989e-05
2.1993981685541154e-02 -9.8941523429455369e-01 2.5114157427506371e-05
2.5347661010834705e-02 -3.0800220650238765e-02 9.2687358817238040e-07
2.7239350723357543e-02 9.9452696625416748e-01 4.6098313192095222e-06
3.2258482232220893e-02 -9.7580259746616183e-01 5.2421220620725636e-06
3.4334220731464395e-02 -1.0191101833766867e+00 3.4564479905652072e-05
3.6536366535394167e-02 1.6007013771803281e-02 4.6633716696687424e-06
3.7336700068512356e-02 9.8078103996967048e-01 8.6374605562481510e-07
3.7702479783634203e-02 1.0222026353980593e+00 1.7282194490451767e-05
3.8795196930352868e-02 -9.2737586532626523e-03 3.3424020553809877e-06
4.0928058053257242e-02 -1.0075011729386698e+00 1.9043697188964001e-05
4.6315514457827937e-02 1.0124629279211708e+00 9.1070509090963349e-06
5.0894232577533526e-02 -9.9368821823170450e-01 4.0087665117414238e-06
5.4027669917179472e-02 -1.0367766038745940e+00 2.1633209706517218e-05
5.6111628067156985e-02 9.9852060474234328e-01 1.7879361299321927e-06
5.7480726425976736e-02 1.0397740742436714e+00 2.5613367735675278e-05
6.0363332947098038e-02 -1.0250474270469956e+00 1.2236811514548500e-05
6.1175759276952374e-02 -9.4435246449500743e-01 2.1304242064092339e-09
6.1175759276952374e-02 -8.3942441288445102e-01 3.5626148273204744e-20
6.1175759276952374e-02 -7.3449636127389473e-01 1.7944974558984744e-35
6.1175759276952374e-02 -6.2956830966333832e-01 -4.2413715841271128e-51
6.1175759276952374e-02 -5.2464025805278192e-01 -2.0401056186996518e-63
6.1175759276952374e-02 -4.1971220644222551e-01 1.0595092958633998e-67
6.1175759276952374e-02 -3.1478415483166911e-01 5.6927315648840148e-60
6.1175759276952374e-02 -2.0985610322111281e-01 -1.5511807421901924e-36
6.1175759276952374e-02 -1.0492805161055641e-01 4.3929426783978790e-15
6.1175759276952374e-02 0.0000000000000000e+00 1.6699297616325738e-07
6.1175759276952374e-02 1.0492805161055641e-01 1.7858316644417589e-14
6.1175759276952374e-02 2.0985610322111281e-01 8.1869146594025814e-36
6.1175759276952374e-02 3.1478415483166922e-01 -2.0365660704276074e-59
6.1175759276952374e-02 4.1971220644222562e-01 3.3982227649694585e-68
6.1175759276952374e-02 5.2464025805278203e-01 -4.6993661837869550e-65
6.1175759276952374e-02 6.2956830966333843e-01 -1.6494451108472152e-51
6.1175759276952374e-02 7.3449636127389484e-01 -1.4100029879869340e-35
6.1175759276952374e-02 8.3942441288445102e-01 -9.0312025407413796e-21
6.1175759276952374e-02 9.4435246449500743e-01 2.2481819891061311e-10
6.5887054999220054e-02 1.0298570179637720e+00 1.3529240067272179e-05
7.0027988096472885e-02 -1.0110400729341191e+00 2.6171258431122121e-06
7.4203243625559703e-02 -1.0538903885661812e+00 8.1308915750716395e-06
7.5379223475306165e-02 1.0157238180810857e+00 2.7012566061084772e-06
7.7737688312435244e-02 1.0567914475628675e+00 3.3223083931913859e-05
8.0279888836437566e-02 -1.0420454215563504e+00 5.0845381813255187e-06
8.5934110786700976e-02 1.0467008943410951e+00 1.7567833602956719e-05
8.9639925539473642e-02 -1.0278496090096887e+00 1.1483645481615385e-06
9.4841131975855988e-02 -1.0704437833739679e+00 -5.2057591230976056e-06
9.5120231394732455e-02 1.0323816535865025e+00 3.5397551289973129e-06
9.8453575642143604e-02 1.0732471286491898e+00 3.9594157205181667e-05
1.0065792237861222e-01 -1.0584873449216314e+00 -2.0205504073008076e-06
1.0643694318654455e-01 1.0629869711571798e+00 2.0947414873820344e-05
1.0971033462376739e-01 -1.0441090368654447e+00 -3.1637604224670133e-07
1.1531470696494647e-01 1.0484867294593085e+00 4.2455963086463423e-06
1.1592319863428167e-01 -1.0864276976287395e+00 -1.7726410450080532e-05
1.1961038930105668e-01 1.0891319756102726e+00 4.4083754179848690e-05
1.2147777222849594e-01 -1.0743661284289778e+00 -8.7215730264972463e-06
1.2737722862104778e-01 1.0787066625835646e+00 2.3324724900871581e-05
1.3022061390435763e-01 -1.0598100072669101e+00 -1.7017746000104906e-06
1.3594306719112689e-01 1.0640321696654595e+00 4.7502501418517682e-06
1.3743044047957259e-01 -1.1018347440843681e+00 -2.8888272365061194e-05
1.4118900564310824e-01 1.1044388981973932e+00 4.6118038089217769e-05
1.4271994549566483e-01 -1.0896754245675206e+00 -1.4729420174725661e-05
1.4873640579861816e-01 1.0938522700486395e+00 2.4390967407581660e-05
1.5115231643043431e-01 -1.0749445903385502e+00 -2.9464390793101037e-06
1.5160071784682713e-01 -1.0492805161055638e+00 -9.2869615658145675e-08
1.5160071784682713e-01 -9.4435246449500743e-01 6.2510238236172888e-19
1.5160071784682713e-01 -8.3942441288445102e-01 1.3004710597527560e-36
1.5160071784682713e-01 -7.3449636127389473e-01 1.6507170173626365e-59
1.5160071784682713e-01 -6.2956830966333832e-01 -3.3573554802658338e-84
1.5160071784682713e-01 -5.2464025805278192e-01 -1.3484413331781672e-102
1.5160071784682713e-01 -4.1971220644222551e-01 1.6516458406830352e-109
1.5160071784682713e-01 -3.1478415483166911e-01 1.3379931820059751e-84
1.5160071784682713e-01 -2.0985610322111281e-01 1.0237399352731838e-48
1.5160071784682713e-01 -1.0492805161055641e-01 3.4602897807724483e-27
1.5160071784682713e-01 0.0000000000000000e+00 5.2373441824389459e-20
1.5160071784682713e-01 1.0492805161055641e-01 3.5804849715645611e-27
1.5160071784682713e-01 2.0985610322111281e-01 1.1140813329372863e-48
1.5160071784682713e-01 3.1478415483166922e-01 1.5926488411414891e-84
1.5160071784682713e-01 4.1971220644222562e-01 4.6289845074332764e-110
1.5160071784682713e-01 5.2464025805278203e-01 -1.2877547112007701e-103
1.5160071784682713e-01 6.2956830966333843e-01 -8.0984967617903801e-84
1.5160071784682713e-01 7.3449636127389484e-01 -5.7259654134702975e-60
1.5160071784682713e-01 8.3942441288445102e-01 3.4934359335607525e-38
1.5160071784682713e-01 9.4435246449500743e-01 1.2720302078949430e-18
1.5160071784682713e-01 1.0492805161055638e+00 1.9772289857765082e-07
1.5698590210823610e-01 1.0790118164164830e+00 4.9888558334360364e-06
1.5934185551887306e-01 -1.1166613524519915e+00 -3.8217977499192623e-05
1.6316847727933323e-01 1.1191644353585946e+00 4.5327499945391917e-05
1.6436858129615295e-01 -1.1044043678197319e+00 -1.9781050708078269e-05
1.7049346335444659e-01 1.1084205223533605e+00 2.3956280738289612e-05
1.7248468247665674e-01 -1.0895089729743332e+00 -3.9973593037144269e-06
1.7842447129659503e-01 1.0934194847050520e+00 4.9191300514237485e-06
1.8163963859802004e-01 -1.1309003587330773e+00 -4.5276810658225394e-05
1.8553140654284897e-01 1.1333009079325966e+00 4.1577070510270615e-05
1.8640173232797930e-01 -1.1185516047510362e+00 -2.3642747791454953e-05
1.9263016917675227e-01 1.1224052267219566e+00 2.1947747586350706e-05
1.9419862605297675e-01 -1.1034981718174470e+00 -4.8059855334813216e-06
2.0024273974403198e-01 1.1072454215659273e+00 4.5241089425392687e-06
2.0430681331576278e-01 -1.1445436558137945e+00 -4.9914815125696402e-05
2.0826014895066738e-01 1.1468413864676337e+00 3.4624990427119651e-05
2.0880065160982331e-01 -1.1321123777035131e+00 -2.6227763229825651e-05
2.1513051906738884e-01 1.1357970180399375e+00 1.8234854973331121e-05
2.1627879555445872e-01 -1.1169019041693897e+00 -5.3486590749650862e-06
2.2241870996833085e-01 1.1204900124466728e+00 3.7803299479047836e-06
2.2732144646225366e-01 -1.1575923536873218e+00 -5.1944886989972928e-05
2.3133361453065279e-01 1.1597857644304443e+00 2.4846886394248127e-05
2.3155038552786839e-01 -1.1450760215531453e+00 -2.7424759964527669e-05
2.3797231592722659e-01 1.1485977536535559e+00 1.3026393067022168e-05
2.3870391975790115e-01 -1.1297201358535653e+00 -5.6090433121714712e-06
2.4202567641670189e-01 -1.0492805161055638e+00 -5.1664895332655876e-13
2.4202567641670189e-01 -9.4435246449500743e-01 -5.5182057842743130e-31
2.4202567641670189e-01 -8.3942441288445102e-01 2.3872218108352087e-57
2.4202567641670189e-01 -7.3449636127389473e-01 1.4060602070880145e-88
2.4202567641670189e-01 -6.2956830966333832e-01 2.1470630025645551e-122
2.4202567641670189e-01 -5.2464025805278192e-01 -8.0459823558719424e-151
2.4202567641670189e-01 -4.1971220644222551e-01 5.9378250678414492e-158
2.4202567641670189e-01 -3.1478415483166911e-01 9.5695121828111571e-108
2.4202567641670189e-01 -2.0985610322111281e-01 6.9667337518991825e-72
2.4202567641670189e-01 -1.0492805161055641e-01 2.2923427249264836e-50
2.4202567641670189e-01 0.0000000000000000e+00 3.4103712342413373e-43
2.4202567641670189e-01 1.0492805161055641e-01 2.2945631619794062e-50
2.4202567641670189e-01 2.0985610322111281e-01 6.9834968870969217e-72
2.4202567641670189e-01 3.1478415483166922e-01 9.6174424816196328e-108
2.4202567641670189e-01 4.1971220644222562e-01 5.9967585935646379e-158
2.4202567641670189e-01 5.2464025805278203e-01 -1.6641112451856030e-151
2.4202567641670189e-01 6.2956830966333843e-01 -1.2623308861533729e-122
2.4202567641670189e-01 7.3449636127389484e-01 -8.9745746009565745e-90
2.4202567641670189e-01 8.3942441288445102e-01 5.2903242011296607e-57
2.4202567641670189e-01 9.4435246449500743e-01 9.3941806175095555e-31
2.4202567641670189e-01 1.0492805161055638e+00 4.4412675365634312e-13
2.4493602212258136e-01 1.1331456400647402e+00 2.7244984937549201e-06
2.5067023942961913e-01 -1.1700332645453413e+00 -5.1420176887790743e-05
2.5462829566331630e-01 -1.1574460348871298e+00 -2.7266545399085560e-05
2.5473762905956260e-01 1.1721224675389770e+00 1.2436805910530252e-05
2.6114162540805508e-01 1.1607957177015891e+00 6.4237705180920380e-06
2.6145696296178328e-01 -1.1419468926628968e+00 -5.5872537371326751e-06
2.6777660332585551e-01 1.1452080624282297e+00 1.3809849087425791e-06
2.7433011360070697e-01 -1.1818718906325687e+00 -4.8425451310686527e-05
2.7802107233595008e-01 -1.1692097826437213e+00 -2.5782099380437580e-05
2.7845015609814650e-01 1.1838552652604077e+00 -1.8106920877495895e-06
2.8452045550827720e-01 -1.1535774551006501e+00 -5.2936591229085949e-06
2.8461642331322884e-01 1.1723949299648315e+00 -1.1454999598309245e-06
2.9092187405304276e-01 1.1566750380800035e+00 -1.6608323744752081e-07
2.9828775080921832e-01 -1.1930957420601245e+00 -4.3260910247639547e-05
3.0170659223582652e-01 -1.1803724100183068e+00 -2.3136829285150407e-05
3.0245675073728684e-01 1.1949740068553762e+00 -1.7316336840259148e-05
3.0787606851704880e-01 -1.1646097112178253e+00 -4.7577617776497905e-06
3.0838325857464072e-01 1.1833833767028923e+00 -9.3679704000339272e-06
3.1435511774906960e-01 1.1675414357035132e+00 -1.8505526917316100e-06
3.2252222914865664e-01 -1.2037086084312296e+00 -3.6160488717105365e-05
3.2567112719824454e-01 -1.1909227513021594e+00 -1.9444260412665121e-05
3.2673777335952009e-01 1.2054799479946505e+00 -3.2940216949765044e-05
3.3150652405550418e-01 -1.1750403193825731e+00 -4.0073071520492315e-06
3.3242090904134108e-01 1.1937660360397719e+00 -1.7646380802897123e-05
3.3245063498657668e-01 -1.1542085677161202e+00 -2.3433267836640849e-07
3.3245063498657668e-01 -1.0492805161055638e+00 -1.6246115807997106e-20
3.3245063498657668e-01 -9.4435246449500743e-01 -8.8434236447117617e-45
3.3245063498657668e-01 -8.3942441288445102e-01 -6.7467594786015639e-79
3.3245063498657668e-01 -7.3449636127389473e-01 9.0538726947790282e-121
3.3245063498657668e-01 -6.2956830966333832e-01 4.4675391750076831e-165
3.3245063498657668e-01 -5.2464025805278192e-01 -8.1539608426324610e-207
3.3245063498657668e-01 -4.1971220644222551e-01 8.6184485824486924e-192
3.3245063498657668e-01 -3.1478415483166911e-01 1.3854857005596870e-141
3.3245063498657668e-01 -2.0985610322111281e-01 1.0072737429392700e-105
3.3245063498657668e-01 -1.0492805161055641e-01 3.3118743264193067e-84
3.3245063498657668e-01 0.0000000000000000e+00 4.9247661622945814e-77
3.3245063498657668e-01 1.0492805161055641e-01 3.3119652512755107e-84
3.3245063498657668e-01 2.0985610322111281e-01 1.0073423962262520e-105
3.3245063498657668e-01 3.1478415483166922e-01 1.3856820972780984e-141
3.3245063498657668e-01 4.1971220644222562e-01 8.6208941125090303e-192
3.3245063498657668e-01 5.2464025805278203e-01 -8.9364671070686806e-207
3.3245063498657668e-01 6.2956830966333843e-01 -7.7768615733340224e-166
3.3245063498657668e-01 7.3449636127389484e-01 2.2985239010373765e-120
3.3245063498657668e-01 8.3942441288445102e-01 9.0378167343291230e-79
3.3245063498657668e-01 9.4435246449500743e-01 5.5023496338144776e-45
3.3245063498657668e-01 1.0492805161055638e+00 1.3899842044755724e-21
3.3245063498657668e-01 1.1542085677161202e+00 -1.4321321347504946e-07
3.3805865473580304e-01 1.1778048747576193e+00 -3.5496526857998747e-06
3.4701738781402192e-01 -1.2137051707937105e+00 -2.7652693886038538e-05
3.4989472606760469e-01 -1.2008638522802420e+00 -1.4993280888645688e-05
3.5127581200427266e-01 1.2153708076470462e+00 -4.7813856230956780e-05
3.5539540801666042e-01 -1.1848646547307415e+00 -3.0975984617210042e-06
3.5671437315579396e-01 1.2035352076953827e+00 -2.5499264758065245e-05
3.6201417493561294e-01 1.1874656385924660e+00 -5.1682958388862274e-06
3.7175691987781323e-01 -1.2230806580820595e+00 -1.8159551182375803e-05
3.7436052940653031e-01 -1.2101930723905447e+00 -9.9906283237849362e-06
3.7605589746147350e-01 1.2246386134485860e+00 -6.0969947153304970e-05
3.7952390262152252e-01 -1.1940848951797691e+00 -2.0731241409206511e-06
3.8124608857045378e-01 1.2126896538670169e+00 -3.2426711482481292e-05
3.8620743064403862e-01 1.1965146254837884e+00 -6.5955556776482030e-06
3.9672215612789036e-01 -1.2318374258690126e+00 -8.1306054411857182e-06
3.9905360879962948e-01 -1.2189029584416211e+00 -4.6873666522248669e-06
4.0105875525536966e-01 1.2332873751101741e+00 -7.1280863156291703e-05
4.0387714300073868e-01 -1.2026940553103007e+00 -9.8619890562763630e-07
4.0599823627439346e-01 1.2212301821923564e+00 -3.7837102295933982e-05
4.1061906848198904e-01 1.2049567134429913e+00 -7.7144784415148212e-06
4.2189660281530456e-01 -1.2399733470945851e+00 1.8260220116221244e-06
4.2287559355645143e-01 -1.1542085677161202e+00 -3.0830237290492344e-11
4.2287559355645143e-01 -1.0492805161055638e+00 -5.9684873108807506e-29
4.2287559355645143e-01 -9.4435246449500743e-01 -5.3299854683280025e-59
4.2287559355645143e-01 -8.3942441288445102e-01 -2.6760676982512849e-100
4.2287559355645143e-01 -7.3449636127389473e-01 -2.9329720453728675e-151
4.2287559355645143e-01 -6.2956830966333832e-01 3.2799411885812865e-209
4.2287559355645143e-01 -5.2464025805278192e-01 1.7233043572702125e-265
4.2287559355645143e-01 -4.1971220644222551e-01 2.7656761129796963e-236
4.2287559355645143e-01 -3.1478415483166911e-01 4.4457155165468815e-186
4.2287559355645143e-01 -2.0985610322111281e-01 3.2319921807567754e-150
4.2287559355645143e-01 -1.0492805161055641e-01 1.0626431679522914e-128
4.2287559355645143e-01 0.0000000000000000e+00 1.5801315941230019e-121
4.2287559355645143e-01 1.0492805161055641e-01 1.0626439952109125e-128
4.2287559355645143e-01 2.0985610322111281e-01 3.2319984270442967e-150
4.2287559355645143e-01 3.1478415483166922e-01 4.4457333856088878e-186
4.2287559355645143e-01 4.1971220644222562e-01 2.7656983647401705e-236
4.2287559355645143e-01 5.2464025805278203e-01 -6.0721293897758601e-266
4.2287559355645143e-01 6.2956830966333843e-01 1.0736564811011404e-208
4.2287559355645143e-01 7.3449636127389484e-01 2.9284888173646985e-151
4.2287559355645143e-01 8.3942441288445102e-01 7.0851481049743972e-101
4.2287559355645143e-01 9.4435246449500743e-01 -3.1559415356143246e-59
4.2287559355645143e-01 1.0492805161055638e+00 -1.3354120776459469e-28
4.2287559355645143e-01 1.1542085677161202e+00 -2.6400132066007773e-10
4.2395511707884176e-01 -1.2269976613856077e+00 5.9243668233324988e-07
4.2626791679534404e-01 1.2413150416002088e+00 -7.8037542879761055e-05
4.2843763721815425e-01 -1.2106927808960604e+00 9.7356844532474245e-08
4.3095489906938383e-01 1.2291533171258771e+00 -4.1342094597846583e-05
4.3523286602862715e-01 1.2127899377944806e+00 -8.4461244370655171e-06
4.4726514615548063e-01 -1.2474822549320412e+00 1.1223922237159555e-05
4.4904879047235291e-01 -1.2344754863584664e+00 5.5971666256656128e-06
4.5166762609979955e-01 1.2487178400919845e+00 -8.0614660900711529e-05
4.5318842844795409e-01 -1.2180816914218069e+00 1.1255828485975202e-06
4.5610031963466952e-01 1.2364553061291128e+00 -4.2610184456004941e-05
4.6003376193604106e-01 1.2200090036836659e+00 -8.7180764347411829e-06
4.7281004443936653e-01 -1.2543672960963554e+00 1.9612244147783416e-05
4.7431867714522014e-01 -1.2413344207340302e+00 1.0087132084184565e-05
4.7724150923647640e-01 1.2554944889250077e+00 -7.8632770372965441e-05
4.7811352021583081e-01 -1.2248595368878001e+00 2.0491241314882010e-06
4.8141703182099932e-01 1.2431391957169637e+00 -4.1461719421021699e-05
4.8500479065115937e-01 1.2266155458840593e+00 -8.4922417788925317e-06
4.9851503360054983e-01 -1.2606281962210542e+00 2.6595805018897224e-05
4.9974930795517192e-01 -1.2475710428547324e+00 1.3841816305828731e-05
5.0297267165342607e-01 1.2616469652286739e+00 -7.1966776487549655e-05
5.0319771860540052e-01 -1.2310225993817481e+00 2.8218319249875989e-06
5.0688909498063861e-01 1.2492042185411698e+00 -3.7834278046842485e-05
5.1012968557234006e-01 1.2326103737983554e+00 -7.7574281054670618e-06
5.1330055212632619e-01 -1.1542085677161202e+00 3.5804937116183570e-14
5.1330055212632619e-01 -1.0492805161055638e+00 1.4127497865709551e-36
5.1330055212632619e-01 -9.4435246449500743e-01 7.9989152122411191e-73
5.1330055212632619e-01 -8.3942441288445102e-01 -1.1922183357114042e-119
5.1330055212632619e-01 -7.3449636127389473e-01 -1.1907100051906187e-178
5.1330055212632619e-01 -6.2956830966333832e-01 -1.5637002635377034e-247
5.1330055212632619e-01 -5.2464025805278192e-01 9.8813129168249309e-323
5.1330055212632619e-01 -4.1971220644222551e-01 1.9717781049768616e-291
5.1330055212632619e-01 -3.1478415483166911e-01 3.1695489627238972e-241
5.1330055212632619e-01 -2.0985610322111281e-01 2.3042289070312320e-205
5.1330055212632619e-01 -1.0492805161055641e-01 7.5760444348174543e-184
5.1330055212632619e-01 0.0000000000000000e+00 1.1265439679013643e-176
5.1330055212632619e-01 1.0492805161055641e-01 7.5760446020600341e-184
5.1330055212632619e-01 2.0985610322111281e-01 2.3042290333092020e-205
5.1330055212632619e-01 3.1478415483166922e-01 3.1695493239736955e-241
5.1330055212632619e-01 4.1971220644222562e-01 1.9717785548300030e-291
5.1330055212632619e-01 5.2464025805278203e-01 5.7805680563425846e-322
5.1330055212632619e-01 6.2956830966333843e-01 9.0800123669502165e-248
5.1330055212632619e-01 7.3449636127389484e-01 -6.6339168096399897e-179
5.1330055212632619e-01 8.3942441288445102e-01 -4.1322772281866622e-119
5.1330055212632619e-01 9.4435246449500743e-01 -3.5893992242931085e-71
5.1330055212632619e-01 1.0492805161055638e+00 -7.5096931212293745e-36
5.1330055212632619e-01 1.1542085677161202e+00 -1.1372696275847781e-13
5.2436417834216154e-01 -1.2662644671102121e+00 3.1865433575779359e-05
5.2532376949728821e-01 -1.2531887240667932e+00 1.6694055560131799e-05
5.2842464248011278e-01 -1.2365725610844269e+00 3.4088600529264762e-06
5.2884520956116599e-01 1.2671748486951619e+00 -6.0782092438358605e-05
5.3250071246044273e-01 1.2546499940928777e+00 -3.1822515949067827e-05
5.3539279503115866e-01 1.2379931345031070e+00 -6.5330250664140128e-06
5.5034169317441439e-01 -1.2712760019053591e+00 3.5155396599146812e-05
5.5102639191098990e-01 -1.2581873597749980e+00 1.8502233673938807e-05
5.5377842662820187e-01 -1.2415106614417317e+00 3.7817389352711217e-06
5.5484337033019893e-01 1.2720780983841979e+00 -4.5623395922590245e-05
5.5823623958229807e-01 1.2594765191303159e+00 -2.3717488598282002e-05
5.6077861982306920e-01 1.2427638494839641e+00 -4.8779474358582144e-06
5.7643195008400183e-01 -1.2756630654391263e+00 3.6346383158705794e-05
5.7684166274874404e-01 -1.2625672147867699e+00 1.9200548978922663e-05
5.7924370407427783e-01 -1.2458371895185292e+00 3.9268934033930753e-06
5.8095156007160342e-01 1.2763570430620064e+00 -2.7255083960282631e-05
5.8408019118426457e-01 1.2636841580011953e+00 -1.3930970460392211e-05
5.8627182069443295e-01 1.2469229049500385e+00 -2.8762935118811453e-06
6.0261948576551982e-01 -1.2794262844968354e+00 3.5425328513822869e-05
6.0275423416389173e-01 -1.2663289135777642e+00 1.8778872205061992e-05
6.0372551069620095e-01 -1.1542085677161202e+00 8.3529540870520108e-17
6.0372551069620095e-01 -1.0492805161055638e+00 6.5792912743866642e-42
6.0372551069620095e-01 -9.4435246449500743e-01 6.9659133606042492e-81
6.0372551069620095e-01 -8.3942441288445102e-01 1.5846734518165025e-133
6.0372551069620095e-01 -7.3449636127389473e-01 1.5710876075697317e-199
6.0372551069620095e-01 -6.2956830966333832e-01 -2.3652258874217448e-278
6.0372551069620095e-01 -5.2464025805278192e-01 0.0000000000000000e+00
6.0372551069620095e-01 -4.1971220644222551e-01 0.0000000000000000e+00
6.0372551069620095e-01 -3.1478415483166911e-01 5.0211164759367416e-307
6.0372551069620095e-01 -2.0985610322111281e-01 3.6502989873094184e-271
6.0372551069620095e-01 -1.0492805161055641e-01 1.2001770646000128e-249
6.0372551069620095e-01 0.0000000000000000e+00 1.7846413510952533e-242
6.0372551069620095e-01 1.0492805161055641e-01 1.2001770653512901e-249
6.0372551069620095e-01 2.0985610322111281e-01 3.6502989929820044e-271
6.0372551069620095e-01 3.1478415483166922e-01 5.0211164921640250e-307
6.0372551069620095e-01 4.1971220644222562e-01 0.0000000000000000e+00
6.0372551069620095e-01 5.2464025805278203e-01 0.0000000000000000e+00
6.0372551069620095e-01 6.2956830966333843e-01 -3.7023802383458094e-277
6.0372551069620095e-01 7.3449636127389484e-01 -6.9035928432372392e-199
6.0372551069620095e-01 8.3942441288445102e-01 -3.7062847249238621e-133
6.0372551069620095e-01 9.4435246449500743e-01 -1.0770339135661893e-80
6.0372551069620095e-01 1.0492805161055638e+00 -6.8519277925188962e-42
6.0372551069620095e-01 1.1542085677161202e+00 -5.4591251539329768e-17
6.0480527287820984e-01 -1.2495527911839874e+00 3.8421605283760244e-06
6.0715435078010083e-01 1.2800123714516918e+00 -6.6685571591369315e-06
6.1001728879351347e-01 1.2672733156923028e+00 -2.9946963403951461e-06
6.1185722539157861e-01 1.2504710420613536e+00 -6.3724990095014118e-07
6.2874892966257268e-01 -1.2694734304834343e+00 1.7283471399089316e-05
6.2888900841684003e-01 -1.2825666380032807e+00 3.2485487863329865e-05
6.3044810283292307e-01 -1.2526584592958232e+00 3.5369734948408534e-06
6.3343648704165634e-01 1.2830451224122623e+00 1.4979019492254799e-05
6.3603236467464963e-01 1.2702450600696349e+00 8.4723886562000826e-06
6.3751983527397804e-01 1.2534093470865928e+00 1.7120928636698670e-06
6.5481075042233039e-01 -1.2720020798336094e+00 1.4813941578226726e-05
6.5522540410100061e-01 -1.2850854471517428e+00 2.7720002441935626e-05
6.5615734172875240e-01 -1.2551555238285206e+00 3.0317651911344254e-06
6.5978289230830889e-01 1.2854566750632819e+00 3.6437509542140927e-05
6.6211035721565970e-01 1.2726017297232743e+00 1.9805445894582289e-05
6.6324483759485942e-01 1.2557391639921633e+00 4.0348575338953394e-06
6.8092488118058736e-01 -1.2739165060468818e+00 1.1517238934211756e-05
6.8161374267779418e-01 -1.2869843654920363e+00 2.1410282564060749e-05
6.8191832118757423e-01 -1.2570456419623224e+00 2.3567527372253641e-06
6.8617867474352789e-01 1.2872487388719067e+00 5.6442910958502234e-05
6.8823652975034055e-01 1.2743450572892054e+00 3.0335651539034631e-05
6.8901758074831654e-01 1.2574624720912451e+00 6.1933170479687687e-06
6.9415046926607571e-01 -1.1542085677161202e+00 1.0480059639540447e-18
6.9415046926607571e-01 -1.0492805161055638e+00 2.4166055059426041e-45
6.9415046926607571e-01 -9.4435246449500743e-01 3.0166620398618674e-86
6.9415046926607571e-01 -8.3942441288445102e-01 2.2037127115971587e-141
6.9415046926607571e-01 -7.3449636127389473e-01 1.0759439326593188e-210
6.9415046926607571e-01 -6.2956830966333832e-01 4.4957276553287869e-294
6.9415046926607571e-01 -5.2464025805278192e-01 0.0000000000000000e+00
6.9415046926607571e-01 -4.1971220644222551e-01 0.0000000000000000e+00
6.9415046926607571e-01 -3.1478415483166911e-01 0.0000000000000000e+00
6.9415046926607571e-01 -2.0985610322111281e-01 0.0000000000000000e+00
6.9415046926607571e-01 -1.0492805161055641e-01 0.0000000000000000e+00
6.9415046926607571e-01 0.0000000000000000e+00 6.2820446868714498e-319
6.9415046926607571e-01 1.0492805161055641e-01 0.0000000000000000e+00
6.9415046926607571e-01 2.0985610322111281e-01 0.0000000000000000e+00
6.9415046926607571e-01 3.1478415483166922e-01 0.0000000000000000e+00
6.9415046926607571e-01 4.1971220644222562e-01 0.0000000000000000e+00
6.9415046926607571e-01 5.2464025805278203e-01 0.0000000000000000e+00
6.9415046926607571e-01 6.2956830966333843e-01 2.0858290410607665e-295
6.9415046926607571e-01 7.3449636127389484e-01 7.5850994260043993e-211
6.9415046926607571e-01 8.3942441288445102e-01 2.8360520539888332e-141
6.9415046926607571e-01 9.4435246449500743e-01 5.5122912908945315e-86
6.9415046926607571e-01 1.0492805161055638e+00 5.6583169380961441e-45
6.9415046926607571e-01 1.1542085677161202e+00 2.9733129544135167e-18
7.0707669569678477e-01 -1.2752186737013549e+00 7.5793634217326200e-06
7.0771656207052502e-01 -1.2583307881495394e+00 1.5502171778471837e-06
7.0803928330883636e-01 -1.2882653689941559e+00 1.3910162757140404e-05
7.1260913264200265e-01 1.2884233437188075e+00 7.3797114586116459e-05
7.1439636037098941e-01 1.2754763075147022e+00 3.9429285523259202e-05
7.1482364059967185e-01 1.2585811009335817e+00 8.0572672771886399e-06
7.3325176179259355e-01 -1.2759108575980351e+00 3.2152662656256222e-06
7.3353777946371690e-01 -1.2590132441744737e+00 6.5639772476977876e-07
7.3448747954049987e-01 -1.2889307461037944e+00 5.6268935502442063e-06
7.3905975942836877e-01 1.2889828299592010e+00 8.7442760124071292e-05
7.4057544371262884e-01 1.2759976277645562e+00 4.6529460695985417e-05
7.4064876438223537e-01 1.2590974955118415e+00 9.5125428159520396e-06
7.5936788724693405e-01 -1.2590955892229145e+00 -2.7687980521271079e-07
7.5943584597514657e-01 -1.2759956328328355e+00 -1.3423968256789639e-06
7.6094398396967733e-01 -1.2889830878057242e+00 -2.9998454255301346e-06
7.6551624823993714e-01 1.2889298384949071e+00 9.6528173380639742e-05
7.6647890568694765e-01 1.2590143187408687e+00 1.0467854234990236e-05
7.6675956401215251e-01 1.2759120777048318e+00 5.1192396769896073e-05
7.8457542783595047e-01 -1.1542085677161202e+00 -4.1625162419800288e-19
7.8457542783595047e-01 -1.0492805161055638e+00 -6.6187264618995311e-46
7.8457542783595047e-01 -9.4435246449500743e-01 -5.1537667023549510e-87
7.8457542783595047e-01 -8.3942441288445102e-01 -2.0278388233398877e-142
7.8457542783595047e-01 -7.3449636127389473e-01 -4.2439839072344417e-212
7.8457542783595047e-01 -6.2956830966333832e-01 -5.1749577660610254e-296
7.8457542783595047e-01 -5.2464025805278192e-01 0.0000000000000000e+00
7.8457542783595047e-01 -4.1971220644222551e-01 0.0000000000000000e+00
7.8457542783595047e-01 -3.1478415483166911e-01 0.0000000000000000e+00
7.8457542783595047e-01 -2.0985610322111281e-01 0.0000000000000000e+00
7.8457542783595047e-01 -1.0492805161055641e-01 0.0000000000000000e+00
7.8457542783595047e-01 0.0000000000000000e+00 0.0000000000000000e+00
7.8457542783595047e-01 1.0492805161055641e-01 0.0000000000000000e+00
7.8457542783595047e-01 2.0985610322111281e-01 0.0000000000000000e+00
7.8457542783595047e-01 3.1478415483166922e-01 0.0000000000000000e+00
7.8457542783595047e-01 4.1971220644222562e-01 0.0000000000000000e+00
7.8457542783595047e-01 5.2464025805278203e-01 0.0000000000000000e+00
7.8457542783595047e-01 6.2956830966333843e-01 2.0766038275919467e-295
7.8457542783595047e-01 7.3449636127389484e-01 2.0835020299441072e-211
7.8457542783595047e-01 8.3942441288445102e-01 1.1720506460666721e-141
7.8457542783595047e-01 9.4435246449500743e-01 3.4204109026374191e-86
7.8457542783595047e-01 1.0492805161055638e+00 4.9539284774024565e-45
7.8457542783595047e-01 1.1542085677161202e+00 3.4659864298026095e-18
7.8519300225086841e-01 -1.2585806899768972e+00 -1.2005750467750708e-06
7.8561491764884872e-01 -1.2754758648928795e+00 -5.8541654175828773e-06
7.8739465249788443e-01 -1.2884252777107179e+00 -1.1517643523059546e-05
7.9196449609907060e-01 1.2882673008730501e+00 1.0046066883654691e-04
7.9230022243773379e-01 1.2583345190612152e+00 1.0860774317244933e-05
7.9293473176594031e-01 1.2752226070164818e+00 5.3112758473012521e-05
8.1099944800899493e-01 -1.2574716907500536e+00 -2.0637040079080634e-06
8.1177515292185387e-01 -1.2743546997924278e+00 -1.0070289554768749e-05
8.1382554817980701e-01 -1.2872604821813498e+00 -1.9449089453144148e-05
8.1809908056306835e-01 1.2570613205702892e+00 1.0664747281829527e-05
8.1839060768139449e-01 1.2869984294266645e+00 9.8976332243019604e-05
8.1908716553053695e-01 1.2739324439322730e+00 5.2160166693851988e-05
8.3677375811073873e-01 -1.2557720036785394e+00 -2.8258810569591566e-06
8.3790293801382454e-01 -1.2726355542634189e+00 -1.3795529892328511e-05
8.4022294467287251e-01 -1.2854921405116677e+00 -2.6430415760301721e-05
8.4386205726988461e-01 1.2551982132120481e+00 9.8794610389913516e-06
8.4478089868655948e-01 1.2851267074721264e+00 9.2048003360789074e-05
8.4520329525113103e-01 1.2720450854248659e+00 4.8332360800367933e-05
8.6250245145020477e-01 -1.2534830415236309e+00 -3.4470898913973532e-06
8.6398454284431481e-01 -1.2703188401935410e+00 -1.6835788027688653e-05
8.6657332929502717e-01 -1.2831239551753570e+00 -3.2105634766899002e-05
8.6957594392709048e-01 1.2527489430397671e+00 8.5418570678491172e-06
8.7112173437878671e-01 1.2826543228817726e+00 7.9985236105643419e-05
8.7126976519961330e-01 1.2695642874670106e+00 4.1807131835695987e-05
8.7500038640582523e-01 -1.1542085677161202e+00 -2.4205345754718139e-17
8.7500038640582523e-01 -1.0492805161055638e+00 -5.8822384529714415e-43
8.7500038640582523e-01 -9.4435246449500743e-01 -1.3699787560267399e-82
8.7500038640582523e-01 -8.3942441288445102e-01 -4.1415933624380623e-136
8.7500038640582523e-01 -7.3449636127389473e-01 -2.6317616762542960e-203
8.7500038640582523e-01 -6.2956830966333832e-01 -7.6533735892441836e-284
8.7500038640582523e-01 -5.2464025805278192e-01 0.0000000000000000e+00
8.7500038640582523e-01 -4.1971220644222551e-01 0.0000000000000000e+00
8.7500038640582523e-01 -3.1478415483166911e-01 0.0000000000000000e+00
8.7500038640582523e-01 -2.0985610322111281e-01 0.0000000000000000e+00
8.7500038640582523e-01 -1.0492805161055641e-01 0.0000000000000000e+00
8.7500038640582523e-01 0.0000000000000000e+00 0.0000000000000000e+00
8.7500038640582523e-01 1.0492805161055641e-01 0.0000000000000000e+00
8.7500038640582523e-01 2.0985610322111281e-01 0.0000000000000000e+00
8.7500038640582523e-01 3.1478415483166922e-01 0.0000000000000000e+00
8.7500038640582523e-01 4.1971220644222562e-01 0.0000000000000000e+00
8.7500038640582523e-01 5.2464025805278203e-01 0.0000000000000000e+00
8.7500038640582523e-01 6.2956830966333843e-01 -1.5425193235257584e-283
8.7500038640582523e-01 7.3449636127389484e-01 -8.6923606890742776e-204
8.7500038640582523e-01 8.3942441288445102e-01 2.0710736241703943e-136
8.7500038640582523e-01 9.4435246449500743e-01 1.4632389714731091e-82
8.7500038640582523e-01 1.0492805161055638e+00 8.9250642804100943e-43
8.7500038640582523e-01 1.1542085677161202e+00 4.5994996019475624e-17
8.8817230647753997e-01 -1.2506085454032767e+00 -3.8940042675410692e-06
8.9000675268429785e-01 -1.2674101217597622e+00 -1.9029737337660814e-05
8.9286312051522299e-01 -1.2801575958294085e+00 -3.6173303112056939e-05
8.9522774856646570e-01 1.2497175025660585e+00 6.7181639616965596e-06
8.9727343652995672e-01 1.2664940553780237e+00 3.2905577599804070e-05
8.9739948385944879e-01 1.2795832208927322e+00 6.3376927384603814e-05
9.1377061441979679e-01 -1.2471546059430756e+00 -4.1428368613467306e-06
9.1595665002760451e-01 -1.2639147004302140e+00 -2.0256779232457355e-05
9.1907892707034322e-01 -1.2765962612567732e+00 -3.8407751097769680e-05
9.2080405605925997e-01 1.2461039407018140e+00 4.4971029001541367e-06
9.2320062562445404e-01 1.2628336600191392e+00 2.2064397360579876e-05
9.2360132924978400e-01 1.2759207512705644e+00 4.3066696050517541e-05
9.3928473984820526e-01 -1.2431256319289077e+00 -4.1763175220959612e-06
9.4182145290771635e-01 -1.2598370014853659e+00 -2.0431124117642001e-05
9.4520813771078027e-01 -1.2724471934470456e+00 -3.8643091270258538e-05
9.4629246489761887e-01 1.2419152724438240e+00 1.9996860015888226e-06
9.4903897334007259e-01 1.2585915204129561e+00 9.8698692668374389e-06
9.4971442163631148e-01 1.2716714076511526e+00 2.0129311882837620e-05
9.6470226975123663e-01 -1.2385262538780482e+00 -3.9932128921494335e-06
9.6542534497569987e-01 -1.1542085677161202e+00 -7.2741839945371772e-15
9.6542534497569987e-01 -1.0492805161055638e+00 -4.2617781529043981e-38
9.6542534497569987e-01 -9.4435246449500743e-01 -7.7729399140844500e-75
9.6542534497569987e-01 -8.3942441288445102e-01 -6.5931642668915787e-125
9.6542534497569987e-01 -7.3449636127389473e-01 4.8436306969592425e-187
9.6542534497569987e-01 -6.2956830966333832e-01 2.4731671561811462e-260
9.6542534497569987e-01 -5.2464025805278192e-01 0.0000000000000000e+00
9.6542534497569987e-01 -4.1971220644222551e-01 0.0000000000000000e+00
9.6542534497569987e-01 -3.1478415483166911e-01 0.0000000000000000e+00
9.6542534497569987e-01 -2.0985610322111281e-01 0.0000000000000000e+00
9.6542534497569987e-01 -1.0492805161055641e-01 0.0000000000000000e+00
9.6542534497569987e-01 0.0000000000000000e+00 0.0000000000000000e+00
9.6542534497569987e-01 1.0492805161055641e-01 0.0000000000000000e+00
9.6542534497569987e-01 2.0985610322111281e-01 0.0000000000000000e+00
9.6542534497569987e-01 3.1478415483166922e-01 0.0000000000000000e+00
9.6542534497569987e-01 4.1971220644222562e-01 0.0000000000000000e+00
9.6542534497569987e-01 5.2464025805278203e-01 0.0000000000000000e+00
9.6542534497569987e-01 6.2956830966333843e-01 -8.2362161667370303e-260
9.6542534497569987e-01 7.3449636127389484e-01 -5.5581388555379000e-186
9.6542534497569987e-01 8.3942441288445102e-01 -7.2144049743903676e-124
9.6542534497569987e-01 9.4435246449500743e-01 -2.4304655895110235e-74
9.6542534497569987e-01 1.0492805161055638e+00 -5.7713418859225058e-38
9.6542534497569987e-01 1.1542085677161202e+00 -3.4333636314524739e-15
9.6758855854223114e-01 -1.2551814483353594e+00 -1.9547088695082404e-05
9.7123808370692477e-01 -1.2677150760064066e+00 -3.6871741075974275e-05
9.7168075870792836e-01 1.2371573385508519e+00 -6.4493543141400488e-07
9.7477604108643101e-01 1.2537729093065995e+00 -3.0504047265349229e-06
9.7572613563236321e-01 1.2668399085955551e+00 -4.2610426036140633e-06
9.9000984872535303e-01 -1.2333559400011314e+00 -3.6001963429237220e-06
9.9324424030300584e-01 -1.2499465692316343e+00 -1.7641406639997661e-05
9.9695679761111744e-01 1.2318350484316651e+00 -3.3018262182271568e-06
9.9715597974534664e-01 -1.2624032366330142e+00 -3.3184784244083329e-05
1.0003995436058171e+00 1.2483827607479301e+00 -1.6036678701033857e-05
1.0016226668377011e+00 1.2614248616453725e+00 -2.8856696179101044e-05
1.0151960142237437e+00 -1.2276234692575381e+00 -3.0125071556644077e-06
1.0187773843091783e+00 -1.2441435784266430e+00 -1.4782791663757032e-05
1.0221074471976335e+00 1.2259485695600623e+00 -5.8347919810631337e-06
1.0229484633413848e+00 -1.2565125359321525e+00 -2.7706900208248394e-05
1.0258958995239185e+00 1.2424200453620891e+00 -2.8425770739875283e-05
1.0273926502174147e+00 1.2554366025591877e+00 -5.2406237101379674e-05
1.0402492306351143e+00 -1.2213353287044590e+00 -2.2505266679380629e-06
1.0441760757630558e+00 -1.2377777727518153e+00 -1.1067766313723187e-05
1.0471212827075524e+00 1.2195055492085065e+00 -8.1087888579217962e-06
1.0486045514450986e+00 -1.2500537112007357e+00 -2.0612934881935441e-05
1.0512540605144038e+00 1.2358946958646879e+00 -3.9559383318532452e-05
1.0530242487488173e+00 1.2488812155117499e+00 -7.3655068221770232e-05
1.0558503035455746e+00 -1.1542085677161202e+00 -3.2113959972599072e-12
1.0558503035455746e+00 -1.0492805161055638e+00 2.0243469289327950e-32
1.0558503035455746e+00 -9.4435246449500743e-01 6.6293148872759007e-64
1.0558503035455746e+00 -8.3942441288445102e-01 5.0944678442220840e-108
1.0558503035455746e+00 -7.3449636127389473e-01 1.7680898324631192e-163
1.0558503035455746e+00 -6.2956830966333832e-01 5.8573208566764949e-229
1.0558503035455746e+00 -5.2464025805278192e-01 -1.0755604397955560e-302
1.0558503035455746e+00 -4.1971220644222551e-01 0.0000000000000000e+00
1.0558503035455746e+00 -3.1478415483166911e-01 0.0000000000000000e+00
1.0558503035455746e+00 -2.0985610322111281e-01 0.0000000000000000e+00
1.0558503035455746e+00 -1.0492805161055641e-01 0.0000000000000000e+00
1.0558503035455746e+00 0.0000000000000000e+00 0.0000000000000000e+00
1.0558503035455746e+00 1.0492805161055641e-01 0.0000000000000000e+00
1.0558503035455746e+00 2.0985610322111281e-01 0.0000000000000000e+00
1.0558503035455746e+00 3.1478415483166922e-01 0.0000000000000000e+00
1.0558503035455746e+00 4.1971220644222562e-01 0.0000000000000000e+00
1.0558503035455746e+00 5.2464025805278203e-01 1.5796021862038193e-301
1.0558503035455746e+00 6.2956830966333843e-01 2.7560524909946985e-229
1.0558503035455746e+00 7.3449636127389484e-01 -2.5083322824424456e-163
1.0558503035455746e+00 8.3942441288445102e-01 -1.5830939903163104e-107
1.0558503035455746e+00 9.4435246449500743e-01 -4.3236033656904663e-63
1.0558503035455746e+00 1.0492805161055638e+00 -8.3350043675226075e-31
1.0558503035455746e+00 1.1542085677161202e+00 -3.0637876676077526e-11
1.0651572077638372e+00 -1.2144943727220856e+00 -1.3579413589724724e-06
1.0694273477845975e+00 -1.2308501831429348e+00 -6.7136559801764198e-06
1.0719873015745141e+00 1.2125137082892081e+00 -1.0011378645898601e-05
1.0741124502298480e+00 -1.2430322915766965e+00 -1.2325094755440783e-05
1.0764626523682050e+00 1.2288134389293233e+00 -4.8881474688296450e-05
1.0785044759796802e+00 1.2417600285889665e+00 -9.1532769331577275e-05
1.0899074857267175e+00 -1.2071032213058552e+00 -3.7405508518374025e-07
1.0945195561642198e+00 -1.2233669869494688e+00 -1.9101065981988284e-06
1.0966930422074790e+00 1.2049749752366807e+00 -1.1444213181973387e-05
1.0994581297354826e+00 -1.2354461113863604e+00 -3.2136605885736937e-06
1.1015086127464475e+00 1.2211767995973677e+00 -5.5912201342106158e-05
1.1038214264960653e+00 1.2340786045502541e+00 -1.0513861513642522e-04
1.1144903250331082e+00 -1.1991729692349486e+00 6.5961293677704539e-07
1.1194423827441142e+00 -1.2153376509863554e+00 3.1432748014349908e-06
1.1212267792618873e+00 1.1968940711062908e+00 -1.2327367797015975e-05
1.1246319554949666e+00 -1.2273079019387751e+00 6.3553929293075952e-06
1.1263808881283723e+00 1.2129922316602435e+00 -6.0271502450048343e-05
1.1289648634404630e+00 1.2258469487174324e+00 -1.1373894495616296e-04
1.1388935778811444e+00 -1.1907061182407264e+00 1.6808177265900417e-06
1.1441827995064511e+00 -1.2067626665320148e+00 8.1364887796000949e-06
1.1455790160425157e+00 1.1882816318433143e+00 -1.2622356957727525e-05
1.1462752621154495e+00 -1.1542085677161202e+00 1.2272967222825751e-08
1.1462752621154495e+00 -1.0492805161055638e+00 1.0321338061618323e-23
1.1462752621154495e+00 -9.4435246449500743e-01 1.0084637834931287e-50
1.1462752621154495e+00 -8.3942441288445102e-01 7.2228183130215224e-89
1.1462752621154495e+00 -7.3449636127389473e-01 3.9351893275427929e-137
1.1462752621154495e+00 -6.2956830966333832e-01 -2.1747985495081911e-193
1.1462752621154495e+00 -5.2464025805278192e-01 -8.5796281400081892e-255
1.1462752621154495e+00 -4.1971220644222551e-01 -2.0339200442346596e-319
1.1462752621154495e+00 -3.1478415483166911e-01 0.0000000000000000e+00
1.1462752621154495e+00 -2.0985610322111281e-01 0.0000000000000000e+00
1.1462752621154495e+00 -1.0492805161055641e-01 0.0000000000000000e+00
1.1462752621154495e+00 0.0000000000000000e+00 0.0000000000000000e+00
1.1462752621154495e+00 1.0492805161055641e-01 0.0000000000000000e+00
1.1462752621154495e+00 2.0985610322111281e-01 0.0000000000000000e+00
1.1462752621154495e+00 3.1478415483166922e-01 0.0000000000000000e+00
1.1462752621154495e+00 4.1971220644222562e-01 -6.7616342092895478e-319
1.1462752621154495e+00 5.2464025805278203e-01 1.4573848466915224e-254
1.1462752621154495e+00 6.2956830966333843e-01 1.3386050559008942e-192
1.1462752621154495e+00 7.3449636127389484e-01 9.5260473853807378e-137
1.1462752621154495e+00 8.3942441288445102e-01 -2.9426587206584860e-89
1.1462752621154495e+00 9.4435246449500743e-01 -1.6771264138639405e-50
1.1462752621154495e+00 1.0492805161055638e+00 -3.0854774280697412e-23
1.1462752621154495e+00 1.1542085677161202e+00 -6.3456016479928763e-08
1.1496227575967435e+00 -1.2186237961746629e+00 1.5797917801516090e-05
1.1510694751851809e+00 1.2042691631657088e+00 -6.1749681929864324e-05
1.1539215941994450e+00 1.2170654212570293e+00 -1.1688158264463522e-04
1.1631054299260251e+00 -1.1817065719303224e+00 2.6390849586441649e-06
1.1687302039440444e+00 -1.1976499042920072e+00 1.2831885683421148e-05
1.1697367573037198e+00 1.1791377812621369e+00 -1.2305759469499490e-05
1.1744163743230238e+00 -1.2093917644399057e+00 2.4643111133620065e-05
1.1755605952925048e+00 1.1950061240977814e+00 -6.0241520406315556e-05
1.1786810229534439e+00 1.2077421586264083e+00 -1.1440913410061709e-04
1.1871172466529067e+00 -1.1721861324344673e+00 3.4888800530746034e-06
1.1930751975477745e+00 -1.1880093426193761e+00 1.6999787960311140e-05
1.1936901914918745e+00 1.1694714265405033e+00 -1.1389500294989249e-05
1.1990049978395285e+00 -1.1996269096817775e+00 3.2473987282231133e-05
1.1998454640914329e+00 1.1852151705837066e+00 -5.5804911559398815e-05
1.2032336273310797e+00 1.1978870143055209e+00 -1.0637414471867497e-04
1.2109154562736444e+00 -1.1621436246608023e+00 4.1657550166198573e-06
1.2172030975494021e+00 -1.1778376288875025e+00 2.0326527560029416e-05
1.2174297819146156e+00 1.1592911150879304e+00 -9.9212344142374061e-06
1.2233758430972907e+00 -1.1893305117179764e+00 3.8706885463958318e-05
1.2239131452379430e+00 1.1749017950605301e+00 -4.8653531191416262e-05
1.2275646196860361e+00 1.1874967715934266e+00 -9.3147462928656408e-05
1.2344918307861150e+00 -1.1515908863172553e+00 4.6396814086571181e-06
1.2367002206853241e+00 -1.0492805161055638e+00 3.6323273964245342e-16
1.2367002206853241e+00 -9.4435246449500743e-01 1.4638248206995517e-37
1.2367002206853241e+00 -8.3942441288445102e-01 2.2044592992319051e-69
1.2367002206853241e+00 -7.3449636127389473e-01 -5.1299509887892942e-109
1.2367002206853241e+00 -6.2956830966333832e-01 -1.5621838645541546e-155
1.2367002206853241e+00 -5.2464025805278192e-01 -5.8608454206598989e-207
1.2367002206853241e+00 -4.1971220644222551e-01 7.7997616985453849e-259
1.2367002206853241e+00 -3.1478415483166911e-01 7.0701595373429233e-308
1.2367002206853241e+00 -2.0985610322111281e-01 0.0000000000000000e+00
1.2367002206853241e+00 -1.0492805161055641e-01 0.0000000000000000e+00
1.2367002206853241e+00 0.0000000000000000e+00 0.0000000000000000e+00
1.2367002206853241e+00 1.0492805161055641e-01 0.0000000000000000e+00
1.2367002206853241e+00 2.0985610322111281e-01 0.0000000000000000e+00
1.2367002206853241e+00 3.1478415483166922e-01 -7.6667458168868980e-308
1.2367002206853241e+00 4.1971220644222562e-01 -1.8554874724283142e-258
1.2367002206853241e+00 5.2464025805278203e-01 -2.8828918086541705e-207
1.2367002206853241e+00 6.2956830966333843e-01 2.6933237899664763e-155
1.2367002206853241e+00 7.3449636127389484e-01 2.3252868240532560e-108
1.2367002206853241e+00 8.3942441288445102e-01 1.5655023438617410e-68
1.2367002206853241e+00 9.4435246449500743e-01 7.7591998497291758e-38
1.2367002206853241e+00 1.0492805161055638e+00 -3.0264187219841989e-16
1.2409418606786129e+00 1.1485958402731302e+00 -7.9583424898616654e-06
1.2411073408116331e+00 -1.1671509388398449e+00 2.2668529564252171e-05
1.2475182918829533e+00 -1.1785094549454622e+00 4.3047772802551142e-05
1.2477511631378031e+00 1.1640681694210786e+00 -3.9095570766049933e-05
1.2516675755019819e+00 1.1765880190828681e+00 -7.5346328076093344e-05
1.2578355239241621e+00 -1.1405329110393418e+00 4.8661132747624427e-06
1.2642202988058509e+00 1.1374011566781910e+00 -5.6024250994359243e-06
1.2647750204826331e+00 -1.1559500448522937e+00 2.3796031157638658e-05
1.2713526427770805e+00 1.1527284326112823e+00 -2.7597337408711051e-05
1.2714234659741854e+00 -1.1671738025061966e+00 4.5096580349974542e-05
1.2755290525705270e+00 1.1651606796613121e+00 -5.3786949131326501e-05
1.2809352707052113e+00 -1.1289740181125218e+00 4.8257461327369605e-06
1.2872510779985264e+00 1.1257054164171418e+00 -2.9604313607099537e-06
1.2881967542312012e+00 -1.1442436044352513e+00 2.3630158037181173e-05
1.2947024793388135e+00 1.1408791784213075e+00 -1.4692977106283589e-05
1.2950775646805954e+00 -1.1553231579037999e+00 4.4672911560639114e-05
1.2991402478970424e+00 1.1532248145938453e+00 -2.9511550481457234e-05
1.3037837304736648e+00 -1.1169259827197944e+00 4.5099145795475241e-06
1.3100276402825726e+00 1.1135220387733364e+00 -1.5769230086046581e-07
1.3113629266861515e+00 -1.1320391886124950e+00 2.2107435109823551e-05
1.3177957401959282e+00 1.1285373637411753e+00 -9.9108278045717664e-07
1.3184751307265556e+00 -1.1429737177962664e+00 4.1693484140758620e-05
1.3224907376272179e+00 1.1407866090846326e+00 -3.6368352514843636e-06
1.3263672382407412e+00 -1.1043883474155418e+00 3.9162119828946925e-06
1.3271251792551988e+00 -1.0492805161055638e+00 3.7604440812559242e-10
1.3271251792551988e+00 -9.4435246449500743e-01 1.5089390179706376e-26
1.3271251792551988e+00 -8.3942441288445102e-01 -1.6351441848794472e-49
1.3271251792551988e+00 -7.3449636127389473e-01 -2.9143646657295699e-81
1.3271251792551988e+00 -6.2956830966333832e-01 -3.0766051569951630e-119
1.3271251792551988e+00 -5.2464025805278192e-01 1.2138388340487632e-160
1.3271251792551988e+00 -4.1971220644222551e-01 6.2261884900568899e-202
1.3271251792551988e+00 -3.1478415483166911e-01 -1.0444165366074927e-240
1.3271251792551988e+00 -2.0985610322111281e-01 -7.5518559373293102e-272
1.3271251792551988e+00 -1.0492805161055641e-01 2.5043723360368702e-292
1.3271251792551988e+00 0.0000000000000000e+00 -2.8074775666361449e-300
1.3271251792551988e+00 1.0492805161055641e-01 -2.5043298445913872e-292
1.3271251792551988e+00 2.0985610322111281e-01 1.2269597684358628e-271
1.3271251792551988e+00 3.1478415483166922e-01 1.8568890049897128e-240
1.3271251792551988e+00 4.1971220644222562e-01 -9.9844260398380875e-202
1.3271251792551988e+00 5.2464025805278203e-01 -4.5081921317997840e-160
1.3271251792551988e+00 6.2956830966333843e-01 5.4315163922626869e-120
1.3271251792551988e+00 7.3449636127389484e-01 5.0773586885392931e-81
1.3271251792551988e+00 8.3942441288445102e-01 6.2536022620278477e-49
1.3271251792551988e+00 9.4435246449500743e-01 9.4464251711903559e-25
1.3271251792551988e+00 1.0492805161055638e+00 6.3529463108627688e-10
1.3325378958897258e+00 1.1008533555634235e+00 2.6686712842901723e-06
1.3342619762432970e+00 -1.1193406675525142e+00 1.9235325929516620e-05
1.3406183386416717e+00 1.1157019211626658e+00 1.2837470426035085e-05
1.3416005313160018e+00 -1.1301218378332420e+00 3.6154703125036567e-05
1.3455697447444053e+00 1.1278516450586031e+00 2.2564360690205005e-05
1.3486811867951973e+00 -1.0913769908498907e+00 3.0760536385108412e-06
1.3547739950978868e+00 1.0877094366728255e+00 5.3881766060218132e-06
1.3568868046566289e+00 -1.1061597435457038e+00 1.5145155436701164e-05
1.3631642393718510e+00 1.1023864580789948e+00 2.6156038028059148e-05
1.3644498808259158e+00 -1.1167853495778606e+00 2.8327421434170210e-05
1.3683691460266192e+00 1.1144299507615887e+00 4.7880962766503872e-05
1.3707104261765160e+00 -1.0778892059851277e+00 2.0140708775594564e-06
1.3767253945710829e+00 1.0740953503275172e+00 7.8625238653797496e-06
1.3792245885003460e+00 -1.0924980155106494e+00 9.9734772195876663e-06
1.3854207176397688e+00 1.0885926599524987e+00 3.8284469889431958e-05
1.3870079714084311e+00 -1.1029619072001469e+00 1.8463873694677643e-05
1.3908771400285034e+00 1.1005251135416598e+00 7.1033935710592013e-05
1.3924520438507275e+00 -1.0639425223548107e+00 7.9415832282238001e-07
1.3983840256958386e+00 1.0600201684750088e+00 9.9782880780558881e-06
1.4012697062249948e+00 -1.0783688753332168e+00 4.0172852314050985e-06
1.4073817111626086e+00 1.0743331263396485e+00 4.8671613586271495e-05
1.4092709585981094e+00 -1.0886680482170141e+00 7.1417155446720548e-06
1.4130868334374755e+00 1.0861485953979610e+00 9.0951199041258888e-05
1.4138905706819289e+00 -1.0495342772366547e+00 -5.2833058133531341e-07
1.4175501378250737e+00 -9.4435246449500743e-01 -6.5456829967912449e-15
1.4175501378250737e+00 -8.3942441288445102e-01 -5.5388163377227866e-32
1.4175501378250737e+00 -7.3449636127389473e-01 -2.7219149817423564e-56
1.4175501378250737e+00 -6.2956830966333832e-01 1.9288479006801926e-86
1.4175501378250737e+00 -5.2464025805278192e-01 8.7934942245930192e-118
1.4175501378250737e+00 -4.1971220644222551e-01 1.1779720427515324e-150
1.4175501378250737e+00 -3.1478415483166911e-01 -3.3272259824001936e-180
1.4175501378250737e+00 -2.0985610322111281e-01 -7.5575893397072227e-205
1.4175501378250737e+00 -1.0492805161055641e-01 4.2820734903081240e-220
1.4175501378250737e+00 0.0000000000000000e+00 -2.3338435389357504e-226
1.4175501378250737e+00 1.0492805161055641e-01 -4.5532409663333318e-220
1.4175501378250737e+00 2.0985610322111281e-01 1.6771077453489456e-204
1.4175501378250737e+00 3.1478415483166922e-01 5.0671600900380079e-180
1.4175501378250737e+00 4.1971220644222562e-01 -1.3439473741075263e-150
1.4175501378250737e+00 5.2464025805278203e-01 -1.7352519904231043e-117
1.4175501378250737e+00 6.2956830966333843e-01 -2.0577758863916111e-85
1.4175501378250737e+00 7.3449636127389484e-01 1.3616264867690330e-56
1.4175501378250737e+00 8.3942441288445102e-01 9.7248381358023362e-32
1.4175501378250737e+00 9.4435246449500743e-01 2.2401267537633922e-14
1.4197397034964065e+00 1.0454894252637017e+00 1.1621479221848992e-05
1.4230092402511119e+00 -1.0637739333216696e+00 -2.4456705301870568e-06
1.4290346669618970e+00 1.0596100347439978e+00 5.6752861716601518e-05
1.4312237548978757e+00 -1.0739022092578745e+00 -5.1211080985244704e-06
1.4349865967640283e+00 1.0713042382787226e+00 1.0658246279966776e-04
1.4350235114267376e+00 -1.0346814414588739e+00 -1.8709181939235823e-06
1.4407854443998969e+00 1.0305133024439419e+00 1.2719810786355302e-05
1.4444377672193580e+00 -1.0487260724688297e+00 -9.0158794814016926e-06
1.4503748020535998e+00 1.0444370745881142e+00 6.2175748066059259e-05
1.4528638395367355e+00 -1.0586817494820480e+00 -1.7551838729741060e-05
1.4558364660457872e+00 -1.0193834411675511e+00 -3.1546090429592163e-06
1.4565694612972913e+00 1.0560027738074977e+00 1.1719743102283359e-04
1.4615100151763976e+00 1.0150957822539213e+00 1.3201644187990976e-05
1.4655436649805951e+00 -1.0332289475632528e+00 -1.5309542910787167e-05
1.4713883269858512e+00 1.0288149074477160e+00 6.4588082068282805e-05
1.4741748600493081e+00 -1.0430038609377232e+00 -2.9435734294142884e-05
1.4763258694507368e+00 -1.0036547367977364e+00 -4.2970818699695826e-06
1.4778253842687543e+00 1.0402502963303055e+00 1.2218404313205436e-04
1.4819090234933079e+00 9.9925000591165181e-01 1.3055703657852603e-05
1.4863202206648474e+00 -1.0172929922783356e+00 -2.0918218443898738e-05
1.4920729493547831e+00 1.0127597780193469e+00 6.3921438260524470e-05
1.4951556120271059e+00 -1.0268866814357740e+00 -3.9987892567492134e-05
1.4964799723761033e+00 -9.8749862503614594e-01 -5.2137880196522787e-06
1.4987458106583438e+00 1.0240549026981463e+00 1.2129265123842732e-04
1.5019685920343706e+00 9.8297665168655246e-01 1.2263803037803591e-05
1.5067586899701912e+00 -1.0009256759259051e+00 -2.5433707181055687e-05
1.5079750963949485e+00 -9.4435246449500743e-01 -1.0686025676460195e-07
1.5079750963949485e+00 -8.3942441288445102e-01 -3.4745616508774084e-18
1.5079750963949485e+00 -7.3449636127389473e-01 -8.3784590082749586e-36
1.5079750963949485e+00 -6.2956830966333832e-01 1.5008161213116774e-56
1.5079750963949485e+00 -5.2464025805278192e-01 1.0860663429863770e-80
1.5079750963949485e+00 -4.1971220644222551e-01 -5.5795598103221319e-106
1.5079750963949485e+00 -3.1478415483166911e-01 -5.9318089047696978e-128
1.5079750963949485e+00 -2.0985610322111281e-01 2.2671978586003242e-147
1.5079750963949485e+00 -1.0492805161055641e-01 3.5746095200842529e-158
1.5079750963949485e+00 0.0000000000000000e+00 -4.3406362826179077e-163
1.5079750963949485e+00 1.0492805161055641e-01 -3.9714228363842270e-158
1.5079750963949485e+00 2.0985610322111281e-01 6.1717936413170410e-147
1.5079750963949485e+00 3.1478415483166922e-01 8.8631236839835721e-128
1.5079750963949485e+00 4.1971220644222562e-01 1.2553496699551843e-105
1.5079750963949485e+00 5.2464025805278203e-01 -1.6658412832839302e-80
1.5079750963949485e+00 6.2956830966333843e-01 -3.7144899816186771e-56
1.5079750963949485e+00 7.3449636127389484e-01 -5.8121597299507028e-35
1.5079750963949485e+00 8.3942441288445102e-01 2.4337480227689987e-18
1.5079750963949485e+00 9.4435246449500743e-01 1.8875278693342511e-07
1.5124129365390711e+00 9.9627021195468479e-01 6.0105412944571558e-05
1.5157913843348116e+00 -1.0103301013581811e+00 -4.8443514575991420e-05
1.5162924725586184e+00 -9.7092537441776472e-01 -5.8413795103103691e-06
1.5193238883946112e+00 1.0074266728821941e+00 1.1449506505648488e-04
1.5216872075198706e+00 9.6629179179777036e-01 1.0877091071001602e-05
1.5268494031869198e+00 -9.8413331274834881e-01 -2.8538578498702409e-05
1.5324071109116686e+00 9.7936301462205144e-01 5.3356928858698563e-05
1.5357560169405307e+00 -9.5394366005890485e-01 -6.1167279180463362e-06
1.5360785076437848e+00 -9.9334811620063390e-01 -5.4211427742886494e-05
1.5395477892743947e+00 9.9036943623804474e-01 1.0205894524339345e-04
1.5410507669714966e+00 9.4919614968409971e-01 8.9468000456282271e-06
1.5465882394495549e+00 -9.6692868270162446e-01 -2.9924830662155295e-05
1.5520428352588647e+00 9.6204081013224796e-01 4.3960630225580686e-05
1.5548597485911868e+00 -9.3655815690334798e-01 -6.0112481931103734e-06
1.5560065488627812e+00 -9.7594614622129772e-01 -5.6692101289154099e-05
1.5594150355055556e+00 9.7289807107406812e-01 8.4596721519207473e-05
1.5600563438825898e+00 9.3170340748085967e-01 6.5678010641446712e-06
1.5659607552933095e+00 -9.4931259040722049e-01 -2.9451081547795555e-05
1.5713144084464532e+00 9.4431436881148401e-01 3.2347330800721045e-05
1.5736014488911259e+00 -9.1878296697959161e-01 -5.5088647217765718e-06
1.5755673435817279e+00 -9.5813236833501825e-01 -5.5665630738078903e-05
1.5786949383231592e+00 9.1382014158297376e-01 3.8601279524695250e-06
1.5789104326015213e+00 9.5501272363948431e-01 6.2849960571358275e-05
1.5849663867088177e+00 -9.3130130110307052e-01 -2.7026825000948530e-05
1.5902154602906442e+00 9.2619335399793279e-01 1.9117854102330277e-05
1.5919671917027167e+00 -9.0061958881698267e-01 -4.6261866282726998e-06
1.5947566970297000e+00 -9.3991904830931083e-01 -5.0927464709817579e-05
1.5969573141230593e+00 8.9555284827375103e-01 9.4823389918205631e-07
1.5980328839888385e+00 9.3672919842163449e-01 3.7963688407791020e-05
1.5984000549648232e+00 -8.3942441288445102e-01 -2.8115171320097139e-09
1.5984000549648232e+00 -7.3449636127389473e-01 5.8406733672850955e-19
1.5984000549648232e+00 -6.2956830966333832e-01 5.0579032436680432e-33
1.5984000549648232e+00 -5.2464025805278192e-01 2.1736989285962225e-50
1.5984000549648232e+00 -4.1971220644222551e-01 -5.1240056170316339e-68
1.5984000549648232e+00 -3.1478415483166911e-01 -1.7401380354837312e-84
1.5984000549648232e+00 -2.0985610322111281e-01 2.7007027420938385e-98
1.5984000549648232e+00 -1.0492805161055641e-01 1.1760358816213244e-106
1.5984000549648232e+00 0.0000000000000000e+00 -1.8037317138740244e-110
1.5984000549648232e+00 1.0492805161055641e-01 -1.3544252791015121e-106
1.5984000549648232e+00 2.0985610322111281e-01 -1.1503058966097253e-98
1.5984000549648232e+00 3.1478415483166922e-01 2.6846976138440262e-84
1.5984000549648232e+00 4.1971220644222562e-01 8.2115287785064005e-68
1.5984000549648232e+00 5.2464025805278203e-01 -2.5427416954792116e-50
1.5984000549648232e+00 6.2956830966333843e-01 -9.1235311779628276e-33
1.5984000549648232e+00 7.3449636127389484e-01 -1.9356340468259539e-18
1.5984000549648232e+00 8.3942441288445102e-01 -5.3017075906336085e-09
1.6035928162142921e+00 -9.1289812444509899e-01 -2.2748908388151283e-05
1.6087338016958310e+00 9.0768141069843922e-01 4.8760441400321636e-06
1.6099551190770640e+00 -8.8208198879068023e-01 -3.4098505375411153e-06
1.6135599981931681e+00 -9.2130743143620086e-01 -4.2693287731364735e-05
1.6148410929821855e+00 8.7691473429537725e-01 -2.0164051806786259e-06
1.6167718993906242e+00 9.1805287294340465e-01 1.1083315734517604e-05
1.6218345457626508e+00 -8.9411356221757032e-01 -1.6825992659345777e-05
1.6268684079958136e+00 8.8879340276072505e-01 -9.6355164653144663e-06
1.6275573507647330e+00 -8.6317774858139096e-01 -1.9230713250066385e-06
1.6319772723250530e+00 -9.0231375743262532e-01 -3.1364604984949466e-05
1.6323330787670289e+00 8.5790843461139021e-01 -4.8828545158137926e-06
1.6351192832400230e+00 8.9899167644416866e-01 -1.6411808517991472e-05
1.6396872139814691e+00 -8.7495882720467011e-01 -9.5702606978866738e-06
1.6446073413829938e+00 8.6953330622313540e-01 -2.3682396658964194e-05
1.6447633879672596e+00 -8.4391220637369402e-01 -2.6476118893300602e-07
1.6494311935331931e+00 8.3854706203271290e-01 -7.5076006895570260e-06
1.6499974683120380e+00 -8.8294293928269441e-01 -1.7535066836592698e-05
1.6530722182407118e+00 8.7955849602371405e-01 -4.3120738551033841e-05
1.6571364777331503e+00 -8.5543589406069687e-01 -1.4642840273265270e-06
1.6615722327680373e+00 -8.2429916634024802e-01 1.4599059826394301e-06
1.6619455868545852e+00 8.4991173912825835e-01 -3.6555616819235782e-05
1.6661296385855018e+00 8.1883992291140584e-01 -9.7502149782423659e-06
1.6676133470603869e+00 -8.6320372363609166e-01 -2.1405735080753600e-06
1.6706170459981311e+00 8.5975608336759379e-01 -6.7697302764438533e-05
1.6741831476430891e+00 -8.3556048944579620e-01 6.9769804723093201e-06
1.6779733499981946e+00 -8.0434390611349460e-01 3.1277408316217537e-06
1.6788794060854666e+00 8.2994007341095355e-01 -4.7561252150701571e-05
1.6824156805401762e+00 7.9879062658696509e-01 -1.1484969238848778e-05
1.6848221355954185e+00 -8.4310859966515972e-01 1.3853443834222908e-05
1.6877523451064700e+00 8.3959827600711778e-01 -8.8799031813942487e-05
1.6888250135346978e+00 -7.3449636127389473e-01 1.9765213716945148e-08
1.6888250135346978e+00 -6.2956830966333832e-01 2.7384569969897565e-16
1.6888250135346978e+00 -5.2464025805278192e-01 -3.7551612514320036e-28
1.6888250135346978e+00 -4.1971220644222551e-01 -1.0290000454964869e-38
1.6888250135346978e+00 -3.1478415483166911e-01 -2.9859780444927100e-50
1.6888250135346978e+00 -2.0985610322111281e-01 1.2397866833965663e-59
1.6888250135346978e+00 -1.0492805161055641e-01 1.3206366206461143e-65
1.6888250135346978e+00 0.0000000000000000e+00 -1.6730044046342309e-68
1.6888250135346978e+00 1.0492805161055641e-01 -1.5699935422096450e-65
1.6888250135346978e+00 2.0985610322111281e-01 -9.2161184790968294e-60
1.6888250135346978e+00 3.1478415483166922e-01 5.0371873669603521e-50
1.6888250135346978e+00 4.1971220644222562e-01 1.5518643363964288e-38
1.6888250135346978e+00 5.2464025805278203e-01 1.7753065337797897e-27
1.6888250135346978e+00 6.2956830966333843e-01 -4.0792599171289661e-16
1.6888250135346978e+00 7.3449636127389484e-01 -4.1788156831671078e-08
1.6908184105005490e+00 -8.1533947311980925e-01 1.5155179134560163e-05
1.6939608927490521e+00 -7.8405580262894436e-01 4.6114431736832577e-06
1.6953952079988639e+00 8.0962136070145885e-01 -5.6104005181697035e-05
1.6982900493808561e+00 7.7841385298510235e-01 -1.2627877424211771e-05
1.7016110083216065e+00 -8.2266134125206880e-01 2.9295697538290115e-05
1.7044720854973208e+00 8.1909444313324598e-01 -1.0534443290875111e-04
1.7070325705690808e+00 -7.9477925980970598e-01 2.2443475173750115e-05
1.7095323680502130e+00 -7.6344662551273046e-01 5.8050679103244962e-06
1.7114929310181857e+00 7.8896987035314636e-01 -6.1744385951808257e-05
1.7137450796518916e+00 7.5771719798706305e-01 -1.3108043926943997e-05
1.7179779247254017e+00 -8.0187481070797828e-01 4.3016942251638987e-05
1.7207633147306993e+00 7.9824851373174865e-01 -1.1641409628346402e-04
1.7228249615935820e+00 -7.7389334674002952e-01 2.8315489327520082e-05
1.7246769928544639e+00 -7.4252176574384743e-01 6.6000238546018667e-06
1.7271669807076844e+00 7.6799497349826840e-01 -6.4141267047854893e-05
1.7287705121580306e+00 7.3670658672097089e-01 -1.2890150199376847e-05
1.7339183692684679e+00 -7.8075943106402379e-01 5.4010182576612357e-05
1.7366269819599305e+00 7.7707541903394373e-01 -1.2134618658684534e-04
1.7381865138381918e+00 -7.5268852602787539e-01 3.2252676598252850e-05
1.7393911090002190e+00 -7.2129198572458020e-01 6.9227293674962700e-06
1.7424040535727583e+00 7.4670051866114140e-01 -6.3129418831045785e-05
1.7433666520008364e+00 7.1539552479557023e-01 -1.1993111461419513e-05
1.7494189994907476e+00 -7.5931910396494795e-01 6.1294370082990457e-05
1.7520556612772722e+00 7.5558326084167360e-01 -1.1988800525479060e-04
1.7531097498132833e+00 -7.3117298652026241e-01 3.3879676297777131e-05
1.7536719345772678e+00 -6.9976834340960148e-01 6.7409752356594206e-06
1.7572058952812399e+00 7.2510129694477543e-01 -5.8781921812483596e-05
1.7575267452573053e+00 6.9379224762125968e-01 -1.0455710418255477e-05
1.7644805306719884e+00 -7.3756809888587294e-01 6.4197214351983180e-05
1.7670384222620423e+00 7.3377789862124776e-01 -1.1205643573662126e-04
1.7675097729914431e+00 -6.7795724751464048e-01 6.0419712167032369e-06
1.7675937157798087e+00 -7.0935932417087788e-01 3.3030454964427257e-05
1.7712404386561689e+00 6.7190288110000984e-01 -8.3554333775468097e-06
1.7715669364585414e+00 7.0320648249118300e-01 -5.1290959693854230e-05
1.7790979009350514e+00 -7.1551612150021671e-01 6.2389123845868445e-05
1.7792499721045727e+00 -6.2956830966333832e-01 4.4684933737141922e-07
1.7792499721045727e+00 -5.2464025805278192e-01 -5.1492608647966128e-12
1.7792499721045727e+00 -4.1971220644222551e-01 -2.7032260823326751e-18
1.7792499721045727e+00 -3.1478415483166911e-01 -1.2845865575554186e-25
1.7792499721045727e+00 -2.0985610322111281e-01 3.6143795376174038e-31
1.7792499721045727e+00 -1.0492805161055641e-01 4.5813429598656771e-35
1.7792499721045727e+00 0.0000000000000000e+00 -3.4610274683740296e-37
1.7792499721045727e+00 1.0492805161055641e-01 -5.6077374112048670e-35
1.7792499721045727e+00 2.0985610322111281e-01 -3.1408484290559595e-31
1.7792499721045727e+00 3.1478415483166922e-01 2.6876897273230718e-25
1.7792499721045727e+00 4.1971220644222562e-01 4.0317093010199053e-18
1.7792499721045727e+00 5.2464025805278203e-01 8.8491696871169683e-12
1.7792499721045727e+00 6.2956830966333843e-01 -5.3058802729554666e-07
1.7809005365938069e+00 -6.5586886790862953e-01 4.8621569636329399e-06
1.7815760356290231e+00 7.1167328761315574e-01 -9.8211815318144960e-05
1.7816304044909270e+00 -6.8725517511112100e-01 2.9655240835585432e-05
1.7845088758697358e+00 6.4974081175794218e-01 -5.8149472212850690e-06
1.7854741699253118e+00 6.8102064589073952e-01 -4.1044782779855430e-05
1.7932585791387192e+00 -6.9316813338254157e-01 5.5790283675610298e-05
1.7938424442666325e+00 -6.3351453804762037e-01 3.2817366359126457e-06
1.7952119708544096e+00 -6.6486850902913952e-01 2.3917998941448266e-05
1.7956622332205094e+00 6.8927827852234069e-01 -7.9134985038268243e-05
1.7973271218883276e+00 6.2731531853821132e-01 -2.9692209600969274e-06
1.7989298501737641e+00 6.5855810555812444e-01 -2.8629249800233687e-05
1.8063282363062219e+00 -6.1090226314614338e-01 1.4055786641791808e-06
1.8069634337052634e+00 -6.7053777583554264e-01 4.4755362806216088e-05
1.8083384473958473e+00 -6.4221201436343378e-01 1.6206249142852108e-05
1.8092855402032584e+00 6.6659870878552996e-01 -5.5842771205386009e-05
1.8096833828790158e+00 6.0463199622872854e-01 2.0838302751924278e-08
1.8119290632202678e+00 6.3582833322881915e-01 -1.4705492053842252e-05
1.8183507278118900e+00 -5.8804029967749283e-01 -6.3125684995123362e-07
1.8202081385372697e+00 -6.4763505130841470e-01 3.0006554826651372e-05
1.8210042253509005e+00 -6.1929475846114201e-01 7.0379537379777263e-06
1.8215796526336536e+00 5.8170411601791339e-01 2.9814244227634560e-06
1.8224478135227240e+00 6.4364853030619507e-01 -2.9598372974979931e-05
1.8244611186544506e+00 6.1283768330105015e-01 -6.9373714403188018e-08
1.8299104590214390e+00 -5.6494091609596264e-01 -2.6751256870385863e-06
1.8329823205220479e+00 -6.2446658860900717e-01 1.2540110729228240e-05
1.8330119766479385e+00 5.5854139829605276e-01 5.7485630654741170e-06
1.8331984548527931e+00 -5.9612315325100163e-01 -2.9300487735629539e-06
1.8351441540860356e+00 6.2043731833527838e-01 -1.9118875337304637e-06
1.8365254385200371e+00 5.8959820096746940e-01 1.4435614870782900e-05
1.8410031759852281e+00 -5.4161363716964250e-01 -4.5702609163291462e-06
1.8439722669397838e+00 5.3515160966323583e-01 8.1564505232768146e-06
1.8449234600989848e+00 -5.7271064695812901e-01 -1.2944493268252804e-05
1.8452843440930458e+00 -6.0104402092702047e-01 -6.3778053107344802e-06
1.8473632665487585e+00 5.9697136575914345e-01 2.5634781142162769e-05
1.8481193109884178e+00 5.6612047282960654e-01 2.7997742388722847e-05
1.8516182246254334e+00 -5.1806515060220337e-01 -6.1616834627270153e-06
1.8544569064372012e+00 5.1154479137288034e-01 1.0059775658688185e-05
1.8561749171480058e+00 -5.4906689811370424e-01 -2.2237772729906511e-05
1.8571119342464300e+00 -5.7737833481389222e-01 -2.5323759259127305e-05
1.8591060519917737e+00 5.7326348996989052e-01 5.1481966910019760e-05
1.8592356818648947e+00 5.4241290397099606e-01 3.9812492104876011e-05
1.8617575223447511e+00 -4.9430796672692368e-01 -7.3216711311901912e-06
1.8644655086247617e+00 4.8773225379951374e-01 1.1352691031562581e-05
1.8669436351679378e+00 -5.2519940333256510e-01 -3.0063745098189636e-05
1.8684581920316883e+00 -5.5347812497173876e-01 -4.2834028062540176e-05
1.8696749306744476e+00 -4.1971220644222551e-01 -4.3745566421787270e-07
1.8696749306744476e+00 -3.1478415483166911e-01 -4.1706822530129383e-11
1.8696749306744476e+00 -2.0985610322111281e-01 5.7629237506728347e-13
1.8696749306744476e+00 -1.0492805161055641e-01 4.5717463113030239e-15
1.8696749306744476e+00 0.0000000000000000e+00 -1.5960483653863182e-16
1.8696749306744476e+00 1.0492805161055641e-01 -5.7523385029083584e-15
1.8696749306744476e+00 2.0985610322111281e-01 -5.4170024626146468e-13
1.8696749306744476e+00 3.1478415483166922e-01 2.1483454819450809e-10
1.8696749306744476e+00 4.1971220644222562e-01 6.6367460685405992e-07
1.8698685197535638e+00 5.1848457609013432e-01 4.9166036451986418e-05
1.8703692873362354e+00 5.4932405972982468e-01 7.4113995507630486e-05
1.8714181145960069e+00 -4.7035212514904051e-01 -7.9534586478493849e-06
1.8739944199611449e+00 4.6372370494273690e-01 1.1963734130571332e-05
1.8772282644861709e+00 -5.0111936860345219e-01 -3.5780880296588783e-05
1.8793163659719867e+00 -5.2935226119460566e-01 -5.7510643601622988e-05
1.8800186184525942e+00 4.9434753376984641e-01 5.5527668129069132e-05
1.8805944846140641e+00 -4.4620663442299635e-01 -7.9920688427651193e-06
1.8811455779707553e+00 5.2516150195306988e-01 9.2176824170367823e-05
1.8830334783679370e+00 4.3952647117427979e-01 1.1841285886102894e-05
1.8870274580857456e+00 -4.7683774401656670e-01 -3.8908118141491979e-05
1.8892800815479420e+00 -4.2188029892666007e-01 -7.4157257632164131e-06
1.8896822643855189e+00 4.7001162351086329e-01 5.8539946163391081e-05
1.8896875306859924e+00 -5.0501308900816122e-01 -6.8150621694452676e-05
1.8914298626073980e+00 5.0078547649071370e-01 1.0460333996130904e-04
1.8915855497012319e+00 4.1515289233342528e-01 1.1003832930732080e-05
1.8963370915516118e+00 -4.5236421252953696e-01 -3.9135890166135855e-05
1.8974769446555479e+00 -3.9738498195184874e-01 -6.2612347805737190e-06
1.8988501024670101e+00 4.4548462557744190e-01 5.7980172905419648e-05
1.8995678832645362e+00 -4.8047054929123101e-01 -7.3838144003980378e-05
1.8996480531367126e+00 3.9061301794563846e-01 9.5098624502831294e-06
1.9012226885709129e+00 4.7620790594697915e-01 1.1069900449510437e-04
1.9051475082792326e+00 -4.2770656588141365e-01 -3.6355165372010275e-05
1.9051821049987288e+00 -3.7273056331198590e-01 -4.6035264277102900e-06
1.9072170463035860e+00 3.6591643710129440e-01 7.4516348933343309e-06
1.9075230636569120e+00 4.2077832182130132e-01 5.3910365640109435e-05
1.9089479368072260e+00 -4.5573247066602535e-01 -7.3995689092243823e-05
1.9105204741615762e+00 4.5143879280592580e-01 1.1007456636720239e-04
1.9123894067105904e+00 -3.4792601887099178e-01 -2.5517614795169849e-06
1.9134622909519075e+00 -4.0287743209651855e-01 -3.0733305098753558e-05
1.9142847544613444e+00 3.4107175703926224e-01 4.9533050646581381e-06
1.9156995297799218e+00 3.9590329417121883e-01 4.6612427070823035e-05
1.9178284961439513e+00 -4.3081074481847570e-01 -6.8484756477115219e-05
1.9190959108669878e+00 -3.2298142423747062e-01 -2.5238372472764264e-07
1.9193136679588436e+00 4.2648608181438075e-01 1.0276621640132680e-04
1.9208546795270789e+00 3.1609085730603076e-01 2.1806508213598911e-06
1.9212784207488920e+00 -3.7788683346735613e-01 -2.2635608752730190e-05
1.9233762714527396e+00 3.7086949979787781e-01 3.6544890745305790e-05
1.9253028977974873e+00 -2.9790788214374675e-01 2.1273934405203841e-06
1.9262079438765800e+00 -4.0571609356448807e-01 -5.7603166961302474e-05
1.9269244549288387e+00 2.9098373823237911e-01 -6.8998137910769501e-07
1.9276039083708638e+00 4.0136181717515940e-01 8.9279488815077821e-05
1.9285909023449883e+00 -3.5274422782726966e-01 -1.2604890296305531e-05
1.9305437889272057e+00 3.4568518100873080e-01 2.4323528143503151e-05
1.9310081339000615e+00 -2.7271541602916405e-01 4.4153450322366845e-06
1.9324905209001411e+00 2.6576014252552221e-01 -3.4777711570222857e-06
1.9340827601797175e+00 -3.8045850998473879e-01 -4.2059319407027491e-05
1.9353894769624922e+00 3.7607661147532850e-01 7.0476300472499238e-05
1.9353941823647247e+00 -3.2745909331732631e-01 -1.3516728747777300e-06
1.9362059875773252e+00 -2.4741337865963489e-01 6.4411328132104940e-06
1.9372064579732964e+00 3.2036265199319702e-01 1.0749660799912484e-05
1.9375466577252272e+00 2.4042940769488619e-01 -6.0019948793656828e-06
1.9408947914585692e+00 -2.2201209545488754e-01 8.0514365315642613e-06
1.9414436548809153e+00 -3.5504639767838969e-01 -2.2906989540450103e-05
1.9416908610422183e+00 -3.0204308727643342e-01 1.0304926982418775e-05
1.9420966424122001e+00 2.1500290616895035e-01 -8.1045915543561917e-06
1.9426671330271392e+00 3.5064053392170325e-01 4.7538461982179526e-05
1.9433618726726194e+00 2.9491205881143395e-01 -3.3103046433189654e-06
1.9450762427162356e+00 -1.9652239694152271e-01 9.1272625142585941e-06
1.9461388442052769e+00 1.8949074775394872e-01 -9.6566623329935963e-06
1.9474786668583135e+00 -2.7650637925783639e-01 2.1516465315639774e-05
1.9482948483732441e+00 -3.2949218454116758e-01 -1.5142913947302906e-06
1.9487488436972458e+00 -1.7095440851236895e-01 9.5835470235104778e-06
1.9490069275170123e+00 2.6934339388276246e-01 -1.6966911352836990e-05
1.9494277289195083e+00 3.2506217138380977e-01 2.1924708501093049e-05
1.9496710048249517e+00 1.6390295993718063e-01 -1.0561662067799006e-05
1.9519083653706457e+00 -1.4531794401830253e-01 9.3731819793123767e-06
1.9526865948048908e+00 1.3824916626867453e-01 -1.0757886414346050e-05
1.9527528768852660e+00 -2.5085865349558251e-01 3.1454337919585096e-05
1.9541342260376657e+00 2.4366589495454574e-01 -2.9339900987269311e-05
1.9545526259328563e+00 -1.1962323253838164e-01 8.4997698000162131e-06
1.9546338612031591e+00 -3.0380612101986809e-01 2.0570891778315707e-05
1.9551906106048906e+00 1.1254042527578061e-01 -1.0248007954012133e-05
1.9556757313329862e+00 2.9935382315304099e-01 -4.7104404936152670e-06
1.9566846454857076e+00 -9.3880975157375285e-02 7.0207515236322849e-06
1.9571821576195425e+00 8.6786915456060654e-02 -9.0759986409271108e-06
1.9575097435229611e+00 -2.2510996693693130e-01 3.9365189016999969e-05
1.9583036625931995e+00 -6.8101358589225017e-02 5.0296090336268079e-06
1.9586605246253814e+00 6.0998826418722805e-02 -7.3248357435081760e-06
1.9587481663670214e+00 2.1789123224040258e-01 -3.9649476160280461e-05
1.9594073888574104e+00 -4.2294522356617702e-02 2.6545557446226115e-06
1.9596186841543279e+00 3.5186172468738286e-02 -5.1104893598844215e-06
1.9599920123548171e+00 -1.6470717541243782e-02 5.4656646452931212e-08
1.9600624524932095e+00 9.3595834154972801e-03 -2.5929971236561810e-06
1.9604570180297030e+00 -2.7799819343844795e-01 4.1732655083384456e-05
1.9614088828442953e+00 2.7352577835575581e-01 -3.0674504590731284e-05
1.9617520383913991e+00 -1.9927153580866405e-01 4.4655456069324232e-05
1.9628470906003392e+00 1.9202966403036292e-01 -4.7255820226028489e-05
1.9654782381450389e+00 -1.7335363425051967e-01 4.6904807280169941e-05
1.9657577167013980e+00 -2.5207791849185313e-01 6.0402013759493540e-05
1.9664289234495789e+00 1.6609139331186842e-01 -5.1688525021771932e-05
1.9666240960440660e+00 2.4758816249985041e-01 -5.4313613047186142e-05
1.9686847557459386e+00 -1.4736630084352589e-01 4.5895309287126814e-05
1.9694865346571040e+00 1.4008611814546934e-01 -5.2661850982112701e-05
1.9705399230199427e+00 -2.2605701926748778e-01 7.5183322550601288e-05
1.9713142882098442e+00 2.2155049161129670e-01 -7.4113349046927172e-05
1.9713678955892868e+00 -1.2131973509890198e-01 4.1640548477158264e-05
1.9720252746057652e+00 1.1402510164331546e-01 -5.0171923626149248e-05
1.9735314900322247e+00 -9.5224898132447916e-02 3.4409685004479343e-05
1.9740442339245237e+00 8.7918672523252181e-02 -4.4428622078891921e-05
1.9748019149002871e+00 -1.9994586299429712e-01 8.4941791506716897e-05
1.9751747643465252e+00 -6.9092127018252070e-02 2.4661896885084480e-05
1.9754839856699460e+00 1.9542444388989305e-01 -8.8838341674281199e-05
1.9755426896948909e+00 6.1777170884823283e-02 -3.5843260006902173e-05
1.9762957960576977e+00 -4.2931724290261639e-02 1.3033345036252911e-05
1.9765133551858480e+00 3.5610754642344651e-02 -2.4999303500878488e-05
1.9768898470344038e+00 -1.6754057529052839e-02 3.0166007211973230e-07
1.9769623753836241e+00 9.4302217776410548e-03 -1.2668104478069391e-05
1.9785407812833984e+00 -1.7375465700738801e-01 8.8893109338788665e-05
1.9791316886058055e+00 1.6922041265650997e-01 -9.7581143547894152e-05
1.9817507469410902e+00 -1.4749338753599156e-01 8.6653749724548216e-05
1.9822552910650879e+00 1.4294872451924689e-01 -9.9822491260544025e-05
1.9844364640916174e+00 -1.2117336311893451e-01 7.8302723741723111e-05
1.9848480933631252e+00 1.1661935430335023e-01 -9.5466485405628287e-05
1.9865969686984692e+00 -9.4805025127648046e-02 6.4334033847092647e-05
1.9869155347683982e+00 9.0243560212913937e-02 -8.4898428743722721e-05
1.9882307140440889e+00 -6.8398787099264391e-02 4.5639760663312735e-05
1.9884568736314214e+00 6.3831797375367746e-02 -6.8885510180496647e-05
1.9893315183482514e+00 -4.1964971151266711e-02 2.3450440165130514e-05
1.9894714803540365e+00 3.7394527815595067e-02 -4.8549008947470551e-05
1.9899053531265261e+00 -1.5514497363836414e-02 -7.3746755607397369e-07
1.9899520127198331e+00 1.0942160673331673e-02 -2.5293843923156760e-05
2.0000000000000000e+00 0.0000000000000000e+00 -1.7594614910354529e-05
1.9999317473670912e+00 1.3333093362771584e-02 -3.1698435057458965e-05
1.9997306097736407e+00 2.6664832075493850e-02 -4.5379286350843984e-05
1.9993966052884338e+00 3.9993895632119199e-02 -5.8401246789685488e-05
1.9989297638997388e+00 5.3318963692338905e-02 -7.0538763456084980e-05
1.9983301275149277e+00 6.6638716166960266e-02 -8.1580527953040161e-05
1.9975977499598720e+00 7.9951833303310987e-02 -9.1333106623459046e-05
1.9967326969781105e+00 9.3256995770678433e-02 -9.9624263965258905e-05
1.9957350462297818e+00 1.0655288474579105e-01 -1.0630592292848462e-04
1.9946018965851127e+00 1.1983791350659936e-01 -1.1125760039720767e-04
1.9933357079690603e+00 1.3311091334097067e-01 -1.1438530922980304e-04
1.9919372273253402e+00 1.4637061816750757e-01 -1.1562664533304456e-04
1.9904065803696747e+00 1.5961571191513141e-01 -1.1495093727864611e-04
1.9887439047301676e+00 1.7284487943917110e-01 -1.1235953036403677e-04
1.9869493499451971e+00 1.8605680660736093e-01 -1.0788578399334448e-04
1.9850230774610611e+00 1.9925018038594136e-01 -1.0159452517255471e-04
1.9829652606293759e+00 2.1242368892587030e-01 -9.3580968523188063e-05
1.9807733325674992e+00 2.2557555022910064e-01 -8.3967772571247323e-05
1.9784493444294367e+00 2.3870471043727348e-01 -7.2905972303471928e-05
1.9759944055379708e+00 2.5181000696423250e-01 -6.0570823358307977e-05
1.9734087372949611e+00 2.6489013332948175e-01 -4.7158468557073618e-05
1.9706925729986555e+00 2.7794378466205188e-01 -3.2883014856155413e-05
1.9678461578398709e+00 2.9096965778769729e-01 -1.7972960343337625e-05
1.9648697488978961e+00 3.0396645131626232e-01 -2.6673921600384172e-06
1.9617636151361100e+00 3.1693286572921953e-01 1.2787977793360404e-05
1.9585247997315953e+00 3.2986677759510374e-01 2.8149188101123108e-05
1.9551563793376951e+00 3.4276753181199299e-01 4.3166695145924201e-05
1.9516591158975889e+00 3.5563394663912595e-01 5.7598831461058722e-05
1.9480333264065985e+00 3.6846473060013335e-01 7.1213951939430573e-05
1.9442793397288272e+00 3.8125859452445915e-01 8.3793611836080432e-05
1.9403974965912827e+00 3.9401425163632048e-01 9.5136050789479385e-05
1.9363881495776762e+00 4.0673041764389389e-01 1.0505937423932463e-04
1.9322506700049540e+00 4.1940548123264387e-01 1.1340688341920929e-04
1.9279836754036517e+00 4.3203752992244154e-01 1.2004998161208039e-04
1.9235903111093458e+00 4.4462617313174768e-01 1.2487549028894490e-04
1.9190709777078034e+00 4.5717013701146941e-01 1.2780525769318099e-04
1.9144260876188608e+00 4.6966815064170908e-01 1.2879083662609153e-04
1.9096560650883914e+00 4.8211894612271461e-01 1.2781404291595241e-04
1.9047613461798991e+00 4.9452125866610064e-01 1.2488702006474561e-04
1.8997423787657159e+00 5.0687382668634251e-01 1.2005181677321453e-04
1.8945959428193775e+00 5.1917383374191473e-01 1.1339669361554169e-04
1.8893260745213831e+00 5.3142145098079741e-01 1.0500612138364397e-04
1.8839333808170666e+00 5.4361547723728898e-01 9.5004278762411673e-05
1.8784183574960216e+00 5.5575466421787101e-01 8.3539614424532616e-05
1.8727815121224636e+00 5.6783776729220248e-01 7.0781819843768190e-05
1.8670233640241454e+00 5.7986354558670361e-01 5.6919043633918407e-05
1.8611444012564990e+00 5.9183074066481045e-01 4.2155150905776040e-05
1.8551413958757645e+00 6.0373619662392697e-01 2.6732683105157300e-05
1.8490187278019081e+00 6.1558054268195506e-01 1.0851849981285959e-05
1.8427769641942073e+00 6.2736255346832348e-01 -5.2573666047273136e-06
1.8364166839305152e+00 6.3908100784293365e-01 -2.1363076014413458e-05
1.8299384775934731e+00 6.5073468899202980e-01 -3.7234918802919750e-05
1.8233429474562042e+00 6.6232238452440118e-01 -5.2647427085217309e-05
1.8166291277707587e+00 6.7384195568426086e-01 -6.7368788739807797e-05
1.8097969047628359e+00 6.8529169355791908e-01 -8.1184356838903695e-05
1.8028492511260163e+00 6.9667174527214748e-01 -9.3922781204680534e-05
1.7957868167880848e+00 7.0798091662424900e-01 -1.0540871829656240e-04
1.7886102633064775e+00 7.1921801832440935e-01 -1.1548575492814626e-04
1.7813202638507462e+00 7.3038186609434663e-01 -1.2401839510811638e-04
1.7739169411830278e+00 7.4147090140618244e-01 -1.3088761334500981e-04
1.7663981756177811e+00 7.5248198727832971e-01 -1.3597280921007204e-04
1.7587680742814449e+00 7.6341620202374938e-01 -1.3924606918913621e-04
1.7510273577909359e+00 7.7427238194767378e-01 -1.4066880737928503e-04
1.7431767582980848e+00 7.8504936887261823e-01 -1.4022805052515966e-04
1.7352170194683729e+00 7.9574601023955316e-01 -1.3793629083425080e-04
1.7271480494838480e+00 8.0636050859784902e-01 -1.3382090182556539e-04
1.7189683470009647e+00 8.1688990817489071e-01 -1.2791599034511772e-04
1.7106818321131940e+00 8.2733543928123787e-01 -1.2034346429112830e-04
1.7022892956464872e+00 8.3769597242978400e-01 -1.1120976418443899e-04
1.6937915398439274e+00 8.4797038427345373e-01 -1.0064120505148824e-04
1.6851893783402119e+00 8.5815755770891100e-01 -8.8782048892399628e-05
1.6764812523297685e+00 8.6825430684708060e-01 -7.5763106548887293e-05
1.6676688087408782e+00 8.7826012709424683e-01 -6.1767967630688134e-05
1.6587545024489168e+00 8.8817529178061461e-01 -4.7001206138652656e-05
1.6497391938658115e+00 8.9799870945871130e-01 -3.1656223435039266e-05
1.6406237546761646e+00 9.0772929546224213e-01 -1.5932348141012295e-05
1.6314079577155147e+00 9.1736489963531853e-01 -1.8705364590600821e-08
1.6220909592521877e+00 9.2690267917281288e-01 1.5902214563379147e-05
1.6126765529854907e+00 9.3634430666543556e-01 3.1593658294637470e-05
1.6031656569899302e+00 9.4568872533755766e-01 4.6858605329935805e-05
1.5935592004725736e+00 9.5493488574561347e-01 6.1506920123521866e-05
1.5838572015940280e+00 9.6408075769986079e-01 7.5368555298993583e-05
1.5740585230742856e+00 9.7312296920303132e-01 8.8298167224998281e-05
1.5641671857409039e+00 9.8206370757757333e-01 1.0010298615781288e-04
1.5541841647137231e+00 9.9090195357531630e-01 1.1064175114072759e-04
1.5441104460814745e+00 9.9963669584401382e-01 1.1978985472560486e-04
1.5339453031856209e+00 1.0082648804774050e+00 1.2746045898759384e-04
1.5236893146575983e+00 1.0167848726313975e+00 1.3357057537466410e-04
1.5133457078790529e+00 1.0251982607662109e+00 1.3802720992583950e-04
1.5029155142732171e+00 1.0335040660974768e+00 1.4078343096723955e-04
1.4923997760425758e+00 1.0417013183128490e+00 1.4181323583928318e-04
1.4817961586497768e+00 1.0497845733908218e+00 1.4114985430646598e-04
1.4711087165617998e+00 1.0577566474849587e+00 1.3877531940509341e-04
1.4603389851814557e+00 1.0656171921520563e+00 1.3472098090927537e-04
1.4494880513548900e+00 1.0733652720845044e+00 1.2904327807827798e-04
1.4385549794574710e+00 1.0809970194828806e+00 1.2184076324173178e-04
1.4275412210336107e+00 1.0885118443310324e+00 1.1320321802488212e-04
1.4164496558830153e+00 1.0959113338788700e+00 1.0322110647287273e-04
1.4052814148738419e+00 1.1031945898373794e+00 9.2020152108851505e-05
1.3940361861571975e+00 1.1103584177860235e+00 7.9756753601945007e-05
1.3827143943919904e+00 1.1174006140552564e+00 6.6591348104827475e-05
1.3713194614218946e+00 1.1243238184249404e+00 5.2659603765992075e-05
1.3598525614282764e+00 1.1311271716784477e+00 3.8131527911211549e-05
1.3483133298489751e+00 1.1378071190105106e+00 2.3202250769793764e-05
1.3367025457453650e+00 1.1443618992945122e+00 8.0579576606787418e-06
1.3250234664622709e+00 1.1507941890887994e+00 -7.1437587079170567e-06
1.3132773086920304e+00 1.1571031703392787e+00 -2.2220703205899639e-05
1.3014630918501733e+00 1.1632837701281833e+00 -3.6964049436649660e-05
1.2895831067630792e+00 1.1693369760957064e+00 -5.1210796997436275e-05
1.2776398501649953e+00 1.1752643599226260e+00 -6.4807885873596760e-05
1.2656345555771014e+00 1.1810650948166881e+00 -7.7594239828782108e-05
1.2535652647286530e+00 1.1867314723811184e+00 -8.9373135057080306e-05
1.2414366109249770e+00 1.1922696129464545e+00 -1.0005219826880739e-04
1.2292498836246097e+00 1.1976787757663303e+00 -1.0950664366582427e-04
1.2170047520723912e+00 1.2029543997141710e+00 -1.1760143470995746e-04
1.2047027255181699e+00 1.2080959445431458e+00 -1.2424457485638030e-04
1.1923466648165988e+00 1.2131062349744690e+00 -1.2938385360894428e-04
1.1799374074125579e+00 1.2179833061298964e+00 -1.3295372850863357e-04
1.1674743523135009e+00 1.2227212099014737e+00 -1.3488114816273547e-04
1.1549614004735598e+00 1.2273256910530301e+00 -1.3519053354849039e-04
1.1423999108314664e+00 1.2317960929226073e+00 -1.3388382588486183e-04
1.1297886686420142e+00 1.2361241500322100e+00 -1.3093142421327642e-04
1.1171315822510968e+00 1.2403162105503722e+00 -1.2642188633660290e-04
1.1044302207418024e+00 1.2443721745836227e+00 -1.2042016166136094e-04
1.0916838639235948e+00 1.2482844387295233e+00 -1.1295784607145977e-04
1.0788957094246814e+00 1.2520578071921742e+00 -1.0416969008808508e-04
1.0660676360728136e+00 1.2556931803665146e+00 -9.4181083890809716e-05
1.0531991306690116e+00 1.2591827306407097e+00 -8.3070082081526637e-05
1.0402932792403847e+00 1.2625314901804092e+00 -7.1020265403287652e-05
1.0273519566027065e+00 1.2657404784305903e+00 -5.8199948071102625e-05
1.0143746532490474e+00 1.2688007103494610e+00 -4.4711719511703052e-05
1.0013647750048651e+00 1.2717193134766829e+00 -3.0787650832087010e-05
9.8832372964598947e-01 1.2744953737539058e+00 -1.6606353510750790e-05
9.7525159432669895e-01 1.2771211423706856e+00 -2.2933644270306513e-06
9.6215165181188766e-01 1.2796044259660151e+00 1.1898292812118067e-05
9.4902471264725996e-01 1.2819408107155772e+00 2.5816086377750111e-05
9.3587207885304080e-01 1.2841279219479200e+00 3.9296491540552494e-05
9.2269631980739419e-01 1.2861711223902164e+00 5.2111743279015244e-05
9.0949786439003233e-01 1.2880621609048271e+00 6.4167031474937630e-05
8.9627917553238112e-01 1.2898061265375773e+00 7.5254643560951337e-05
8.8304185392044321e-01 1.2914025421406934e+00 8.5229905470773915e-05
8.6978690451694118e-01 1.2928453104870929e+00 9.4023487534400360e-05
8.5651687566775048e-01 1.2941420678577351e+00 1.0143812152318965e-04
8.4323266787692119e-01 1.2952844359419031e+00 1.0746767529234980e-04
8.2993646074285798e-01 1.2962774170363938e+00 1.1197812711150060e-04
8.1662984620964185e-01 1.2971195101779680e+00 1.1492821484360152e-04
8.0331435073033763e-01 1.2978070854175823e+00 1.1632825941476634e-04
7.8999203726563505e-01 1.2983467956355488e+00 1.1607806678548548e-04
7.7666423153208419e-01 1.2987274750355562e+00 1.1433643575786687e-04
7.6333302094535249e-01 1.2989598824048711e+00 1.1098692030930835e-04
7.5000000148840273e-01 1.2990352567132326e+00 1.0620732017341265e-04
7.3666698635997363e-01 1.2989589205591989e+00 9.9993493090755323e-05
7.2333576813201228e-01 1.2987273798414214e+00 9.2492589629289426e-05
7.1000812953958903e-01 1.2983411752362843e+00 8.3809420472702456e-05
6.9668584454737048e-01 1.2978010822201695e+00 7.4059609838972320e-05
6.8337084391324410e-01 1.2971040372377072e+00 6.3440710729167890e-05
6.7006474532839122e-01 1.2962538999474555e+00 5.2039782481250185e-05
6.5676972186728422e-01 1.2952451996005856e+00 4.0124661151663694e-05
6.4348718212816558e-01 1.2940836773400963e+00 2.7759349090938919e-05
6.3021955013109388e-01 1.2927626675077122e+00 1.5253436403961387e-05
6.1696805879483818e-01 1.2912885768713946e+00 2.6568551128036815e-06
6.0373530474724979e-01 1.2896547682081738e+00 -9.7131255243354514e-06
5.9052246608833492e-01 1.2878670891097239e+00 -2.1807347567737178e-05
5.7733214562103696e-01 1.2859201609325359e+00 -3.3339651386299352e-05
5.6416567597323541e-01 1.2838180426419445e+00 -4.4243378062747147e-05
5.5102541064482602e-01 1.2815578467863877e+00 -5.4305909350516053e-05
5.3791313548364494e-01 1.2791406139652595e+00 -6.3419372087869478e-05
5.2483060939342308e-01 1.2765671786057495e+00 -7.1489550170555902e-05
5.1178046015653289e-01 1.2738343373308556e+00 -7.8337986748167082e-05
4.9876341638708716e-01 1.2709478707575992e+00 -8.4034913575559172e-05
4.8578342703061067e-01 1.2678991145224241e+00 -8.8296299596279937e-05
4.7284034295488631e-01 1.2646973292756847e+00 -9.1330005528078600e-05
4.5993796720844210e-01 1.2613352245524447e+00 -9.2924774375946538e-05
4.4707724176655328e-01 1.2578172143734154e+00 -9.3205980238320052e-05
4.3426015798012396e-01 1.2541433332589034e+00 -9.2202594850210331e-05
4.2149007917004488e-01 1.2503092865628509e+00 -8.9837626119360081e-05
4.0876709242386200e-01 1.2463217568699392e+00 -8.6367917282226245e-05
3.9609515871195283e-01 1.2421748168012603e+00 -8.1702600044031293e-05
3.8347541718671790e-01 1.2378717123260377e+00 -7.6032842868056810e-05
3.7090904637647221e-01 1.2334151060419605e+00 -6.9550035311949392e-05
3.5840092677435037e-01 1.2287975317164577e+00 -6.2147075280738484e-05
3.4595062849453173e-01 1.2240263072426161e+00 -5.4175854137250561e-05
3.3356024026873993e-01 1.2191015417829558e+00 -4.5776619004289636e-05
3.2123465594556705e-01 1.2140167638657713e+00 -3.6882197017917853e-05
3.0897326758603227e-01 1.2087791299738360e+00 -2.7856453693964053e-05
2.9677824706556771e-01 1.2033887327366593e+00 -1.8840307135947750e-05
2.8465439326486786e-01 1.1978401147895776e+00 -9.7866523802725425e-06
2.7260171341008438e-01 1.1921385937623521e+00 -9.9224659066976486e-07
2.6062210019477489e-01 1.1862850966490353e+00 7.3961546619427665e-06
2.4871895145334671e-01 1.1802776013567806e+00 1.5342569711473963e-05
2.3689507885743505e-01 1.1741155651727297e+00 2.2776732413576355e-05
2.2515109021616600e-01 1.1678026383060216e+00 2.9498425228702281e-05
2.1348927776768767e-01 1.1613391477581110e+00 3.5435011396911520e-05
2.0191311258353231e-01 1.1547234597451008e+00 4.0600177474092738e-05
1.9042521867848866e-01 1.1479556739239327e+00 4.4965849033129501e-05
1.7902646663954402e-01 1.1410388317762388e+00 4.8414987417033643e-05
1.6771920826205455e-01 1.1339734084916551e+00 5.0937958755437031e-05
1.5650581182189416e-01 1.1267599185194417e+00 5.2540618225904723e-05
1.4539005845252703e-01 1.1193968397210941e+00 5.3321817463869436e-05
1.3437372051691851e-01 1.1118858577347974e+00 5.3277447322752636e-05
1.2345836668355523e-01 1.1042288832217344e+00 5.2406918097491768e-05
1.1264641283182489e-01 1.0964265914770213e+00 5.0768358676456238e-05
1.0194028801101881e-01 1.0884797005115943e+00 4.8429542899519611e-05
9.1342433699524272e-02 1.0803889717816180e+00 4.5466193536514155e-05
8.0855303041881835e-02 1.0721552109056500e+00 4.1960196149659623e-05
7.0482170843870665e-02 1.0637782788457955e+00 3.8038588968114517e-05
6.0225110347518880e-02 1.0552596311654430e+00 3.3768416288659800e-05
5.0086046608320701e-02 1.0466008918883201e+00 2.9210921492217604e-05
4.0067460526600145e-02 1.0378030440459434e+00 2.4454229413217732e-05
3.0171840687309322e-02 1.0288671178846995e+00 1.9583727551841786e-05
2.0401682477270922e-02 1.0197941915012665e+00 1.4680549725643031e-05
1.0759487181825157e-02 1.0105853914621521e+00 9.8202214964260293e-06
1.2477610611556717e-03 1.0012418934068175e+00 5.0714915064142812e-06
-8.1309855934155739e-03 9.9176492263385274e-01 4.9536813329087384e-07
-1.7374239422867907e-02 9.8215575466968008e-01 -3.8556242147880226e-06
-2.6479484983339178e-02 9.7241571581926922e-01 -7.9379602032636532e-06
-3.5444205748077426e-02 9.6254618369834810e-01 -1.1717396626975680e-05
-4.4265885128151293e-02 9.5254858774660212e-01 -1.5169025486927444e-05
-5.2942007511568530e-02 9.4242440972135721e-01 -1.8277104628983135e-05
-6.1470059320439759e-02 9.3217518417125855e-01 -2.1034678695519560e-05
-6.9846379957030830e-02 9.2180158337877727e-01 -2.3395066534481770e-05
-7.8068703413902873e-02 9.1130551337996069e-01 -2.5378513166085532e-05
-8.6135147976459561e-02 9.0068919396365499e-01 -2.7026801172169726e-05
-9.4043211514468816e-02 8.8995438581783248e-01 -2.8360882021294387e-05
-1.0179039975265053e-01 8.7910290473244834e-01 -2.9406234627216147e-05
-1.0937422743502785e-01 8.6813662193680985e-01 -3.0191736550055911e-05
-1.1679042148178519e-01 8.5705627928443240e-01 -3.0678603646694391e-05
-1.2403625327307589e-01 8.4586379886911645e-01 -3.0891174330971445e-05
-1.3111099724922565e-01 8.3456240882227295e-01 -3.0929992307360279e-05
-1.3801221040637324e-01 8.2315421726620031e-01 -3.0826647846593502e-05
-1.4473462684877741e-01 8.1163975854346648e-01 -3.0505614579068308e-05
-1.5127629462108513e-01 8.0002166894198623e-01 -3.0014584614934670e-05
-1.5763683611636245e-01 7.8830344006332131e-01 -2.9454003426021548e-05
-1.6381085223117034e-01 7.7648587096637633e-01 -2.8736948596397298e-05
-1.6979571422286352e-01 7.6457139587228073e-01 -2.7875235964480712e-05
-1.7559199822124980e-01 7.5256404350964912e-01 -2.6989053523496231e-05
-1.8119090049012954e-01 7.4046339701620167e-01 -2.5865865911078874e-05
-1.8659563549883146e-01 7.2827479485511171e-01 -2.4709924923482781e-05
-1.9179932923520487e-01 7.1599902093672496e-01 -2.3373980634122663e-05
-1.9680186323252061e-01 7.0363990508752272e-01 -2.1940274431253577e-05
-2.0159814912488982e-01 6.9119930503733562e-01 -2.0323688928236556e-05
-2.0618801043712834e-01 6.7868106950484575e-01 -1.8601774361082242e-05
-2.1056480643958334e-01 6.6608676525627120e-01 -1.6644203050308885e-05
-2.1473065081701584e-01 6.5342111796184588e-01 -1.4603871832719051e-05
-2.1867713030806935e-01 6.4068541026677139e-01 -1.2304958737219261e-05
-2.2240520171304626e-01 6.2788408512184768e-01 -9.8707745583292983e-06
-2.2591254676851402e-01 6.1502052118591832e-01 -7.3257172121254957e-06
-2.2919212346633200e-01 6.0209700759831786e-01 -4.5623798776150987e-06
-2.3224389464908535e-01 5.8911783312571842e-01 -1.6899545957071972e-06
-2.3506540260893058e-01 5.7608667058207930e-01 1.2485311589593982e-06
-2.3765334701729365e-01 5.6300711225165967e-01 4.2262514372004584e-06
-2.4000442479563450e-01 5.4988289398483581e-01 7.2078937911612718e-06
-2.4211378365330624e-01 5.3671766605422799e-01 1.0190948546817683e-05
-2.4398052427552214e-01 5.2351586698822916e-01 1.3060323005464896e-05
-2.4560153004132898e-01 5.1028165688043470e-01 1.5756380484233109e-05
-2.4697374046169823e-01 4.9701934631751671e-01 1.8214152472884049e-05
-2.4809415670130286e-01 4.8373339618714256e-01 2.0365185699366968e-05
-2.4895984712513181e-01 4.7042841730954338e-01 2.2139654943076348e-05
-2.4956684834611789e-01 4.5710912996849462e-01 2.3494010305769031e-05
-2.4991188502686493e-01 4.4378049698644700e-01 2.4372002770833842e-05
-2.4999321721482831e-01 4.3044766389437883e-01 2.4690632840607119e-05
-2.4980823878935784e-01 4.1711587034257191e-01 2.4397889025723478e-05
-2.4935310541758079e-01 4.0379056020206333e-01 2.3480350808124949e-05
-2.4862264163000095e-01 3.9047751242656115e-01 2.1963860948326360e-05
-2.4761801571810874e-01 3.7718234793720984e-01 1.9761107674737273e-05
-2.4633135295052963e-01 3.6391151665386584e-01 1.6984215704868306e-05
-2.4476447764948847e-01 3.5067084709169061e-01 1.3573150343448860e-05
-2.4290874732275383e-01 3.3746757129665428e-01 9.6867874985751001e-06
-2.4076560623656901e-01 3.2430791389562802e-01 5.3137477512565957e-06
-2.3833097145035448e-01 3.1119904539171284e-01 5.6472076875868765e-07
-2.3559927489567489e-01 2.9814884726421431e-01 -4.4096992139752702e-06
-2.3256905648864451e-01 2.8516473915469626e-01 -9.5156302079846267e-06
-2.2923730245472834e-01 2.7225473122257016e-01 -1.4619471700130785e-05
-2.2560075752086423e-01 2.5942725204590161e-01 -1.9575026736468049e-05
-2.2165639825610098e-01 2.4669105413499931e-01 -2.4235103200972989e-05
-2.1739861374086078e-01 2.3405619979514952e-01 -2.8414251171920986e-05
-2.1282688568076777e-01 2.2153155144558692e-01 -3.2008235987215916e-05
-2.0793810464886212e-01 2.0912723388756749e-01 -3.4882513118159042e-05
-2.0272646510538322e-01 1.9685507968243138e-01 -3.6881652287421032e-05
-1.9719079352587909e-01 1.8472567457943564e-01 -3.7935173829287141e-05
-1.9132756101251128e-01 1.7275119202158315e-01 -3.7965399183659265e-05
-1.8513280886240477e-01 1.6094482226171161e-01 -3.6920376180651928e-05
-1.7860316609048604e-01 1.4932034909862066e-01 -3.4790787739366613e-05
-1.7173588785503527e-01 1.3789212435918999e-01 -3.1612326597457718e-05
-1.6452773583674996e-01 1.2667580822544636e-01 -2.7454373323153314e-05
-1.5697447965939146e-01 1.1568895708738017e-01 -2.2416929646169870e-05
-1.4907309363980711e-01 1.0494979872334943e-01 -1.6653668113292275e-05
-1.4082085594882204e-01 9.4477886306218173e-02 -1.0358347984368993e-05
-1.3221307001748303e-01 8.4296285086512768e-02 -3.7396410081137729e-06
-1.2324798607382909e-01 7.4427912720884087e-02 2.9397957359462994e-06
-1.1392062145295334e-01 6.4901313477648881e-02 9.4276325932028704e-06
-1.0422822335686520e-01 5.5746492991233951e-02 1.5445539171723980e-05
-9.4167556697986946e-02 4.6998159245340350e-02 2.0727487969985491e-05
-8.3735093534981250e-02 3.8696914193959264e-02 2.5034950144761647e-05
-7.2926945928241046e-02 3.0891382052804658e-02 2.8178265296575730e-05
-6.1740097214956331e-02 2.3639457444197747e-02 3.0035655314952787e-05
-5.0171053380373407e-02 1.7014917434211570e-02 3.0596870007608873e-05
-3.8215877560487603e-02 1.1116853949190639e-02 3.0012083560231488e-05
-2.5871256197518257e-02 6.0871825814100659e-03 2.8668485455726837e-05
-1.3133923764653914e-02 2.1646502576696280e-03 2.7378486515973932e-05
-2.2204350917972752e-15 -6.9757255213957794e-18 2.8284883139217953e-05
-1.3133923764660374e-02 -2.1646502576712213e-03 1.7576459058046021e-05
-2.5871256197523101e-02 -6.0871825814118128e-03 3.6465037003133370e-06
-3.8215877560491072e-02 -1.1116853949192223e-02 -1.1227455766961680e-05
-5.0171053380376453e-02 -1.7014917434213218e-02 -2.6009498862479545e-05
-6.1740097214958232e-02 -2.3639457444198902e-02 -4.0018910416107237e-05
-7.2926945928241602e-02 -3.0891382052805033e-02 -5.2765221559036519e-05
-8.3735093534982291e-02 -3.8696914193960069e-02 -6.3884479909835992e-05
-9.4167556697987903e-02 -4.6998159245341134e-02 -7.3105703700991980e-05
-1.0422822335686575e-01 -5.5746492991234443e-02 -8.0236855999216871e-05
-1.1392062145295467e-01 -6.4901313477650172e-02 -8.5151855327432469e-05
-1.2324798607382922e-01 -7.4427912720884240e-02 -8.7782571104515900e-05
-1.3221307001748331e-01 -8.4296285086513101e-02 -8.8111924733545038e-05
-1.4082085594882168e-01 -9.4477886306217729e-02 -8.6184688362484635e-05
-1.4907309363980684e-01 -1.0494979872334906e-01 -8.2074702220095996e-05
-1.5697447965939124e-01 -1.1568895708737981e-01 -7.5915701184176010e-05
-1.6452773583675026e-01 -1.2667580822544686e-01 -6.7869081558431812e-05
-1.7173588785503566e-01 -1.3789212435919063e-01 -5.8133171316081242e-05
-1.7860316609048618e-01 -1.4932034909862094e-01 -4.6946450262333461e-05
-1.8513280886240471e-01 -1.6094482226171147e-01 -3.4567356307954600e-05
-1.9132756101251056e-01 -1.7275119202158173e-01 -2.1271750171539261e-05
-1.9719079352587809e-01 -1.8472567457943351e-01 -7.3562723582470931e-06
-2.0272646510538270e-01 -1.9685507968243021e-01 6.8670345108184927e-06
-2.0793810464886200e-01 -2.0912723388756721e-01 2.1085193586053992e-05
-2.1282688568076802e-01 -2.2153155144558753e-01 3.5008364019539759e-05
-2.1739861374086131e-01 -2.3405619979515110e-01 4.8313985737360996e-05
-2.2165639825610103e-01 -2.4669105413499950e-01 6.0717255311343310e-05
-2.2560075752086470e-01 -2.5942725204590322e-01 7.1978783388701423e-05
-2.2923730245472856e-01 -2.7225473122257099e-01 8.1836906909771301e-05
-2.3256905648864462e-01 -2.8516473915469670e-01 9.0084607368451350e-05
-2.3559927489567489e-01 -2.9814884726421431e-01 9.6547426981702378e-05
-2.3833097145035467e-01 -3.1119904539171367e-01 1.0109162587829128e-04
-2.4076560623656909e-01 -3.2430791389562852e-01 1.0364118403735636e-04
-2.4290874732275378e-01 -3.3746757129665395e-01 1.0411896525411299e-04
-2.4476447764948833e-01 -3.5067084709168961e-01 1.0250534428810076e-04
-2.4633135295052949e-01 -3.6391151665386462e-01 9.8886561667371699e-05
-2.4761801571810871e-01 -3.7718234793720934e-01 9.3275896315692081e-05
-2.4862264163000086e-01 -3.9047751242655993e-01 8.5847220335194541e-05
-2.4935310541758071e-01 -4.0379056020206161e-01 7.6695663444092954e-05
-2.4980823878935782e-01 -4.1711587034256997e-01 6.6059034248056037e-05
-2.4999321721482831e-01 -4.3044766389437639e-01 5.4125432359275478e-05
-2.4991188502686498e-01 -4.4378049698644362e-01 4.1121422977880018e-05
-2.4956684834611803e-01 -4.5710912996849062e-01 2.7307459132153156e-05
-2.4895984712513217e-01 -4.7042841730953749e-01 1.2968985200673137e-05
-2.4809415670130336e-01 -4.8373339618713668e-01 -1.6227855630934758e-06
-2.4697374046169876e-01 -4.9701934631751116e-01 -1.6206740469426606e-05
-2.4560153004132948e-01 -5.1028165688043015e-01 -3.0512617348654732e-05
-2.4398052427552283e-01 -5.2351586698822405e-01 -4.4281749402075340e-05
-2.4211378365330702e-01 -5.3671766605422278e-01 -5.7272127057250724e-05
-2.4000442479563519e-01 -5.4988289398483170e-01 -6.9262947644865860e-05
-2.3765334701729457e-01 -5.6300711225165478e-01 -8.0021375073291434e-05
-2.3506540260893147e-01 -5.7608667058207497e-01 -8.9405658332875073e-05
-2.3224389464908618e-01 -5.8911783312571453e-01 -9.7280033367119753e-05
-2.2919212346633291e-01 -6.0209700759831430e-01 -1.0354099673881567e-04
-2.2591254676851519e-01 -6.1502052118591366e-01 -1.0810379236597663e-04
-2.2240520171304751e-01 -6.2788408512184324e-01 -1.1087413104393648e-04
-2.1867713030807090e-01 -6.4068541026676629e-01 -1.1191323247461413e-04
-2.1473065081701748e-01 -6.5342111796184077e-01 -1.1123292127623863e-04
-2.1056480643958542e-01 -6.6608676525626509e-01 -1.0881594375589110e-04
-2.0618801043713059e-01 -6.7868106950483931e-01 -1.0484206215222171e-04
-2.0159814912489266e-01 -6.9119930503732818e-01 -9.9327036691965187e-05
-1.9680186323252308e-01 -7.0363990508751639e-01 -9.2468450614391337e-05
-1.9179932923520779e-01 -7.1599902093671774e-01 -8.4365618374937474e-05
-1.8659563549883446e-01 -7.2827479485510493e-01 -7.5224148051944412e-05
-1.8119090049013267e-01 -7.4046339701619479e-01 -6.5170430060823556e-05
-1.7559199822125315e-01 -7.5256404350964212e-01 -5.4464957596311883e-05
-1.6979571422286657e-01 -7.6457139587227441e-01 -4.3185709816595544e-05
-1.6381085223117325e-01 -7.7648587096637067e-01 -3.1636280188762633e-05
-1.5763683611636548e-01 -7.8830344006331565e-01 -1.9943441259884228e-05
-1.5127629462108866e-01 -8.0002166894197990e-01 -8.2889183473655609e-06
-1.4473462684878072e-01 -8.1163975854346071e-01 3.1014410710739088e-06
-1.3801221040637665e-01 -8.2315421726619453e-01 1.4106333493968389e-05
-1.3111099724922906e-01 -8.3456240882226729e-01 2.4587541165632661e-05
-1.2403625327307956e-01 -8.4586379886911056e-01 3.4358977738180307e-05
-1.1679042148178861e-01 -8.5705627928442718e-01 4.3303545924744377e-05
-1.0937422743503172e-01 -8.6813662193680430e-01 5.1353765685768771e-05
-1.0179039975265393e-01 -8.7910290473244346e-01 5.8422271954738945e-05
-9.4043211514472536e-02 -8.8995438581782738e-01 6.4410593510144665e-05
-8.6135147976463544e-02 -9.0068919396364955e-01 6.9272416574395201e-05
-7.8068703413906287e-02 -9.1130551337995613e-01 7.2979387057414704e-05
-6.9846379957034882e-02 -9.2180158337877205e-01 7.5520640395509986e-05
-6.1470059320443464e-02 -9.3217518417125389e-01 7.6914319805942974e-05
-5.2942007511571999e-02 -9.4242440972135311e-01 7.7187324404315305e-05
-4.4265885128154540e-02 -9.5254858774659834e-01 7.6353979318821735e-05
-3.5444205748080472e-02 -9.6254618369834477e-01 7.4464365245829889e-05
-2.6479484983341607e-02 -9.7241571581926667e-01 7.1580648319802265e-05
-1.7374239422870846e-02 -9.8215575466967697e-01 6.7775623736277004e-05
-8.1309855934182437e-03 -9.9176492263384997e-01 6.3131206205158108e-05
1.2477610611523252e-03 -1.0012418934068141e+00 5.7736894369053695e-05
1.0759487181821853e-02 -1.0105853914621488e+00 5.1688233687285923e-05
2.0401682477267504e-02 -1.0197941915012632e+00 4.5085299409053370e-05
3.0171840687306186e-02 -1.0288671178846966e+00 3.8031218314249486e-05
4.0067460526596307e-02 -1.0378030440459400e+00 3.0630744941362295e-05
5.0086046608316545e-02 -1.0466008918883163e+00 2.2988905153509272e-05
6.0225110347514897e-02 -1.0552596311654396e+00 1.5209717204922590e-05
7.0482170843865960e-02 -1.0637782788457917e+00 7.3949979875198605e-06
8.0855303041877657e-02 -1.0721552109056467e+00 -3.4355034750355131e-07
9.1342433699520109e-02 -1.0803889717816149e+00 -7.9012577891557339e-06
1.0194028801101458e-01 -1.0884797005115912e+00 -1.5208219182549776e-05
1.1264641283182053e-01 -1.0964265914770182e+00 -2.2181431567847038e-05
1.2345836668355063e-01 -1.1042288832217311e+00 -2.8744650405920776e-05
1.3437372051691313e-01 -1.1118858577347936e+00 -3.4829014462722796e-05
1.4539005845252242e-01 -1.1193968397210909e+00 -4.0373576362773292e-05
1.5650581182188930e-01 -1.1267599185194384e+00 -4.5302097762989199e-05
1.6771920826205064e-01 -1.1339734084916528e+00 -4.9550771857420614e-05
1.7902646663954003e-01 -1.1410388317762363e+00 -5.3123179134639826e-05
1.9042521867848472e-01 -1.1479556739239305e+00 -5.5993440591151092e-05
2.0191311258352840e-01 -1.1547234597450986e+00 -5.8144895338396743e-05
2.1348927776768331e-01 -1.1613391477581085e+00 -5.9522477342643931e-05
2.2515109021616189e-01 -1.1678026383060194e+00 -6.0133662239891812e-05
2.3689507885743019e-01 -1.1741155651727273e+00 -6.0025678882191777e-05
2.4871895145334227e-01 -1.1802776013567784e+00 -5.9217882415807374e-05
2.6062210019477067e-01 -1.1862850966490333e+00 -5.7676976708220806e-05
2.7260171341008022e-01 -1.1921385937623501e+00 -5.5453557558315936e-05
2.8465439326486353e-01 -1.1978401147895756e+00 -5.2631796104374289e-05
2.9677824706556372e-01 -1.2033887327366575e+00 -4.9248591533324067e-05
3.0897326758602783e-01 -1.2087791299738340e+00 -4.5267287207106946e-05
3.2123465594556366e-01 -1.2140167638657700e+00 -4.0851550562770442e-05
3.3356024026873626e-01 -1.2191015417829545e+00 -3.6068670787758876e-05
3.4595062849452879e-01 -1.2240263072426150e+00 -3.0862219770444461e-05
3.5840092677434660e-01 -1.2287975317164563e+00 -2.5424697247311556e-05
3.7090904637646915e-01 -1.2334151060419594e+00 -1.9831456145147360e-05
3.8347541718671507e-01 -1.2378717123260368e+00 -1.4029570496676412e-05
3.9609515871194984e-01 -1.2421748168012592e+00 -8.2320994347906373e-06
4.0876709242385978e-01 -1.2463217568699385e+00 -2.4691553195399499e-06
4.2149007917004283e-01 -1.2503092865628502e+00 3.2407402146272801e-06
4.3426015798012330e-01 -1.2541433332589031e+00 8.7177761272094756e-06
4.4707724176655200e-01 -1.2578172143734152e+00 1.4010568051947560e-05
4.5993796720844154e-01 -1.2613352245524445e+00 1.8976110322865836e-05
4.7284034295488525e-01 -1.2646973292756845e+00 2.3553776231199912e-05
4.8578342703060995e-01 -1.2678991145224241e+00 2.7765746732022482e-05
4.9876341638708632e-01 -1.2709478707575990e+00 3.1433855521401100e-05
5.1178046015653300e-01 -1.2738343373308556e+00 3.4678499894802428e-05
5.2483060939342352e-01 -1.2765671786057495e+00 3.7312033015712856e-05
5.3791313548364661e-01 -1.2791406139652599e+00 3.9408200752877320e-05
5.5102541064482835e-01 -1.2815578467863882e+00 4.0891281926525018e-05
5.6416567597323797e-01 -1.2838180426419448e+00 4.1764440629865604e-05
5.7733214562103918e-01 -1.2859201609325364e+00 4.2042348028736853e-05
5.9052246608833692e-01 -1.2878670891097241e+00 4.1680135782984344e-05
6.0373530474725245e-01 -1.2896547682081740e+00 4.0760687058716258e-05
6.1696805879484062e-01 -1.2912885768713949e+00 3.9212587381376438e-05
6.3021955013109676e-01 -1.2927626675077124e+00 3.7164271806222622e-05
6.4348718212816769e-01 -1.2940836773400961e+00 3.4538119788596333e-05
6.5676972186728755e-01 -1.2952451996005858e+00 3.1485167882205907e-05
6.7006474532839422e-01 -1.2962538999474555e+00 2.7940772314494211e-05
6.8337084391324698e-01 -1.2971040372377072e+00 2.4055532849676094e-05
6.9668584454737303e-01 -1.2978010822201695e+00 1.9795860878968341e-05
7.1000812953959180e-01 -1.2983411752362843e+00 1.5288997951889979e-05
7.2333576813201450e-01 -1.2987273798414214e+00 1.0549488220101821e-05
7.3666698635997674e-01 -1.2989589205591989e+00 5.6586067629371684e-06
7.5000000148840529e-01 -1.2990352567132326e+00 6.9524666290732242e-07
7.6333302094535571e-01 -1.2989598824048709e+00 -4.3274008563187766e-06
7.7666423153208697e-01 -1.2987274750355560e+00 -9.2505794986319501e-06
7.8999203726563771e-01 -1.2983467956355488e+00 -1.4147926870267112e-05
8.0331435073034096e-01 -1.2978070854175821e+00 -1.8774038132995940e-05
8.1662984620964418e-01 -1.2971195101779678e+00 -2.3244857761950396e-05
8.2993646074286054e-01 -1.2962774170363935e+00 -2.7387599188743995e-05
8.4323266787692297e-01 -1.2952844359419029e+00 -3.1200868573000307e-05
8.5651687566775248e-01 -1.2941420678577349e+00 -3.4652319648165182e-05
8.6978690451694296e-01 -1.2928453104870929e+00 -3.7608926849674859e-05
8.8304185392044543e-01 -1.2914025421406929e+00 -4.0159303343223485e-05
8.9627917553238212e-01 -1.2898061265375771e+00 -4.2138538655978053e-05
9.0949786439003333e-01 -1.2880621609048268e+00 -4.3609452041071251e-05
9.2269631980739519e-01 -1.2861711223902166e+00 -4.4550089179695738e-05
9.3587207885304180e-01 -1.2841279219479198e+00 -4.4855466418969328e-05
9.4902471264726040e-01 -1.2819408107155770e+00 -4.4641689685542829e-05
9.6215165181188800e-01 -1.2796044259660151e+00 -4.3812587106728529e-05
9.7525159432669850e-01 -1.2771211423706856e+00 -4.2403129360213385e-05
9.8832372964598858e-01 -1.2744953737539060e+00 -4.0487619983098355e-05
1.0013647750048642e+00 -1.2717193134766829e+00 -3.7950729324442989e-05
1.0143746532490461e+00 -1.2688007103494612e+00 -3.4933436629192023e-05
1.0273519566027054e+00 -1.2657404784305906e+00 -3.1473197704690037e-05
1.0402932792403836e+00 -1.2625314901804094e+00 -2.7484086932316736e-05
1.0531991306690109e+00 -1.2591827306407100e+00 -2.3145009209413196e-05
1.0660676360728114e+00 -1.2556931803665150e+00 -1.8479208166333181e-05
1.0788957094246794e+00 -1.2520578071921746e+00 -1.3449793252018342e-05
1.0916838639235926e+00 -1.2482844387295238e+00 -8.2317854726010609e-06
1.1044302207418004e+00 -1.2443721745836234e+00 -2.8630512116656335e-06
1.1171315822510948e+00 -1.2403162105503729e+00 2.6790890879091478e-06
1.1297886686420122e+00 -1.2361241500322109e+00 8.2134450158921624e-06
1.1423999108314642e+00 -1.2317960929226082e+00 1.3678803125971587e-05
1.1549614004735582e+00 -1.2273256910530306e+00 1.9118838289866602e-05
1.1674743523134989e+00 -1.2227212099014746e+00 2.4338113457256224e-05
1.1799374074125557e+00 -1.2179833061298975e+00 2.9266115360249145e-05
1.1923466648165977e+00 -1.2131062349744695e+00 3.3940004122268150e-05
1.2047027255181679e+00 -1.2080959445431467e+00 3.8206562375631130e-05
1.2170047520723895e+00 -1.2029543997141716e+00 4.1981385017209050e-05
1.2292498836246075e+00 -1.1976787757663312e+00 4.5264427703584062e-05
1.2414366109249757e+00 -1.1922696129464552e+00 4.8005209989820941e-05
1.2535652647286510e+00 -1.1867314723811193e+00 5.0091630325654890e-05
1.2656345555770998e+00 -1.1810650948166892e+00 5.1482449008100069e-05
1.2776398501649937e+00 -1.1752643599226269e+00 5.2261379758000735e-05
1.2895831067630776e+00 -1.1693369760957073e+00 5.2285750395286739e-05
1.3014630918501715e+00 -1.1632837701281842e+00 5.1538646529625267e-05
1.3132773086920293e+00 -1.1571031703392791e+00 5.0054588726089477e-05
1.3250234664622700e+00 -1.1507941890887998e+00 4.7869035496361769e-05
1.3367025457453645e+00 -1.1443618992945119e+00 4.4922776066380614e-05
1.3483133298489749e+00 -1.1378071190105110e+00 4.1240983611912079e-05
1.3598525614282764e+00 -1.1311271716784477e+00 3.6921729814176622e-05
1.3713194614218960e+00 -1.1243238184249398e+00 3.1996331300243610e-05
1.3827143943919917e+00 -1.1174006140552555e+00 2.6474565371303885e-05
1.3940361861571990e+00 -1.1103584177860224e+00 2.0424066078827963e-05
1.4052814148738433e+00 -1.1031945898373789e+00 1.3985425353579828e-05
1.4164496558830164e+00 -1.0959113338788691e+00 7.2215056654556528e-06
1.4275412210336118e+00 -1.0885118443310318e+00 1.8485716313243430e-07
1.4385549794574721e+00 -1.0809970194828797e+00 -7.0236837310666519e-06
1.4494880513548911e+00 -1.0733652720845033e+00 -1.4251939333798088e-05
1.4603389851814570e+00 -1.0656171921520554e+00 -2.1383028157906377e-05
1.4711087165618002e+00 -1.0577566474849582e+00 -2.8357782521526438e-05
1.4817961586497774e+00 -1.0497845733908213e+00 -3.5062338414659777e-05
1.4923997760425762e+00 -1.0417013183128490e+00 -4.1372703482256426e-05
1.5029155142732178e+00 -1.0335040660974764e+00 -4.7108914689841797e-05
1.5133457078790535e+00 -1.0251982607662107e+00 -5.2248604474280938e-05
1.5236893146575987e+00 -1.0167848726313973e+00 -5.6693061598833687e-05
1.5339453031856218e+00 -1.0082648804774039e+00 -6.0352077129177679e-05
1.5441104460814752e+00 -9.9963669584401349e-01 -6.3098371636316499e-05
1.5541841647137240e+00 -9.9090195357531552e-01 -6.4876581408634948e-05
1.5641671857409047e+00 -9.8206370757757255e-01 -6.5670779960447248e-05
1.5740585230742870e+00 -9.7312296920303032e-01 -6.5442305471563600e-05
1.5838572015940284e+00 -9.6408075769986001e-01 -6.4168890473004225e-05
1.5935592004725743e+00 -9.5493488574561280e-01 -6.1788386159333810e-05
1.6031656569899309e+00 -9.4568872533755688e-01 -5.8357160870992082e-05
1.6126765529854921e+00 -9.3634430666543444e-01 -5.3925000078836063e-05
1.6220909592521886e+00 -9.2690267917281177e-01 -4.8542523082950595e-05
1.6314079577155161e+00 -9.1736489963531676e-01 -4.2278715017385324e-05
1.6406237546761659e+00 -9.0772929546224057e-01 -3.5174822651251603e-05
1.6497391938658132e+00 -8.9799870945870930e-01 -2.7365956513314416e-05
1.6587545024489188e+00 -8.8817529178061216e-01 -1.8989421825876818e-05
1.6676688087408800e+00 -8.7826012709424450e-01 -1.0178118995840537e-05
1.6764812523297710e+00 -8.6825430684707838e-01 -1.0766817193363916e-06
1.6851893783402134e+00 -8.5815755770890911e-01 8.1811582330892918e-06
1.6937915398439298e+00 -8.4797038427345106e-01 1.7441331344514320e-05
1.7022892956464892e+00 -8.3769597242978155e-01 2.6507338693138042e-05
1.7106818321131965e+00 -8.2733543928123499e-01 3.5213366471831251e-05
1.7189683470009665e+00 -8.1688990817488816e-01 4.3395818455138637e-05
1.7271480494838507e+00 -8.0636050859784614e-01 5.0896532003852344e-05
1.7352170194683749e+00 -7.9574601023954994e-01 5.7594253138892875e-05
1.7431767582980873e+00 -7.8504936887261467e-01 6.3326775050054351e-05
1.7510273577909383e+00 -7.7427238194767067e-01 6.7963217381894494e-05
1.7587680742814473e+00 -7.6341620202374616e-01 7.1398502000663555e-05
1.7663981756177831e+00 -7.5248198727832627e-01 7.3547791075156979e-05
1.7739169411830302e+00 -7.4147090140617877e-01 7.4348704289572992e-05
1.7813202638507484e+00 -7.3038186609434352e-01 7.3782696868640598e-05
1.7886102633064791e+00 -7.1921801832440702e-01 7.1817596807521866e-05
1.7957868167880864e+00 -7.0798091662424645e-01 6.8464189563188796e-05
1.8028492511260179e+00 -6.9667174527214470e-01 6.3763694003293736e-05
1.8097969047628377e+00 -6.8529169355791586e-01 5.7784060070398282e-05
1.8166291277707605e+00 -6.7384195568425864e-01 5.0619219027048259e-05
1.8233429474562057e+00 -6.6232238452439851e-01 4.2395194624900170e-05
1.8299384775934744e+00 -6.5073468899202758e-01 3.3248817714381929e-05
1.8364166839305163e+00 -6.3908100784293143e-01 2.3336556963293727e-05
1.8427769641942084e+00 -6.2736255346832182e-01 1.2838098434109216e-05
1.8490187278019095e+00 -6.1558054268195261e-01 1.9474555823517647e-06
1.8551413958757659e+00 -6.0373619662392441e-01 -9.1306642686639350e-06
1.8611444012565004e+00 -5.9183074066480734e-01 -2.0184780774590291e-05
1.8670233640241467e+00 -5.7986354558670150e-01 -3.0996723494380873e-05
1.8727815121224651e+00 -5.6783776729219937e-01 -4.1359784290317947e-05
1.8784183574960225e+00 -5.5575466421786868e-01 -5.1067219614564507e-05
1.8839333808170677e+00 -5.4361547723728709e-01 -5.9922326904215950e-05
1.8893260745213838e+00 -5.3142145098079518e-01 -6.7742552239513656e-05
1.8945959428193779e+00 -5.1917383374191373e-01 -7.4363294280788166e-05
1.8997423787657159e+00 -5.0687382668634151e-01 -7.9641399464147584e-05
1.9047613461798991e+00 -4.9452125866610047e-01 -8.3459524721662959e-05
1.9096560650883914e+00 -4.8211894612271455e-01 -8.5725950848880559e-05
1.9144260876188606e+00 -4.6966815064170986e-01 -8.6378115504492925e-05
1.9190709777078037e+00 -4.5717013701146952e-01 -8.5384065036997483e-05
1.9235903111093455e+00 -4.4462617313174818e-01 -8.2743313874145144e-05
1.9279836754036517e+00 -4.3203752992244204e-01 -7.8487073453370498e-05
1.9322506700049538e+00 -4.1940548123264443e-01 -7.2677846030488907e-05
1.9363881495776765e+00 -4.0673041764389395e-01 -6.5412217542304432e-05
1.9403974965912825e+00 -3.9401425163632142e-01 -5.6809943695945726e-05
1.9442793397288272e+00 -3.8125859452445959e-01 -4.7017518056913239e-05
1.9480333264065983e+00 -3.6846473060013413e-01 -3.6206373122293911e-05
1.9516591158975884e+00 -3.5563394663912740e-01 -2.4568440497363397e-05
1.9551563793376949e+00 -3.4276753181199388e-01 -1.2312561890048815e-05
1.9585247997315947e+00 -3.2986677759510530e-01 3.3942443145029551e-07
1.9617636151361098e+00 -3.1693286572922014e-01 1.3155865794534094e-05
1.9648697488978959e+00 -3.0396645131626260e-01 2.5895288792598947e-05
1.9678461578398709e+00 -2.9096965778769746e-01 3.8329121063940250e-05
1.9706925729986557e+00 -2.7794378466205183e-01 5.0226434408440213e-05
1.9734087372949611e+00 -2.6489013332948125e-01 6.1364889353265881e-05
1.9759944055379703e+00 -2.5181000696423272e-01 7.1534866757705346e-05
1.9784493444294367e+00 -2.3870471043727312e-01 8.0543352333206655e-05
1.9807733325674992e+00 -2.2557555022910061e-01 8.8217503882326298e-05
1.9829652606293759e+00 -2.1242368892586952e-01 9.4405577128142654e-05
1.9850230774610613e+00 -1.9925018038594089e-01 9.8979541626409442e-05
1.9869493499451971e+00 -1.8605680660736010e-01 1.0185140939511506e-04
1.9887439047301678e+00 -1.7284487943917057e-01 1.0295643456870171e-04
1.9904065803696747e+00 -1.5961571191513077e-01 1.0226119876333149e-04
1.9919372273253404e+00 -1.4637061816750660e-01 9.9764246783928839e-05
1.9933357079690603e+00 -1.3311091334097039e-01 9.5496150604779036e-05
1.9946018965851129e+00 -1.1983791350659909e-01 8.9519004357052596e-05
1.9957350462297816e+00 -1.0655288474579201e-01 8.1923964654784243e-05
1.9967326969781105e+00 -9.3256995770679210e-02 7.2827593011304286e-05
1.9975977499598723e+00 -7.9951833303312292e-02 6.2384987772556922e-05
1.9983301275149274e+00 -6.6638716166961334e-02 5.0768612872786876e-05
1.9989297638997385e+00 -5.3318963692340772e-02 3.8172138830505671e-05
1.9993966052884338e+00 -3.9993895632119907e-02 2.4807095073464677e-05
1.9997306097736407e+00 -2.6664832075494353e-02 1.0899216860371678e-05
1.9999317473670912e+00 -1.3333093362771779e-02 -3.3154493894737870e-06
