# x y u
-2.3998503275963806e-01 -4.3720435626665605e-01 2.2279284184124262e-01
-2.3994067730598398e-01 4.4177671158244985e-01 2.2534270110124413e-01
-2.3975860254138356e-01 4.1532199699704092e-01 2.0684266588415232e-01
-2.3961955561228529e-01 -4.1075153750651666e-01 2.0442652847789194e-01
-2.3929052105036419e-01 -4.6365065708728070e-01 2.4151929572175893e-01
-2.3906339263785897e-01 4.6821758677775588e-01 2.4421485262837223e-01
-2.3849497799681446e-01 3.8889694817678877e-01 1.8876855310566598e-01
-2.3816488461513957e-01 -3.8433630506641386e-01 1.8647050681333618e-01
-2.3755714838170328e-01 -4.9004930459692236e-01 2.6055531675752674e-01
-2.3715474135834724e-01 4.9460413678888682e-01 2.6340945537830363e-01
-2.3612241180684340e-01 3.6254839996058136e-01 1.7117374293856888e-01
-2.3559856443885197e-01 -3.5800593239173506e-01 1.6897998131354003e-01
-2.3481241128964242e-01 -5.1636207911208210e-01 2.7985590930459936e-01
-2.3423783256634464e-01 5.2089840898692807e-01 2.8287703668011893e-01
-2.3261550474946119e-01 3.3632684076171265e-01 1.5411363982642173e-01
-2.3189331742705960e-01 -3.3181166376293408e-01 1.5201060389864576e-01
-2.3108033496900593e-01 -5.4255312064808092e-01 2.9937779703353690e-01
-2.3033688825371085e-01 5.4706485138644423e-01 3.0257096792894633e-01
-2.2794989496760629e-01 3.1028659269011161e-01 1.3764488916996265e-01
-2.2702337285054566e-01 -3.0580887178030203e-01 1.3562047673669878e-01
-2.2699227788064438e-01 -4.3025354847225761e-01 2.1295347428595360e-01
-2.2698278317701523e-01 4.3757771000457818e-01 2.1749047375112532e-01
-2.2663360530320434e-01 4.1139702896979657e-01 1.9917041123433321e-01
-2.2657655792104658e-01 -4.5643331719191527e-01 2.3148373343939932e-01
-2.2638590246921630e-01 -5.6858897784208429e-01 3.1908140261397189e-01
-2.2634175141957799e-01 -4.0407868198901120e-01 1.9480403993881790e-01
-2.2627077057071218e-01 4.6375110351392179e-01 2.3619701126477485e-01
-2.2547706585567384e-01 5.7307032395613278e-01 3.2244776334606640e-01
-2.2519718028982313e-01 3.8525355271604733e-01 1.8129021667384568e-01
-2.2511561915287920e-01 -4.8257567788939659e-01 2.5034273020185693e-01
-2.2459700305526420e-01 -3.7795402491980745e-01 1.7708761831682648e-01
-2.2452424282507416e-01 4.8987593241033228e-01 2.5523888174953968e-01
-2.2264883300376179e-01 3.5919505033091714e-01 1.6390536996560298e-01
-2.2263917007234624e-01 -5.0864149410503123e-01 2.6948478494265948e-01
-2.2209725436449884e-01 2.8448730743377748e-01 1.2182368373067146e-01
-2.2176851589660276e-01 5.1591373109342342e-01 2.7456668008988000e-01
-2.2173153914917301e-01 -3.5192855527203259e-01 1.5985956412312219e-01
-2.2096243527108678e-01 -2.8005779256123992e-01 1.1986912546301748e-01
-2.2074967325825498e-01 -5.9443736833109151e-01 3.3892818055903373e-01
-2.1968393412069900e-01 5.9888401388851475e-01 3.4246713460413092e-01
-2.1917137658464439e-01 -5.3459408911778328e-01 2.8886522940091053e-01
-2.1895836997423263e-01 3.3327376226432198e-01 1.4707104962577430e-01
-2.1802769511894943e-01 5.4182841490058431e-01 2.9413294830474135e-01
-2.1771974139380607e-01 -3.2605509954788225e-01 1.4317775767817081e-01
-2.1503060323744513e-01 2.5899398333444451e-01 1.0670726108651116e-01
-2.1473705265756715e-01 -5.6039918215301565e-01 3.0844290553544351e-01
-2.1419997384942163e-01 -6.2006956744262531e-01 3.5888678302715227e-01
-2.1410299634906660e-01 3.0754537175712621e-01 1.3084580942724258e-01
-2.1368520797112991e-01 -2.5462381861828964e-01 1.0481757596815652e-01
-2.1332686363955361e-01 5.6758631262384918e-01 3.1389334913679717e-01
-2.1297590599241376e-01 6.2447525657535041e-01 3.6258802448356936e-01
-2.1253246209403159e-01 -3.0039157722856213e-01 1.2710104543997353e-01
-2.1009201589309462e-01 4.3021999008192380e-01 2.0628677260997741e-01
-2.1002114013404669e-01 -4.2310888498138804e-01 2.0183886293212364e-01
-2.0989705861561525e-01 -4.4893762334848281e-01 2.2011797532861399e-01
-2.0967933245015508e-01 4.5604574979228252e-01 2.2473616384519970e-01
-2.0943846023524099e-01 4.0439932725566502e-01 1.8824743070897434e-01
-2.0936185805046645e-01 -5.8602490739025093e-01 3.2818039867620397e-01
-2.0906911706196546e-01 -3.9729746724356074e-01 1.8396414984697612e-01
-2.0872658064810412e-01 -4.7474019229667674e-01 2.3875075783110605e-01
-2.0822308459051231e-01 4.8183380448214880e-01 2.4354146187325196e-01
-2.0805207133395029e-01 2.8207179024052298e-01 1.1528690629836080e-01
-2.0769190632709605e-01 5.9315616918720337e-01 3.3380690131232693e-01
-2.0769035399038469e-01 3.7862972207881124e-01 1.7067231609008940e-01
-2.0701372653637831e-01 -3.7155053590663312e-01 1.6654842647090501e-01
-2.0675680836544127e-01 -6.4545676521758844e-01 3.7892469791714856e-01
-2.0672460534984413e-01 2.3387733072052136e-01 9.2353633632277193e-02
-2.0653338809179014e-01 -5.0047609000182813e-01 2.5768739914747762e-01
-2.0614250160739458e-01 -2.7500094973486844e-01 1.1169060448521451e-01
-2.0575442557465179e-01 5.0754475808548594e-01 2.6265398586422867e-01
-2.0538251409842276e-01 6.4981792887941647e-01 3.8277840928400997e-01
-2.0516117841553960e-01 -2.2958034977367922e-01 9.0526542154117873e-02
-2.0482101482827858e-01 3.5296085356632667e-01 1.5361798271829175e-01
-2.0382860268913605e-01 -3.4591898612884631e-01 1.4964917333108535e-01
-2.0334547497846384e-01 -5.2610784466121330e-01 2.7688293504791017e-01
-2.0306609150999666e-01 -6.1144018856351079e-01 3.4804085671870810e-01
-2.0229721234429779e-01 5.3314162373064167e-01 2.8202492096638260e-01
-2.0114475020757269e-01 6.1850785948546994e-01 3.5383369831195988e-01
-2.0079844169748112e-01 3.2744740171464265e-01 1.3714118146573878e-01
-2.0077848601104958e-01 2.5692021430409134e-01 1.0045339503699222e-01
-1.9948521690921855e-01 -3.2045826513554693e-01 1.3332562518090335e-01
-1.9918746648156857e-01 -5.5160027461126548e-01 2.9629438779923201e-01
-1.9852136885085733e-01 -2.4995254057210042e-01 9.7008690803528780e-02
-1.9844671799896385e-01 -6.7057358675399004e-01 3.9901595603506812e-01
-1.9787635030626871e-01 5.5858982869716112e-01 3.0160852529536142e-01
-1.9715173297684616e-01 2.0921595160527667e-01 7.8820519607030848e-02
-1.9692555206024917e-01 6.7488572348015496e-01 4.0300535122060110e-01
-1.9587951133390041e-01 -6.3661812833347131e-01 3.6799545764476882e-01
-1.9559748507618471e-01 3.0214803313277006e-01 1.2130192834080070e-01
-1.9536667272203873e-01 -2.0500621155424203e-01 7.7059044699166357e-02
-1.9408490366859313e-01 -5.7692061735486844e-01 3.1588248624118120e-01
-1.9395431358527224e-01 -2.9522903480645252e-01 1.1763901998203158e-01
-1.9371183509795692e-01 6.4361419019114241e-01 3.7393925868092370e-01
-1.9251761654466659e-01 5.8385722144489416e-01 3.2136236639607663e-01
-1.9225394377941396e-01 2.3216486974877587e-01 8.6404662233141194e-02
-1.8964176017926798e-01 -2.2532239464612530e-01 8.3118923906739750e-02
-1.8929157627845641e-01 -6.9539492473261844e-01 4.1913481715535972e-01
-1.8918791367105164e-01 2.7712770368483719e-01 1.0616010399592596e-01
-1.8806406824286903e-01 -6.0203852823950854e-01 3.3561168779404343e-01
-1.8782007150411592e-01 -6.6153044220697232e-01 3.8801220768984457e-01
-1.8762534852205917e-01 6.9965311031770228e-01 4.2323802377115399e-01
-1.8720719275074105e-01 -2.7029766546111600e-01 1.0265262266749359e-01
-1.8628381315747564e-01 1.8509755417224227e-01 6.6165727172437711e-02
-1.8624748508809780e-01 6.0891406752391086e-01 3.4124749708135715e-01
-1.8541362167795081e-01 6.6844799460841031e-01 3.9408904666423716e-01
-1.8427220606913466e-01 -1.8099124732667662e-01 6.4477074809561469e-02
-1.8244972814714319e-01 2.0788813858489166e-01 7.3200543837805832e-02
-1.8153847205176252e-01 2.5245837533612925e-01 9.1776566767357570e-02
-1.8114580497204344e-01 -6.2692427234541215e-01 3.5544696813681431e-01
-1.7947435718175916e-01 -2.0119559231487580e-01 7.0085272064596887e-02
-1.7931370645395023e-01 -7.1989717443071688e-01 4.3925828894545771e-01
-1.7921100646204030e-01 -2.4573859023455819e-01 8.8430523056899163e-02
-1.7908771117828667e-01 6.3373141239163577e-01 3.6122577043126924e-01
-1.7891557238247330e-01 -6.8615336977193264e-01 4.0806729746728865e-01
-1.7750752224694491e-01 7.2409790811242059e-01 4.4345183519739101e-01
-1.7627660139017703e-01 6.9298559913365165e-01 4.1425500952707772e-01
-1.7409320956640717e-01 1.6162032992924871e-01 5.4447300421190753e-02
-1.7335987031384073e-01 -6.5155239895839556e-01 3.7536093217477573e-01
-1.7261813475390808e-01 2.2821989144652632e-01 7.8213309442249163e-02
-1.7185013869932628e-01 -1.5763574361858287e-01 5.2843035463697313e-02
-1.7133450314699647e-01 1.8418332144836239e-01 6.0900947225236535e-02
-1.7106609216817170e-01 6.5828379769301859e-01 3.8126530126005020e-01
-1.6993462379331098e-01 -2.2163421280897894e-01 7.5038668300567407e-02
-1.6918825133262147e-01 -7.1046303540685818e-01 4.2813651054722679e-01
-1.6853579485170411e-01 -7.4405822302013780e-01 4.5936588153633140e-01
-1.6798739683909436e-01 -1.7766874394823576e-01 5.7971874578430865e-02
-1.6659489321093288e-01 7.4819843804964670e-01 4.6362357051154368e-01
-1.6632312438768435e-01 7.1720355448094641e-01 4.3440987612115123e-01
-1.6472405799099310e-01 -6.7589558188493071e-01 3.9532279434500051e-01
-1.6239592967532515e-01 2.0450137119465361e-01 6.5533271141008653e-02
-1.6220154611389070e-01 6.8254463378556773e-01 4.0133257200139161e-01
-1.6055183686006402e-01 1.3889586788374769e-01 4.3723212856271954e-02
-1.5934751627265212e-01 -1.9807645665448076e-01 6.2544176089488396e-02
-1.5887908622882438e-01 1.6115487414853971e-01 4.9566620831546115e-02
-1.5866072817067342e-01 -7.3443705841565021e-01 4.4819818017550073e-01
-1.5807185048090047e-01 -1.3505425807296442e-01 4.2218766232379357e-02
-1.5698080603130557e-01 -7.6785743439079346e-01 4.7943935182672670e-01
-1.5557589880408723e-01 7.4107990252973965e-01 4.5452952642291539e-01
-1.5526653472324362e-01 -6.9993146083097613e-01 4.1531006526794362e-01
-1.5515086491277760e-01 -1.5485066002546477e-01 4.6843453656189582e-02
-1.5490744212476970e-01 7.7193292307954176e-01 4.8373092511008348e-01
-1.5252159372908317e-01 7.0649181271509465e-01 4.2140188759354652e-01
-1.5083615712802884e-01 1.8140562101355487e-01 5.3799770693335053e-02
-1.4741557315569068e-01 -1.7517089326245205e-01 5.1014532880508973e-02
-1.4735591993559397e-01 -7.5805453888680530e-01 4.6823294709250007e-01
-1.4562924835854210e-01 1.1705417943446880e-01 3.4051041918663039e-02
-1.4505066926805640e-01 1.3892433522128317e-01 3.9258235056163049e-02
-1.4500986613608607e-01 -7.2363737850547116e-01 4.3529968946444675e-01
-1.4467189996071084e-01 -7.9127562963417020e-01 4.9946245130053718e-01
-1.4405790607035063e-01 7.6459416092488131e-01 4.7459287213318790e-01
-1.4290845073890296e-01 -1.1337919306208132e-01 3.2665290505130978e-02
-1.4246963455945061e-01 7.9528292981992255e-01 5.0375726646324792e-01
-1.4204889124479947e-01 7.3010309961873388e-01 4.4144788634924426e-01
-1.4093287218189332e-01 -1.3286742189861664e-01 3.6764396244220621e-02
-1.3790638332015673e-01 1.5904857177058662e-01 4.3077590594651438e-02
-1.3529695762836341e-01 -7.8129603918629165e-01 4.8822351792324281e-01
-1.3410117137558547e-01 -1.5304088516151157e-01 4.0517732892973585e-02
-1.3397693594692850e-01 -7.4699216346876707e-01 4.5527097854717413e-01
-1.3179231826077875e-01 7.8772730335025010e-01 4.9458170875770269e-01
-1.3163235141657706e-01 -8.1429506333154744e-01 5.1942068891997473e-01
-1.3080638897484373e-01 7.5335774066802219e-01 4.6144823183082184e-01
-1.2981748123391423e-01 1.1763256801519892e-01 3.0037033506786159e-02
-1.2930493170420687e-01 8.1823100031668228e-01 5.2368797594821626e-01
-1.2929683037784045e-01 9.6246517951763921e-02 2.5488399058621769e-02
-1.2632917988245193e-01 -9.2767824650185515e-02 2.4242249516307740e-02
-1.2530064504212496e-01 -1.1186711469926537e-01 2.7798669307059876e-02
-1.2356887127007665e-01 1.3756783899397704e-01 3.3432119144473138e-02
-1.2250689442778590e-01 -8.0414343884152151e-01 5.0815428476018476e-01
-1.2219086221436580e-01 -7.6997611274926447e-01 4.7520538388891109e-01
-1.1967415786279714e-01 -7.3449636127389473e-01 4.4102290377161546e-01
-1.1967415786279714e-01 -6.2956830966333832e-01 3.4428877492246002e-01
-1.1967415786279714e-01 -5.2464025805278192e-01 2.5438910360607875e-01
-1.1967415786279714e-01 -4.1971220644222551e-01 1.7432372609122304e-01
-1.1967415786279714e-01 -3.1478415483166911e-01 1.0735146323807013e-01
-1.1967415786279714e-01 -2.0985610322111281e-01 5.6671726583878479e-02
-1.1967415786279714e-01 2.0985610322111281e-01 5.6450732070493698e-02
-1.1967415786279714e-01 3.1478415483166922e-01 1.0708324727803326e-01
-1.1967415786279714e-01 4.1971220644222562e-01 1.7410959437014545e-01
-1.1967415786279714e-01 5.2464025805278203e-01 2.5436324545635125e-01
-1.1967415786279714e-01 6.2956830966333843e-01 3.4456421382462737e-01
-1.1967415786279714e-01 7.3449636127389484e-01 4.4162053404070967e-01
-1.1936936264417357e-01 -1.3182885721922397e-01 3.1122697171172831e-02
-1.1881724816050947e-01 7.7623644445938011e-01 4.8138347824491584e-01
-1.1879993877020764e-01 8.1046026433811758e-01 5.1447874003770866e-01
-1.1787907078253583e-01 -8.3689534767009466e-01 5.3929625635101486e-01
-1.1543232343844986e-01 8.4075823064737010e-01 5.4350751246591866e-01
-1.1314518051590615e-01 9.7448857692844976e-02 2.1964404623088046e-02
-1.1152388080438014e-01 7.6656175121814232e-02 1.8092186627074153e-02
-1.0967491571189997e-01 -7.9257097020513045e-01 4.9508627784548492e-01
-1.0900331583073107e-01 -8.2657653639595763e-01 5.2800713565515323e-01
-1.0830364327512183e-01 -7.3409898701731202e-02 1.7007800076048879e-02
-1.0821841699627405e-01 -9.2029540674837249e-02 2.0009516998511168e-02
-1.0778445821163746e-01 1.1712772312181544e-01 2.4930111247288250e-02
-1.0610329418892350e-01 7.9872049851722327e-01 5.0123587567992589e-01
-1.0510255081792910e-01 8.3277553685456152e-01 5.3426963120034210e-01
-1.0344001862308194e-01 -8.5906379707167724e-01 5.5908068750986628e-01
-1.0317848713489873e-01 -1.1170955290784802e-01 2.2898615693352165e-02
-1.0087545261817463e-01 8.6284949044785264e-01 5.6320588887183654e-01
-9.6448242718328789e-02 -8.1475730100424371e-01 5.1489571510881005e-01
-9.4995683431856145e-02 7.8583997043610215e-02 1.5102081267904854e-02
-9.4814288357666227e-02 -8.4858250049152795e-01 5.4777283517145336e-01
-9.2685291473082118e-02 8.2079163429641044e-01 5.2098924322702800e-01
-9.2277247228415932e-02 5.8513535492975402e-02 1.1918502292018046e-02
-9.0725440972231217e-02 8.5465910693353409e-01 5.5394497729927683e-01
-9.0508796101158001e-02 9.7932964978915960e-02 1.7640061305431248e-02
-8.9649684047593728e-02 -7.3577821162009283e-02 1.3459680680955599e-02
-8.8799337864355454e-02 -5.5544996499959205e-02 1.1018071080303976e-02
-8.8331247443575830e-02 -8.8078136430451537e-01 5.7875761226619526e-01
-8.5654277993771968e-02 8.8448842015067419e-01 5.8277231723861411e-01
-8.5484805143970860e-02 -9.2900020388018062e-02 1.5915832881431780e-02
-8.2536185517408669e-02 -8.3652040731944965e-01 5.3462145288116703e-01
-7.9956679389633828e-02 -8.7014273859184066e-01 5.6743507736956933e-01
-7.8589413054715521e-02 8.4243615412238548e-01 5.4063361863941228e-01
-7.5684789698243646e-02 8.7609207035583303e-01 5.7349039433023763e-01
-7.5330260869567206e-02 6.1307906594056757e-02 9.5127113507287864e-03
-7.2578946012993417e-02 -9.0203680025999378e-01 5.9831952560958124e-01
-7.1694702242741909e-02 8.0246094320893357e-02 1.1633350710827661e-02
-7.1524973684174320e-02 4.2117836404452942e-02 7.0227360332512367e-03
-6.9792963281530063e-02 9.0566265021733472e-01 6.0220119965886731e-01
-6.9552217915103451e-02 -5.6807369524224091e-02 8.2117257343911065e-03
-6.7960348651235680e-02 -8.5784469026484367e-01 5.5424998925227231e-01
-6.7783239694933967e-02 -3.9489638283958704e-02 6.3272357671995683e-03
-6.6237713212856791e-02 -7.5686312832521932e-02 1.0246995818239818e-02
-6.4456585491775825e-02 -8.9124584847465305e-01 5.8698567367760646e-01
-6.3832844226271598e-02 8.6363578151550235e-01 5.6015447766041848e-01
-6.0006749056737432e-02 8.9706329999136802e-01 5.9290109779232536e-01
-5.6201172899652353e-02 -9.2281417095519780e-01 6.1775330695602659e-01
-5.4103289098581232e-02 4.5996287048293491e-02 5.2608632982281134e-03
-5.3308398076101597e-02 9.2635540340864575e-01 6.2148250176113873e-01
-5.2740828958036751e-02 -8.7871446396712749e-01 5.7376771584488939e-01
-5.1284037122436212e-02 6.4433306775626809e-02 6.9868085915945621e-03
-4.9229439406030459e-02 2.7898715871556748e-02 3.4595302018326224e-03
-4.8442200300442141e-02 8.8437970632689256e-01 5.7954638536683656e-01
-4.8329658221039053e-02 -9.1187392989285854e-01 6.0640902642654371e-01
-4.7879088890347470e-02 -4.2136434019487329e-02 4.3299383597288077e-03
-4.5375089189543527e-02 -6.0476886665615001e-02 5.9706125319148595e-03
-4.5216825736360718e-02 -2.5706320347758663e-02 2.9879836045008934e-03
-4.3711644338230701e-02 9.1755879923845229e-01 6.1216943467710205e-01
-3.9218603020177947e-02 -9.4310021060669669e-01 6.3704869048730817e-01
-3.6899731975084046e-02 -8.9911646420301239e-01 5.9316362398257794e-01
-3.6223857137281684e-02 9.4655563130595399e-01 6.4061294223264009e-01
-3.2432464744900288e-02 9.0464968278743818e-01 5.9879633714801328e-01
-3.1600788802887761e-02 -9.3201692013487225e-01 6.2569798085549122e-01
-3.1257936849687085e-02 3.3238109845269669e-02 2.4171997611808771e-03
-2.9249199292922384e-02 -8.3942441288445102e-01 5.3377739291998472e-01
-2.9249199292922384e-02 -7.3449636127389473e-01 4.3187340412850606e-01
-2.9249199292922384e-02 -6.2956830966333832e-01 3.3429844110398421e-01
-2.9249199292922384e-02 -5.2464025805278192e-01 2.4361495928125068e-01
-2.9249199292922384e-02 -4.1971220644222551e-01 1.6282806049451734e-01
-2.9249199292922384e-02 -3.1478415483166911e-01 9.5223280489267897e-02
-2.9249199292922384e-02 -2.0985610322111281e-01 4.4048842253237963e-02
-2.9249199292922384e-02 -1.0492805161055641e-01 1.2085667397321226e-02
-2.9249199292922384e-02 1.0492805161055641e-01 1.2073943003966026e-02
-2.9249199292922384e-02 2.0985610322111281e-01 4.4004031370616842e-02
-2.9249199292922384e-02 3.1478415483166922e-01 9.5135216614342988e-02
-2.9249199292922384e-02 4.1971220644222562e-01 1.6273361590169286e-01
-2.9249199292922384e-02 5.2464025805278203e-01 2.4359842972584206e-01
-2.9249199292922384e-02 6.2956830966333843e-01 3.3444171301020814e-01
-2.9249199292922384e-02 7.3449636127389484e-01 4.3218382860568672e-01
-2.9249199292922384e-02 8.3942441288445102e-01 5.3414424562938612e-01
-2.9200230933149364e-02 5.1068778997883861e-02 3.7902988774380364e-03
-2.6817031361904713e-02 9.3756302667029134e-01 6.3128664872345785e-01
-2.5348014206744721e-02 1.6564231291120144e-02 1.2850940791681864e-03
-2.4567937799929614e-02 -3.0258363659642667e-02 1.8863526508725859e-03
-2.2811735617256221e-02 -4.7945906234770699e-02 3.1816925273253915e-03
-2.1653678862336091e-02 -9.6288415566052943e-01 6.5619784032566197e-01
-2.1055688988980990e-02 -1.4988553633064649e-02 1.0547481594438413e-03
-2.0459719602556874e-02 -9.1903905457702262e-01 6.1242826964854480e-01
-1.8560395985420912e-02 9.6625165150532877e-01 6.5958867623750761e-01
-1.5829712236377073e-02 9.2443684228954714e-01 6.1790186718232976e-01
-1.4290510469852467e-02 -9.5166253822105029e-01 6.4484273613314691e-01
-9.3469588004422531e-03 9.5706669589013649e-01 6.5025088447336010e-01
-6.7041530630578853e-03 2.4269944906623965e-02 1.0773877632365980e-03
-5.3091359881790113e-03 4.1362901945163177e-02 2.1797413073799676e-03
-3.5265012681059060e-03 -9.8215426769626701e-01 6.7519169561024395e-01
-3.4393214135654540e-03 -9.3846819930097225e-01 6.3154965110879957e-01
-3.3812127766262058e-04 9.8543186783359360e-01 6.7840604646393055e-01
1.8435013877342698e-04 9.9931269960404634e-03 5.7389663037360483e-04
5.0198562405895212e-04 -2.2996084851284477e-02 9.9915235470146579e-04
1.3460731648181831e-03 9.4372872953862030e-01 6.3685690318500421e-01
1.6365332244998587e-03 -3.9863322936096818e-02 2.0567807653630588e-03
3.5811064331150665e-03 -9.7079896937217669e-01 6.6383389660601955e-01
4.5807258804225351e-03 -8.8769480778160808e-03 5.8990800901267959e-04
8.6785196073082393e-03 9.7605825115033584e-01 6.6905794816162523e-01
1.4140644105522349e-02 -9.5739254575996668e-01 6.5051855156240246e-01
1.5142824374034974e-02 -1.0008996404593882e+00 6.9402196773891711e-01
1.7148493118800609e-02 1.5311241073903059e-02 1.0678283884803796e-03
1.8422861369102581e-02 1.0040855136984950e+00 6.9706222162929798e-01
1.9074869038318586e-02 9.6251373764802173e-01 6.5565646881861128e-01
1.9483677052006404e-02 3.4806873987457507e-02 2.1332437541562721e-03
2.1085758740255731e-02 -9.1660719732588290e-03 1.0811573590119861e-03
2.1993981685541154e-02 -9.8941523429455369e-01 6.8266287837455963e-01
2.5347661010834705e-02 -3.0800220650238765e-02 2.1496280015814717e-03
2.7239350723357543e-02 9.9452696625416748e-01 6.8770449974216974e-01
3.2258482232220893e-02 -9.7580259746616183e-01 6.6932755368079722e-01
3.4334220731464395e-02 -1.0191101833766867e+00 7.1268114014874051e-01
3.6536366535394167e-02 1.6007013771803281e-02 2.2003930852351472e-03
3.7336700068512356e-02 9.8078103996967048e-01 6.7429644214535100e-01
3.7702479783634203e-02 1.0222026353980593e+00 7.1555500058145716e-01
3.8795196930352868e-02 -9.2737586532626523e-03 2.2058604494172296e-03
4.0928058053257242e-02 -1.0075011729386698e+00 7.0132190349933388e-01
4.6315514457827937e-02 1.0124629279211708e+00 7.0618786008136802e-01
5.0894232577533526e-02 -9.9368821823170450e-01 6.8796859502369234e-01
5.4027669917179472e-02 -1.0367766038745940e+00 7.3116246977981902e-01
5.6111628067156985e-02 9.9852060474234328e-01 6.9277340059820514e-01
5.7480726425976736e-02 1.0397740742436714e+00 7.3388261963311996e-01
6.0363332947098038e-02 -1.0250474270469956e+00 7.1980399652396010e-01
6.1175759276952374e-02 -9.4435246449500743e-01 6.3929518386349016e-01
6.1175759276952374e-02 -8.3942441288445102e-01 5.3527068364617825e-01
6.1175759276952374e-02 -7.3449636127389473e-01 4.3359836810522850e-01
6.1175759276952374e-02 -6.2956830966333832e-01 3.3632488032356295e-01
6.1175759276952374e-02 -5.2464025805278192e-01 2.4596204558937274e-01
6.1175759276952374e-02 -4.1971220644222551e-01 1.6546963779078158e-01
6.1175759276952374e-02 -3.1478415483166911e-01 9.8103277767280006e-02
6.1175759276952374e-02 -2.0985610322111281e-01 4.7101524001182449e-02
6.1175759276952374e-02 -1.0492805161055641e-01 1.5249724363569472e-02
6.1175759276952374e-02 0.0000000000000000e+00 4.4270304879258093e-03
6.1175759276952374e-02 1.0492805161055641e-01 1.5275293304903875e-02
6.1175759276952374e-02 2.0985610322111281e-01 4.7097906839370762e-02
6.1175759276952374e-02 3.1478415483166922e-01 9.8012813711311042e-02
6.1175759276952374e-02 4.1971220644222562e-01 1.6529109249788235e-01
6.1175759276952374e-02 5.2464025805278203e-01 2.4576393832705576e-01
6.1175759276952374e-02 6.2956830966333843e-01 3.3619580578921598e-01
6.1175759276952374e-02 7.3449636127389484e-01 4.3356906243822357e-01
6.1175759276952374e-02 8.3942441288445102e-01 5.3526422911440119e-01
6.1175759276952374e-02 9.4435246449500743e-01 6.3913970213024074e-01
6.5887054999220054e-02 1.0298570179637720e+00 7.2450582212138670e-01
7.0027988096472885e-02 -1.0110400729341191e+00 7.0643445281493289e-01
7.4203243625559703e-02 -1.0538903885661812e+00 7.4945998684468185e-01
7.5379223475306165e-02 1.0157238180810857e+00 7.1108503485460028e-01
7.7737688312435244e-02 1.0567914475628675e+00 7.5204356667153749e-01
8.0279888836437566e-02 -1.0420454215563504e+00 7.3810298000994079e-01
8.5934110786700976e-02 1.0467008943410951e+00 7.4265646961347009e-01
8.9639925539473642e-02 -1.0278496090096887e+00 7.2471873374128404e-01
9.4841131975855988e-02 -1.0704437833739679e+00 7.6756849031206209e-01
9.5120231394732455e-02 1.0323816535865025e+00 7.2922826548970698e-01
9.8453575642143604e-02 1.0732471286491898e+00 7.7003640644768878e-01
1.0065792237861222e-01 -1.0584873449216314e+00 7.5621346648968490e-01
1.0643694318654455e-01 1.0629869711571798e+00 7.6063800775451273e-01
1.0971033462376739e-01 -1.0441090368654447e+00 7.4281586083634976e-01
1.1531470696494647e-01 1.0484867294593085e+00 7.4720104211949501e-01
1.1592319863428167e-01 -1.0864276976287395e+00 7.8548164269236942e-01
1.1961038930105668e-01 1.0891319756102726e+00 7.8785758080666646e-01
1.2147777222849594e-01 -1.0743661284289778e+00 7.7413084494698048e-01
1.2737722862104778e-01 1.0787066625835646e+00 7.7844704602158454e-01
1.3022061390435763e-01 -1.0598100072669101e+00 7.6071988236385679e-01
1.3594306719112689e-01 1.0640321696654595e+00 7.6500113846001294e-01
1.3743044047957259e-01 -1.1018347440843681e+00 8.0319482800918007e-01
1.4118900564310824e-01 1.1044388981973932e+00 8.0550461205442636e-01
1.4271994549566483e-01 -1.0896754245675206e+00 7.9185126057849109e-01
1.4873640579861816e-01 1.0938522700486395e+00 7.9608026033479162e-01
1.5115231643043431e-01 -1.0749445903385502e+00 7.7842540510176161e-01
1.5160071784682713e-01 -1.0492805161055638e+00 7.5311268311672230e-01
1.5160071784682713e-01 -9.4435246449500743e-01 6.4931820072478241e-01
1.5160071784682713e-01 -8.3942441288445102e-01 5.4644327743508314e-01
1.5160071784682713e-01 -7.3449636127389473e-01 4.4607377572269707e-01
1.5160071784682713e-01 -6.2956830966333832e-01 3.5018241504963310e-01
1.5160071784682713e-01 -5.2464025805278192e-01 2.6119455772167260e-01
1.5160071784682713e-01 -4.1971220644222551e-01 1.8197931698885872e-01
1.5160071784682713e-01 -3.1478415483166911e-01 1.1570792887967057e-01
1.5160071784682713e-01 -2.0985610322111281e-01 6.5549247541150504e-02
1.5160071784682713e-01 -1.0492805161055641e-01 3.4235628154039244e-02
1.5160071784682713e-01 0.0000000000000000e+00 2.3606647819427701e-02
1.5160071784682713e-01 1.0492805161055641e-01 3.4277252991892548e-02
1.5160071784682713e-01 2.0985610322111281e-01 6.5544836979725768e-02
1.5160071784682713e-01 3.1478415483166922e-01 1.1555483251243991e-01
1.5160071784682713e-01 4.1971220644222562e-01 1.8164445751566033e-01
1.5160071784682713e-01 5.2464025805278203e-01 2.6074215836040404e-01
1.5160071784682713e-01 6.2956830966333843e-01 3.4972571731851271e-01
1.5160071784682713e-01 7.3449636127389484e-01 4.4569126335082476e-01
1.5160071784682713e-01 8.3942441288445102e-01 5.4611979186400439e-01
1.5160071784682713e-01 9.4435246449500743e-01 6.4894571749334329e-01
1.5160071784682713e-01 1.0492805161055638e+00 7.5254572892700033e-01
1.5698590210823610e-01 1.0790118164164830e+00 7.8262624891046295e-01
1.5934185551887306e-01 -1.1166613524519915e+00 8.2070696206697624e-01
1.6316847727933323e-01 1.1191644353585946e+00 8.2297731959066112e-01
1.6436858129615295e-01 -1.1044043678197319e+00 8.0936695625163668e-01
1.7049346335444659e-01 1.1084205223533605e+00 8.1353740305188849e-01
1.7248468247665674e-01 -1.0895089729743332e+00 7.9593084563652705e-01
1.7842447129659503e-01 1.0934194847050520e+00 8.0007325657242800e-01
1.8163963859802004e-01 -1.1309003587330773e+00 8.3801378784818181e-01
1.8553140654284897e-01 1.1333009079325966e+00 8.4027074219548459e-01
1.8640173232797930e-01 -1.1185516047510362e+00 8.2667881904011431e-01
1.9263016917675227e-01 1.1224052267219566e+00 8.3081466225905931e-01
1.9419862605297675e-01 -1.1034981718174470e+00 8.1323363938571014e-01
2.0024273974403198e-01 1.1072454215659273e+00 8.1733514214136538e-01
2.0430681331576278e-01 -1.1445436558137945e+00 8.5511036887744929e-01
2.0826014895066738e-01 1.1468413864676337e+00 8.5737964830615820e-01
2.0880065160982331e-01 -1.1321123777035131e+00 8.4378471379384090e-01
2.1513051906738884e-01 1.1357970180399375e+00 8.4790458765716448e-01
2.1627879555445872e-01 -1.1169019041693897e+00 8.3032673432971615e-01
2.2241870996833085e-01 1.1204900124466728e+00 8.3441290218021358e-01
2.2732144646225366e-01 -1.1575923536873218e+00 8.7199990338699629e-01
2.3133361453065279e-01 1.1597857644304443e+00 8.7430375829818896e-01
2.3155038552786839e-01 -1.1450760215531453e+00 8.6067747747998047e-01
2.3797231592722659e-01 1.1485977536535559e+00 8.6480857631541674e-01
2.3870391975790115e-01 -1.1297201358535653e+00 8.4721210154281357e-01
2.4202567641670189e-01 -1.0492805161055638e+00 7.6971013214044237e-01
2.4202567641670189e-01 -9.4435246449500743e-01 6.6773568186091603e-01
2.4202567641670189e-01 -8.3942441288445102e-01 5.6693225296104566e-01
2.4202567641670189e-01 -7.3449636127389473e-01 4.6881567501112320e-01
2.4202567641670189e-01 -6.2956830966333832e-01 3.7526594432334942e-01
2.4202567641670189e-01 -5.2464025805278192e-01 2.8859520203774747e-01
2.4202567641670189e-01 -4.1971220644222551e-01 2.1154475251688104e-01
2.4202567641670189e-01 -3.1478415483166911e-01 1.4715302431791616e-01
2.4202567641670189e-01 -2.0985610322111281e-01 9.8462414362632852e-02
2.4202567641670189e-01 -1.0492805161055641e-01 6.8095817237526765e-02
2.4202567641670189e-01 0.0000000000000000e+00 5.7810335283717998e-02
2.4202567641670189e-01 1.0492805161055641e-01 6.8177334305041498e-02
2.4202567641670189e-01 2.0985610322111281e-01 9.8502664259362840e-02
2.4202567641670189e-01 3.1478415483166922e-01 1.4699906562208681e-01
2.4202567641670189e-01 4.1971220644222562e-01 2.1112314994708054e-01
2.4202567641670189e-01 5.2464025805278203e-01 2.8795658860011258e-01
2.4202567641670189e-01 6.2956830966333843e-01 3.7454285349485694e-01
2.4202567641670189e-01 7.3449636127389484e-01 4.6813717230266116e-01
2.4202567641670189e-01 8.3942441288445102e-01 5.6635704754350291e-01
2.4202567641670189e-01 9.4435246449500743e-01 6.6723839918800343e-01
2.4202567641670189e-01 1.0492805161055638e+00 7.6921769507231730e-01
2.4493602212258136e-01 1.1331456400647402e+00 8.5129974287881516e-01
2.5067023942961913e-01 -1.1700332645453413e+00 8.8867317983901428e-01
2.5462829566331630e-01 -1.1574460348871298e+00 8.7736227407417622e-01
2.5473762905956260e-01 1.1721224675389770e+00 8.9103195233618937e-01
2.6114162540805508e-01 1.1607957177015891e+00 8.8151545966054190e-01
2.6145696296178328e-01 -1.1419468926628968e+00 8.6388658007592012e-01
2.6777660332585551e-01 1.1452080624282297e+00 8.6799105448009206e-01
2.7433011360070697e-01 -1.1818718906325687e+00 9.0513713856602829e-01
2.7802107233595008e-01 -1.1692097826437213e+00 8.9383037263614273e-01
2.7845015609814650e-01 1.1838552652604077e+00 9.0756549092596994e-01
2.8452045550827720e-01 -1.1535774551006501e+00 8.8034812400724438e-01
2.8461642331322884e-01 1.1723949299648315e+00 8.9802680194718998e-01
2.9092187405304276e-01 1.1566750380800035e+00 8.8448325014100293e-01
2.9828775080921832e-01 -1.1930957420601245e+00 9.2138323197255600e-01
3.0170659223582652e-01 -1.1803724100183068e+00 9.1008819965946763e-01
3.0245675073728684e-01 1.1949740068553762e+00 9.2389304068934563e-01
3.0787606851704880e-01 -1.1646097112178253e+00 8.9659686894130086e-01
3.0838325857464072e-01 1.1833833767028923e+00 9.1432991310232170e-01
3.1435511774906960e-01 1.1675414357035132e+00 9.0076974040846658e-01
3.2252222914865664e-01 -1.2037086084312296e+00 9.3741669665273930e-01
3.2567112719824454e-01 -1.1909227513021594e+00 9.2612825244906394e-01
3.2673777335952009e-01 1.2054799479946505e+00 9.4001244424736419e-01
3.3150652405550418e-01 -1.1750403193825731e+00 9.1263181374561586e-01
3.3242090904134108e-01 1.1937660360397719e+00 9.3042599723534747e-01
3.3245063498657668e-01 -1.1542085677161202e+00 8.9315725431186532e-01
3.3245063498657668e-01 -1.0492805161055638e+00 7.9349712565342179e-01
3.3245063498657668e-01 -9.4435246449500743e-01 6.9409736262157151e-01
3.3245063498657668e-01 -8.3942441288445102e-01 5.9614354475250586e-01
3.3245063498657668e-01 -7.3449636127389473e-01 5.0107487550319973e-01
3.3245063498657668e-01 -6.2956830966333832e-01 4.1066798344751698e-01
3.3245063498657668e-01 -5.2464025805278192e-01 3.2710384172970974e-01
3.3245063498657668e-01 -4.1971220644222551e-01 2.5296742836795960e-01
3.3245063498657668e-01 -3.1478415483166911e-01 1.9112368375982164e-01
3.3245063498657668e-01 -2.0985610322111281e-01 1.4443837849758423e-01
3.3245063498657668e-01 -1.0492805161055641e-01 1.1537418820997478e-01
3.3245063498657668e-01 0.0000000000000000e+00 1.0556795930136698e-01
3.3245063498657668e-01 1.0492805161055641e-01 1.1553451035098555e-01
3.3245063498657668e-01 2.0985610322111281e-01 1.4460273629471407e-01
3.3245063498657668e-01 3.1478415483166922e-01 1.9108715225430500e-01
3.3245063498657668e-01 4.1971220644222562e-01 2.5260635535524956e-01
3.3245063498657668e-01 5.2464025805278203e-01 3.2643726927315009e-01
3.3245063498657668e-01 6.2956830966333843e-01 4.0982663108693523e-01
3.3245063498657668e-01 7.3449636127389484e-01 5.0022067294792871e-01
3.3245063498657668e-01 8.3942441288445102e-01 5.9539938563490624e-01
3.3245063498657668e-01 9.4435246449500743e-01 6.9352065154894571e-01
3.3245063498657668e-01 1.0492805161055638e+00 7.9309652786645968e-01
3.3245063498657668e-01 1.1542085677161202e+00 8.9293313605026425e-01
3.3805865473580304e-01 1.1778048747576193e+00 9.1684585610559788e-01
3.4701738781402192e-01 -1.2137051707937105e+00 9.5323488016001456e-01
3.4989472606760469e-01 -1.2008638522802420e+00 9.4195488994172094e-01
3.5127581200427266e-01 1.2153708076470462e+00 9.5591817044008365e-01
3.5539540801666042e-01 -1.1848646547307415e+00 9.2845078586150986e-01
3.5671437315579396e-01 1.2035352076953827e+00 9.4630528453834639e-01
3.6201417493561294e-01 1.1874656385924660e+00 9.3270886439627843e-01
3.7175691987781323e-01 -1.2230806580820595e+00 9.6883546254964514e-01
3.7436052940653031e-01 -1.2101930723905447e+00 9.5756747214868743e-01
3.7605589746147350e-01 1.2246386134485860e+00 9.7159983226396496e-01
3.7952390262152252e-01 -1.1940848951797691e+00 9.4405707460721799e-01
3.8124608857045378e-01 1.2126896538670169e+00 9.6196333358638508e-01
3.8620743064403862e-01 1.1965146254837884e+00 9.4834817455997344e-01
3.9672215612789036e-01 -1.2318374258690126e+00 9.8422180587923880e-01
3.9905360879962948e-01 -1.2189029584416211e+00 9.7296119519317414e-01
4.0105875525536966e-01 1.2332873751101741e+00 9.8705708520372026e-01
4.0387714300073868e-01 -1.2026940553103007e+00 9.5944617250757191e-01
4.0599823627439346e-01 1.2212301821923564e+00 9.7739744689608765e-01
4.1061906848198904e-01 1.2049567134429913e+00 9.6376485209031570e-01
4.2189660281530456e-01 -1.2399733470945851e+00 9.9939325237100651e-01
4.2287559355645143e-01 -1.1542085677161202e+00 9.2080832935874757e-01
4.2287559355645143e-01 -1.0492805161055638e+00 8.2400042113197647e-01
4.2287559355645143e-01 -9.4435246449500743e-01 7.2778820526118970e-01
4.2287559355645143e-01 -8.3942441288445102e-01 6.3330376277560529e-01
4.2287559355645143e-01 -7.3449636127389473e-01 5.4190853266528960e-01
4.2287559355645143e-01 -6.2956830966333832e-01 4.5527150740477379e-01
4.2287559355645143e-01 -5.2464025805278192e-01 3.7543163985354799e-01
4.2287559355645143e-01 -4.1971220644222551e-01 3.0479669790391384e-01
4.2287559355645143e-01 -3.1478415483166911e-01 2.4602556944493273e-01
4.2287559355645143e-01 -2.0985610322111281e-01 2.0176594226754946e-01
4.2287559355645143e-01 -1.0492805161055641e-01 1.7427885644308450e-01
4.2287559355645143e-01 0.0000000000000000e+00 1.6505231806318499e-01
4.2287559355645143e-01 1.0492805161055641e-01 1.7453848117112905e-01
4.2287559355645143e-01 2.0985610322111281e-01 2.0210549801315358e-01
4.2287559355645143e-01 3.1478415483166922e-01 2.4619900971387612e-01
4.2287559355645143e-01 4.1971220644222562e-01 3.0463122760164685e-01
4.2287559355645143e-01 5.2464025805278203e-01 3.7490174790619823e-01
4.2287559355645143e-01 6.2956830966333843e-01 4.5448201557023371e-01
4.2287559355645143e-01 7.3449636127389484e-01 5.4102536758596920e-01
4.2287559355645143e-01 8.3942441288445102e-01 6.3248668866696867e-01
4.2287559355645143e-01 9.4435246449500743e-01 7.2715672543176668e-01
4.2287559355645143e-01 1.0492805161055638e+00 8.2363458477683660e-01
4.2287559355645143e-01 1.1542085677161202e+00 9.2076995783728133e-01
4.2395511707884176e-01 -1.2269976613856077e+00 9.8814057881685091e-01
4.2626791679534404e-01 1.2413150416002088e+00 1.0022847754774338e+00
4.2843763721815425e-01 -1.2106927808960604e+00 9.7461962946325031e-01
4.3095489906938383e-01 1.2291533171258771e+00 9.9260163735259610e-01
4.3523286602862715e-01 1.2127899377944806e+00 9.7895451732649508e-01
4.4726514615548063e-01 -1.2474822549320412e+00 1.0143455574155928e+00
4.4904879047235291e-01 -1.2344754863584664e+00 1.0031049953032767e+00
4.5166762609979955e-01 1.2487178400919845e+00 1.0172767880716940e+00
4.5318842844795409e-01 -1.2180816914218069e+00 9.8957865385653165e-01
4.5610031963466952e-01 1.2364553061291128e+00 1.0075701397311665e+00
4.6003376193604106e-01 1.2200090036836659e+00 9.9391046707117070e-01
4.7281004443936653e-01 -1.2543672960963554e+00 1.0290817933017773e+00
4.7431867714522014e-01 -1.2413344207340302e+00 1.0178532526252995e+00
4.7724150923647640e-01 1.2554944889250077e+00 1.0320296672119911e+00
4.7811352021583081e-01 -1.2248595368878001e+00 1.0043226139868413e+00
4.8141703182099932e-01 1.2431391957169637e+00 1.0223033168321838e+00
4.8500479065115937e-01 1.2266155458840593e+00 1.0086321824851952e+00
4.9851503360054983e-01 -1.2606281962210542e+00 1.0436018662836954e+00
4.9974930795517192e-01 -1.2475710428547324e+00 1.0323827046692138e+00
5.0297267165342607e-01 1.2616469652286739e+00 1.0465433223245553e+00
5.0319771860540052e-01 -1.2310225993817481e+00 1.0188485748211760e+00
5.0688909498063861e-01 1.2492042185411698e+00 1.0367990460722343e+00
5.1012968557234006e-01 1.2326103737983554e+00 1.0231190365320462e+00
5.1330055212632619e-01 -1.1542085677161202e+00 9.5409462475815254e-01
5.1330055212632619e-01 -1.0492805161055638e+00 8.6061598792544269e-01
5.1330055212632619e-01 -9.4435246449500743e-01 7.6805979222919296e-01
5.1330055212632619e-01 -8.3942441288445102e-01 6.7750701248425260e-01
5.1330055212632619e-01 -7.3449636127389473e-01 5.9024364444320276e-01
5.1330055212632619e-01 -6.2956830966333832e-01 5.0783081060028401e-01
5.1330055212632619e-01 -5.2464025805278192e-01 4.3215952464742224e-01
5.1330055212632619e-01 -4.1971220644222551e-01 3.6544573716855910e-01
5.1330055212632619e-01 -3.1478415483166911e-01 3.1011784193880781e-01
5.1330055212632619e-01 -2.0985610322111281e-01 2.6857425712138971e-01
5.1330055212632619e-01 -1.0492805161055641e-01 2.4284487535812119e-01
5.1330055212632619e-01 0.0000000000000000e+00 2.3425178654765216e-01
5.1330055212632619e-01 1.0492805161055641e-01 2.4318612172452442e-01
5.1330055212632619e-01 2.0985610322111281e-01 2.6907266745328073e-01
5.1330055212632619e-01 3.1478415483166922e-01 3.1051181652291104e-01
5.1330055212632619e-01 4.1971220644222562e-01 3.6553050380336072e-01
5.1330055212632619e-01 5.2464025805278203e-01 4.3186558449716345e-01
5.1330055212632619e-01 6.2956830966333843e-01 5.0722106493674990e-01
5.1330055212632619e-01 7.3449636127389484e-01 5.8946003711712480e-01
5.1330055212632619e-01 8.3942441288445102e-01 6.7671221295074568e-01
5.1330055212632619e-01 9.4435246449500743e-01 7.6740153419792323e-01
5.1330055212632619e-01 1.0492805161055638e+00 8.6021781810572551e-01
5.1330055212632619e-01 1.1542085677161202e+00 9.5406308161936937e-01
5.2436417834216154e-01 -1.2662644671102121e+00 1.0579051702894566e+00
5.2532376949728821e-01 -1.2531887240667932e+00 1.0466958866438367e+00
5.2842464248011278e-01 -1.2365725610844269e+00 1.0331576655181669e+00
5.2884520956116599e-01 1.2671748486951619e+00 1.0608164708316024e+00
5.3250071246044273e-01 1.2546499940928777e+00 1.0510562410743038e+00
5.3539279503115866e-01 1.2379931345031070e+00 1.0373700886416377e+00
5.5034169317441439e-01 -1.2712760019053591e+00 1.0719910848668857e+00
5.5102639191098990e-01 -1.2581873597749980e+00 1.0607921812256924e+00
5.5377842662820187e-01 -1.2415106614417317e+00 1.0472503344053898e+00
5.5484337033019893e-01 1.2720780983841979e+00 1.0748489491334750e+00
5.5823623958229807e-01 1.2594765191303159e+00 1.0650748602994873e+00
5.6077861982306920e-01 1.2427638494839641e+00 1.0513853529308708e+00
5.7643195008400183e-01 -1.2756630654391263e+00 1.0858589901978628e+00
5.7684166274874404e-01 -1.2625672147867699e+00 1.0746709767605789e+00
5.7924370407427783e-01 -1.2458371895185292e+00 1.0611259769866717e+00
5.8095156007160342e-01 1.2763570430620064e+00 1.0886416835115797e+00
5.8408019118426457e-01 1.2636841580011953e+00 1.0788558731910727e+00
5.8627182069443295e-01 1.2469229049500385e+00 1.0651657623226907e+00
6.0261948576551982e-01 -1.2794262844968354e+00 1.0995082942284236e+00
6.0275423416389173e-01 -1.2663289135777642e+00 1.0883316927996303e+00
6.0372551069620095e-01 -1.1542085677161202e+00 9.9243663583991726e-01
6.0372551069620095e-01 -1.0492805161055638e+00 9.0264007465382190e-01
6.0372551069620095e-01 -9.4435246449500743e-01 8.1407314160710964e-01
6.0372551069620095e-01 -8.3942441288445102e-01 7.2776947521399360e-01
6.0372551069620095e-01 -7.3449636127389473e-01 6.4494330426398938e-01
6.0372551069620095e-01 -6.2956830966333832e-01 5.6704950854394920e-01
6.0372551069620095e-01 -5.2464025805278192e-01 4.9582836527390994e-01
6.0372551069620095e-01 -4.1971220644222551e-01 4.3329469379640362e-01
6.0372551069620095e-01 -3.1478415483166911e-01 3.8163025669790690e-01
6.0372551069620095e-01 -2.0985610322111281e-01 3.4296453137648836e-01
6.0372551069620095e-01 -1.0492805161055641e-01 3.1908015536020268e-01
6.0372551069620095e-01 0.0000000000000000e+00 3.1112822273617302e-01
6.0372551069620095e-01 1.0492805161055641e-01 3.1944701466562725e-01
6.0372551069620095e-01 2.0985610322111281e-01 3.4353427152102634e-01
6.0372551069620095e-01 3.1478415483166922e-01 3.8216146519498545e-01
6.0372551069620095e-01 4.1971220644222562e-01 4.3358116276162784e-01
6.0372551069620095e-01 5.2464025805278203e-01 4.9577166753127794e-01
6.0372551069620095e-01 6.2956830966333843e-01 5.6666786003076863e-01
6.0372551069620095e-01 7.3449636127389484e-01 6.4433654978910182e-01
6.0372551069620095e-01 8.3942441288445102e-01 7.2707407325991646e-01
6.0372551069620095e-01 9.4435246449500743e-01 8.1343005901198773e-01
6.0372551069620095e-01 1.0492805161055638e+00 9.0218111811327806e-01
6.0372551069620095e-01 1.1542085677161202e+00 9.9228337703106795e-01
6.0480527287820984e-01 -1.2495527911839874e+00 1.0747840276205936e+00
6.0715435078010083e-01 1.2800123714516918e+00 1.1021966167303052e+00
6.1001728879351347e-01 1.2672733156923028e+00 1.0924009298258344e+00
6.1185722539157861e-01 1.2504710420613536e+00 1.0787130973002159e+00
6.2874892966257268e-01 -1.2694734304834343e+00 1.1017738157062904e+00
6.2888900841684003e-01 -1.2825666380032807e+00 1.1129384702441554e+00
6.3044810283292307e-01 -1.2526584592958232e+00 1.0882239932216480e+00
6.3343648704165634e-01 1.2830451224122623e+00 1.1155165952253827e+00
6.3603236467464963e-01 1.2702450600696349e+00 1.1057127634683561e+00
6.3751983527397804e-01 1.2534093470865928e+00 1.0920298838868734e+00
6.5481075042233039e-01 -1.2720020798336094e+00 1.1149969421160293e+00
6.5522540410100061e-01 -1.2850854471517428e+00 1.1261491025804413e+00
6.5615734172875240e-01 -1.2551555238285206e+00 1.1014454942758918e+00
6.5978289230830889e-01 1.2854566750632819e+00 1.1286052241519373e+00
6.6211035721565970e-01 1.2726017297232743e+00 1.1187955490248482e+00
6.6324483759485942e-01 1.2557391639921633e+00 1.1051192047916509e+00
6.8092488118058736e-01 -1.2739165060468818e+00 1.1280008275633056e+00
6.8161374267779418e-01 -1.2869843654920363e+00 1.1391399376581079e+00
6.8191832118757423e-01 -1.2570456419623224e+00 1.1144483106162517e+00
6.8617867474352789e-01 1.2872487388719067e+00 1.1414666993568636e+00
6.8823652975034055e-01 1.2743450572892054e+00 1.1316532388619416e+00
6.8901758074831654e-01 1.2574624720912451e+00 1.1179848686076996e+00
6.9415046926607571e-01 -1.1542085677161202e+00 1.0351904423197695e+00
6.9415046926607571e-01 -1.0492805161055638e+00 9.4931726902476077e-01
6.9415046926607571e-01 -9.4435246449500743e-01 8.6495439395021945e-01
6.9415046926607571e-01 -8.3942441288445102e-01 7.8309162987638403e-01
6.9415046926607571e-01 -7.3449636127389473e-01 7.0487479262120867e-01
6.9415046926607571e-01 -6.2956830966333832e-01 6.3165452776958753e-01
6.9415046926607571e-01 -5.2464025805278192e-01 5.6501967736004766e-01
6.9415046926607571e-01 -4.1971220644222551e-01 5.0677956957672732e-01
6.9415046926607571e-01 -3.1478415483166911e-01 4.5886189787663967e-01
6.9415046926607571e-01 -2.0985610322111281e-01 4.2311980950520500e-01
6.9415046926607571e-01 -1.0492805161055641e-01 4.0108624306178203e-01
6.9415046926607571e-01 0.0000000000000000e+00 3.9374703703626712e-01
6.9415046926607571e-01 1.0492805161055641e-01 4.0139968398178283e-01
6.9415046926607571e-01 2.0985610322111281e-01 4.2362723722673357e-01
6.9415046926607571e-01 3.1478415483166922e-01 4.5937962146774236e-01
6.9415046926607571e-01 4.1971220644222562e-01 5.0713605702628439e-01
6.9415046926607571e-01 5.2464025805278203e-01 5.6511225947915456e-01
6.9415046926607571e-01 6.2956830966333843e-01 6.3146636871105333e-01
6.9415046926607571e-01 7.3449636127389484e-01 7.0445875052121854e-01
6.9415046926607571e-01 8.3942441288445102e-01 7.8254092580240653e-01
6.9415046926607571e-01 9.4435246449500743e-01 8.6437732680419943e-01
6.9415046926607571e-01 1.0492805161055638e+00 9.4882306309867648e-01
6.9415046926607571e-01 1.1542085677161202e+00 1.0348843664772778e+00
7.0707669569678477e-01 -1.2752186737013549e+00 1.1407854372942803e+00
7.0771656207052502e-01 -1.2583307881495394e+00 1.1272324291436915e+00
7.0803928330883636e-01 -1.2882653689941559e+00 1.1519109372187200e+00
7.1260913264200265e-01 1.2884233437188075e+00 1.1541056264118907e+00
7.1439636037098941e-01 1.2754763075147022e+00 1.1442895177432717e+00
7.1482364059967185e-01 1.2585811009335817e+00 1.1306306338437238e+00
7.3325176179259355e-01 -1.2759108575980351e+00 1.1533509961805675e+00
7.3353777946371690e-01 -1.2590132441744737e+00 1.1397980905986727e+00
7.3448747954049987e-01 -1.2889307461037944e+00 1.1644623305237678e+00
7.3905975942836877e-01 1.2889828299592010e+00 1.1665268371411304e+00
7.4057544371262884e-01 1.2759976277645562e+00 1.1567087298701750e+00
7.4064876438223537e-01 1.2590974955118415e+00 1.1430606822460692e+00
7.5936788724693405e-01 -1.2590955892229145e+00 1.1521458325839111e+00
7.5943584597514657e-01 -1.2759956328328355e+00 1.1656980347418493e+00
7.6094398396967733e-01 -1.2889830878057242e+00 1.1767946623818524e+00
7.6551624823993714e-01 1.2889298384949071e+00 1.1787352136185671e+00
7.6647890568694765e-01 1.2590143187408687e+00 1.1552791633420625e+00
7.6675956401215251e-01 1.2759120777048318e+00 1.1689157489439985e+00
7.8457542783595047e-01 -1.1542085677161202e+00 1.0816987087648802e+00
7.8457542783595047e-01 -1.0492805161055638e+00 9.9989579470143219e-01
7.8457542783595047e-01 -9.4435246449500743e-01 9.1985265712502795e-01
7.8457542783595047e-01 -8.3942441288445102e-01 8.4251739115798963e-01
7.8457542783595047e-01 -7.3449636127389473e-01 7.6896953587252903e-01
7.8457542783595047e-01 -6.2956830966333832e-01 7.0045734138620763e-01
7.8457542783595047e-01 -5.2464025805278192e-01 6.3841944793751737e-01
7.8457542783595047e-01 -4.1971220644222551e-01 5.8446045338618746e-01
7.8457542783595047e-01 -3.1478415483166911e-01 5.4025552191630721e-01
7.8457542783595047e-01 -2.0985610322111281e-01 5.0738626013004551e-01
7.8457542783595047e-01 -1.0492805161055641e-01 4.8714597550304017e-01
7.8457542783595047e-01 0.0000000000000000e+00 4.8036932371344998e-01
7.8457542783595047e-01 1.0492805161055641e-01 4.8732583889386127e-01
7.8457542783595047e-01 2.0985610322111281e-01 5.0768990369239464e-01
7.8457542783595047e-01 3.1478415483166922e-01 5.4058756819127574e-01
7.8457542783595047e-01 4.1971220644222562e-01 5.8471662735086516e-01
7.8457542783595047e-01 5.2464025805278203e-01 6.3851972095085607e-01
7.8457542783595047e-01 6.2956830966333843e-01 7.0036710225147703e-01
7.8457542783595047e-01 7.3449636127389484e-01 7.6870134698222281e-01
7.8457542783595047e-01 8.3942441288445102e-01 8.4211794762680392e-01
7.8457542783595047e-01 9.4435246449500743e-01 9.1938574171363396e-01
7.8457542783595047e-01 1.0492805161055638e+00 9.9942958820544181e-01
7.8457542783595047e-01 1.1542085677161202e+00 1.0812994781896985e+00
7.8519300225086841e-01 -1.2585806899768972e+00 1.1642765262996870e+00
7.8561491764884872e-01 -1.2754758648928795e+00 1.1778274285583146e+00
7.8739465249788443e-01 -1.2884252777107179e+00 1.1889088341610383e+00
7.9196449609907060e-01 1.2882673008730501e+00 1.1907355284828607e+00
7.9230022243773379e-01 1.2583345190612152e+00 1.1672901287118647e+00
7.9293473176594031e-01 1.2752226070164818e+00 1.1809150179792298e+00
8.1099944800899493e-01 -1.2574716907500536e+00 1.1761914048481854e+00
8.1177515292185387e-01 -1.2743546997924278e+00 1.1897404287764144e+00
8.1382554817980701e-01 -1.2872604821813498e+00 1.2008061353960093e+00
8.1809908056306835e-01 1.2570613205702892e+00 1.1790974242718169e+00
8.1839060768139449e-01 1.2869984294266645e+00 1.2025323087585760e+00
8.1908716553053695e-01 1.2739324439322730e+00 1.1927107480092198e+00
8.3677375811073873e-01 -1.2557720036785394e+00 1.1878920814552694e+00
8.3790293801382454e-01 -1.2726355542634189e+00 1.2014386819411551e+00
8.4022294467287251e-01 -1.2854921405116677e+00 1.2124882641651926e+00
8.4386205726988461e-01 1.2551982132120481e+00 1.1907046068402303e+00
8.4478089868655948e-01 1.2851267074721264e+00 1.2141297283593653e+00
8.4520329525113103e-01 1.2720450854248659e+00 1.2043068225400178e+00
8.6250245145020477e-01 -1.2534830415236309e+00 1.1993787248749017e+00
8.6398454284431481e-01 -1.2703188401935410e+00 1.2129215904673725e+00
8.6657332929502717e-01 -1.2831239551753570e+00 1.2239573350393242e+00
8.6957594392709048e-01 1.2527489430397671e+00 1.2021148870288874e+00
8.7112173437878671e-01 1.2826543228817726e+00 1.2255302709891882e+00
8.7126976519961330e-01 1.2695642874670106e+00 1.2157067313270369e+00
8.7500038640582523e-01 -1.1542085677161202e+00 1.1313381881679798e+00
8.7500038640582523e-01 -1.0492805161055638e+00 1.0536748227284192e+00
8.7500038640582523e-01 -9.4435246449500743e-01 9.7798564913839336e-01
8.7500038640582523e-01 -8.3942441288445102e-01 9.0517735293364066e-01
8.7500038640582523e-01 -7.3449636127389473e-01 8.3626411388369670e-01
8.7500038640582523e-01 -6.2956830966333832e-01 7.7239377346581817e-01
8.7500038640582523e-01 -5.2464025805278192e-01 7.1485837574244904e-01
8.7500038640582523e-01 -4.1971220644222551e-01 6.6506393460885693e-01
8.7500038640582523e-01 -3.1478415483166911e-01 6.2444331053899960e-01
8.7500038640582523e-01 -2.0985610322111281e-01 5.9432226247919584e-01
8.7500038640582523e-01 -1.0492805161055641e-01 5.7577456164710439e-01
8.7500038640582523e-01 0.0000000000000000e+00 5.6950285673230494e-01
8.7500038640582523e-01 1.0492805161055641e-01 5.7575959709704838e-01
8.7500038640582523e-01 2.0985610322111281e-01 5.9430910198889109e-01
8.7500038640582523e-01 3.1478415483166922e-01 6.2444218199526758e-01
8.7500038640582523e-01 4.1971220644222562e-01 6.6505956204449601e-01
8.7500038640582523e-01 5.2464025805278203e-01 7.1481541570838825e-01
8.7500038640582523e-01 6.2956830966333843e-01 7.7227870753205385e-01
8.7500038640582523e-01 7.3449636127389484e-01 8.3606287297478032e-01
8.7500038640582523e-01 8.3942441288445102e-01 9.0489783479939290e-01
8.7500038640582523e-01 9.4435246449500743e-01 9.7764894937875246e-01
8.7500038640582523e-01 1.0492805161055638e+00 1.0533043883225841e+00
8.7500038640582523e-01 1.1542085677161202e+00 1.1309526224218498e+00
8.8817230647753997e-01 -1.2506085454032767e+00 1.2106535527147224e+00
8.9000675268429785e-01 -1.2674101217597622e+00 1.2241929051597724e+00
8.9286312051522299e-01 -1.2801575958294085e+00 1.2352140168738277e+00
8.9522774856646570e-01 1.2497175025660585e+00 1.2133310987735069e+00
8.9727343652995672e-01 1.2664940553780237e+00 1.2269135339964361e+00
8.9739948385944879e-01 1.2795832208927322e+00 1.2367355306181871e+00
9.1377061441979679e-01 -1.2471546059430756e+00 1.2217208668643504e+00
9.1595665002760451e-01 -1.2639147004302140e+00 1.2352563604183939e+00
9.1907892707034322e-01 -1.2765962612567732e+00 1.2462603908442462e+00
9.2080405605925997e-01 1.2461039407018140e+00 1.2243522769109259e+00
9.2320062562445404e-01 1.2628336600191392e+00 1.2379257918586430e+00
9.2360132924978400e-01 1.2759207512705644e+00 1.2477507989498369e+00
9.3928473984820526e-01 -1.2431256319289077e+00 1.2325837605336034e+00
9.4182145290771635e-01 -1.2598370014853659e+00 1.2461151467455327e+00
9.4520813771078027e-01 -1.2724471934470456e+00 1.2571020006381990e+00
9.4629246489761887e-01 1.2419152724438240e+00 1.2351825621453738e+00
9.4903897334007259e-01 1.2585915204129561e+00 1.2487488851719011e+00
9.4971442163631148e-01 1.2716714076511526e+00 1.2585784021478261e+00
9.6470226975123663e-01 -1.2385262538780482e+00 1.2432456269552423e+00
9.6542534497569987e-01 -1.1542085677161202e+00 1.1835509382929459e+00
9.6542534497569987e-01 -1.0492805161055638e+00 1.1100325576183465e+00
9.6542534497569987e-01 -9.4435246449500743e-01 1.0386639308239181e+00
9.6542534497569987e-01 -8.3942441288445102e-01 9.7030923736742025e-01
9.6542534497569987e-01 -7.3449636127389473e-01 9.0591776635393551e-01
9.6542534497569987e-01 -6.2956830966333832e-01 8.4653996023364908e-01
9.6542534497569987e-01 -5.2464025805278192e-01 7.9332783008673546e-01
9.6542534497569987e-01 -4.1971220644222551e-01 7.4750021280242407e-01
9.6542534497569987e-01 -3.1478415483166911e-01 7.1026538700986341e-01
9.6542534497569987e-01 -2.0985610322111281e-01 6.8271742978456806e-01
9.6542534497569987e-01 -1.0492805161055641e-01 6.6573731494894206e-01
9.6542534497569987e-01 0.0000000000000000e+00 6.5991668622875510e-01
9.6542534497569987e-01 1.0492805161055641e-01 6.6549808560486801e-01
9.6542534497569987e-01 2.0985610322111281e-01 6.8232742403860669e-01
9.6542534497569987e-01 3.1478415483166922e-01 7.0984184006736861e-01
9.6542534497569987e-01 4.1971220644222562e-01 7.4712395612828952e-01
9.6542534497569987e-01 5.2464025805278203e-01 7.9302066578134889e-01
9.6542534497569987e-01 6.2956830966333843e-01 8.4628457543867242e-01
9.6542534497569987e-01 7.3449636127389484e-01 9.0568861244471965e-01
9.6542534497569987e-01 8.3942441288445102e-01 9.7008911512636964e-01
9.6542534497569987e-01 9.4435246449500743e-01 1.0384427933267921e+00
9.6542534497569987e-01 1.0492805161055638e+00 1.1097979708980308e+00
9.6542534497569987e-01 1.1542085677161202e+00 1.1832793399686801e+00
9.6758855854223114e-01 -1.2551814483353594e+00 1.2567725818315227e+00
9.7123808370692477e-01 -1.2677150760064066e+00 1.2677424566001616e+00
9.7168075870792836e-01 1.2371573385508519e+00 1.2458246501372414e+00
9.7477604108643101e-01 1.2537729093065995e+00 1.2593850896057992e+00
9.7572613563236321e-01 1.2668399085955551e+00 1.2692202393613039e+00
9.9000984872535303e-01 -1.2333559400011314e+00 1.2537056612955471e+00
9.9324424030300584e-01 -1.2499465692316343e+00 1.2672271919240710e+00
9.9695679761111744e-01 1.2318350484316651e+00 1.2562800316639255e+00
9.9715597974534664e-01 -1.2624032366330142e+00 1.2781843403885746e+00
1.0003995436058171e+00 1.2483827607479301e+00 1.2698359086884929e+00
1.0016226668377011e+00 1.2614248616453725e+00 1.2796726212667404e+00
1.0151960142237437e+00 -1.2276234692575381e+00 1.2639707325846659e+00
1.0187773843091783e+00 -1.2441435784266430e+00 1.2774879592311841e+00
1.0221074471976335e+00 1.2259485695600623e+00 1.2665458658074074e+00
1.0229484633413848e+00 -1.2565125359321525e+00 1.2884281912224533e+00
1.0258958995239185e+00 1.2424200453620891e+00 1.2800974637762184e+00
1.0273926502174147e+00 1.2554366025591877e+00 1.2899410041828396e+00
1.0402492306351143e+00 -1.2213353287044590e+00 1.2740458273986119e+00
1.0441760757630558e+00 -1.2377777727518153e+00 1.2875590035434508e+00
1.0471212827075524e+00 1.2195055492085065e+00 1.2766251640826911e+00
1.0486045514450986e+00 -1.2500537112007357e+00 1.2984826755498335e+00
1.0512540605144038e+00 1.2358946958646879e+00 1.2901745688429056e+00
1.0530242487488173e+00 1.2488812155117499e+00 1.3000270098487423e+00
1.0558503035455746e+00 -1.1542085677161202e+00 1.2378547961917459e+00
1.0558503035455746e+00 -1.0492805161055638e+00 1.1684326875819240e+00
1.0558503035455746e+00 -9.4435246449500743e-01 1.1012934592595147e+00
1.0558503035455746e+00 -8.3942441288445102e-01 1.0372573335868442e+00
1.0558503035455746e+00 -7.3449636127389473e-01 9.7720994658111793e-01
1.0558503035455746e+00 -6.2956830966333832e-01 9.2210932428115311e-01
1.0558503035455746e+00 -5.2464025805278192e-01 8.7297717910486816e-01
1.0558503035455746e+00 -4.1971220644222551e-01 8.3086096914126339e-01
1.0558503035455746e+00 -3.1478415483166911e-01 7.9676751331506956e-01
1.0558503035455746e+00 -2.0985610322111281e-01 7.7158865890826012e-01
1.0558503035455746e+00 -1.0492805161055641e-01 7.5604236248085754e-01
1.0558503035455746e+00 0.0000000000000000e+00 7.5062939302859100e-01
1.0558503035455746e+00 1.0492805161055641e-01 7.5558531930047068e-01
1.0558503035455746e+00 2.0985610322111281e-01 7.7082403081354312e-01
1.0558503035455746e+00 3.1478415483166922e-01 7.9590625740672305e-01
1.0558503035455746e+00 4.1971220644222562e-01 8.3007257930742973e-01
1.0558503035455746e+00 5.2464025805278203e-01 8.7234182083096801e-01
1.0558503035455746e+00 6.2956830966333843e-01 9.2163381909540232e-01
1.0558503035455746e+00 7.3449636127389484e-01 9.7686908148817708e-01
1.0558503035455746e+00 8.3942441288445102e-01 1.0370229065024592e+00
1.0558503035455746e+00 9.4435246449500743e-01 1.1011399587139721e+00
1.0558503035455746e+00 1.0492805161055638e+00 1.1683283234816366e+00
1.0558503035455746e+00 1.1542085677161202e+00 1.2377499763234918e+00
1.0651572077638372e+00 -1.2144943727220856e+00 1.2839328064796001e+00
1.0694273477845975e+00 -1.2308501831429348e+00 1.2974407712843712e+00
1.0719873015745141e+00 1.2125137082892081e+00 1.2865208132958130e+00
1.0741124502298480e+00 -1.2430322915766965e+00 1.3083520972491856e+00
1.0764626523682050e+00 1.2288134389293233e+00 1.3000691710905339e+00
1.0785044759796802e+00 1.2417600285889665e+00 1.3099279947939857e+00
1.0899074857267175e+00 -1.2071032213058552e+00 1.2936331087700772e+00
1.0945195561642198e+00 -1.2233669869494688e+00 1.3071377938321813e+00
1.0966930422074790e+00 1.2049749752366807e+00 1.2962306678818507e+00
1.0994581297354826e+00 -1.2354461113863604e+00 1.3180340982041276e+00
1.1015086127464475e+00 1.2211767995973677e+00 1.3097778093177881e+00
1.1038214264960653e+00 1.2340786045502541e+00 1.3196445863595589e+00
1.1144903250331082e+00 -1.1991729692349486e+00 1.3031551111799198e+00
1.1194423827441142e+00 -1.2153376509863554e+00 1.3166571842562571e+00
1.1212267792618873e+00 1.1968940711062908e+00 1.3057547686259667e+00
1.1246319554949666e+00 -1.2273079019387751e+00 1.3275385516710432e+00
1.1263808881283723e+00 1.2129922316602435e+00 1.3193026868211430e+00
1.1289648634404630e+00 1.2258469487174324e+00 1.3291810666889532e+00
1.1388935778811444e+00 -1.1907061182407264e+00 1.3124996403321918e+00
1.1441827995064511e+00 -1.2067626665320148e+00 1.3259981434808232e+00
1.1455790160425157e+00 1.1882816318433143e+00 1.3150981874793874e+00
1.1462752621154495e+00 -1.1542085677161202e+00 1.2938367591638120e+00
1.1462752621154495e+00 -1.0492805161055638e+00 1.2284144821103309e+00
1.1462752621154495e+00 -9.4435246449500743e-01 1.1653632109790824e+00
1.1462752621154495e+00 -8.3942441288445102e-01 1.1054588110253616e+00
1.1462752621154495e+00 -7.3449636127389473e-01 1.0495264734786067e+00
1.1462752621154495e+00 -6.2956830966333832e-01 9.9843926777973824e-01
1.1462752621154495e+00 -5.2464025805278192e-01 9.5310097327429122e-01
1.1462752621154495e+00 -4.1971220644222551e-01 9.1440619683732405e-01
1.1462752621154495e+00 -3.1478415483166911e-01 8.8318617043738634e-01
1.1462752621154495e+00 -2.0985610322111281e-01 8.6016195318456812e-01
1.1462752621154495e+00 -1.0492805161055641e-01 8.4591816115001128e-01
1.1462752621154495e+00 0.0000000000000000e+00 8.4088219881156201e-01
1.1462752621154495e+00 1.0492805161055641e-01 8.4528184358238423e-01
1.1462752621154495e+00 2.0985610322111281e-01 8.5908242314645333e-01
1.1462752621154495e+00 3.1478415483166922e-01 8.8194414436021273e-01
1.1462752621154495e+00 4.1971220644222562e-01 9.1324109324444702e-01
1.1462752621154495e+00 5.2464025805278203e-01 9.5214264112743630e-01
1.1462752621154495e+00 6.2956830966333843e-01 9.9771844789127995e-01
1.1462752621154495e+00 7.3449636127389484e-01 1.0490236234288752e+00
1.1462752621154495e+00 8.3942441288445102e-01 1.1051444029907227e+00
1.1462752621154495e+00 9.4435246449500743e-01 1.1652103746723534e+00
1.1462752621154495e+00 1.0492805161055638e+00 1.2283904614147310e+00
1.1462752621154495e+00 1.1542085677161202e+00 1.2938874451789708e+00
1.1496227575967435e+00 -1.2186237961746629e+00 1.3368695360317815e+00
1.1510694751851809e+00 1.2042691631657088e+00 1.3286477022443957e+00
1.1539215941994450e+00 1.2170654212570293e+00 1.3385334951045569e+00
1.1631054299260251e+00 -1.1817065719303224e+00 1.3216682750176063e+00
1.1687302039440444e+00 -1.1976499042920072e+00 1.3351657209261458e+00
1.1697367573037198e+00 1.1791377812621369e+00 1.3242569803398312e+00
1.1744163743230238e+00 -1.2093917644399057e+00 1.3460236959853304e+00
1.1755605952925048e+00 1.1950061240977814e+00 1.3378073953521852e+00
1.1786810229534439e+00 1.2077421586264083e+00 1.3477044874096680e+00
1.1871172466529067e+00 -1.1721861324344673e+00 1.3306690232480500e+00
1.1930751975477745e+00 -1.1880093426193761e+00 1.3441664216351135e+00
1.1936901914918745e+00 1.1694714265405033e+00 1.3332347475201578e+00
1.1990049978395285e+00 -1.1996269096817775e+00 1.3550118928918018e+00
1.1998454640914329e+00 1.1852151705837066e+00 1.3467879404471279e+00
1.2032336273310797e+00 1.1978870143055209e+00 1.3566982648503352e+00
1.2109154562736444e+00 -1.1621436246608023e+00 1.3394981299790731e+00
1.2172030975494021e+00 -1.1778376288875025e+00 1.3529946279054978e+00
1.2174297819146156e+00 1.1592911150879304e+00 1.3420349121086899e+00
1.2233758430972907e+00 -1.1893305117179764e+00 1.3638325985779742e+00
1.2239131452379430e+00 1.1749017950605301e+00 1.3555899627966252e+00
1.2275646196860361e+00 1.1874967715934266e+00 1.3655077058951308e+00
1.2344918307861150e+00 -1.1515908863172553e+00 1.3481626507551534e+00
1.2367002206853241e+00 -1.0492805161055638e+00 1.2895751162345275e+00
1.2367002206853241e+00 -9.4435246449500743e-01 1.2304270039045411e+00
1.2367002206853241e+00 -8.3942441288445102e-01 1.1744261375886482e+00
1.2367002206853241e+00 -7.3449636127389473e-01 1.1223431251136353e+00
1.2367002206853241e+00 -6.2956830966333832e-01 1.0749756831488648e+00
1.2367002206853241e+00 -5.2464025805278192e-01 1.0331232841979539e+00
1.2367002206853241e+00 -4.1971220644222551e-01 9.9754679733885654e-01
1.2367002206853241e+00 -3.1478415483166911e-01 9.6892787337781616e-01
1.2367002206853241e+00 -2.0985610322111281e-01 9.4784744338391314e-01
1.2367002206853241e+00 -1.0492805161055641e-01 9.3478411233083891e-01
1.2367002206853241e+00 0.0000000000000000e+00 9.3010605868279017e-01
1.2367002206853241e+00 1.0492805161055641e-01 9.3402984661201616e-01
1.2367002206853241e+00 2.0985610322111281e-01 9.4655517619753349e-01
1.2367002206853241e+00 3.1478415483166922e-01 9.6741880202276898e-01
1.2367002206853241e+00 4.1971220644222562e-01 9.9610535925465404e-01
1.2367002206853241e+00 5.2464025805278203e-01 1.0319140377629461e+00
1.2367002206853241e+00 6.2956830966333843e-01 1.0740464137176784e+00
1.2367002206853241e+00 7.3449636127389484e-01 1.1216779315969849e+00
1.2367002206853241e+00 8.3942441288445102e-01 1.1739963033464389e+00
1.2367002206853241e+00 9.4435246449500743e-01 1.2302120511163446e+00
1.2367002206853241e+00 1.0492805161055638e+00 1.2895559696782199e+00
1.2409418606786129e+00 1.1485958402731302e+00 1.3506524526924208e+00
1.2411073408116331e+00 -1.1671509388398449e+00 1.3616611936734089e+00
1.2475182918829533e+00 -1.1785094549454622e+00 1.3724884954178538e+00
1.2477511631378031e+00 1.1640681694210786e+00 1.3642111393273126e+00
1.2516675755019819e+00 1.1765880190828681e+00 1.3741430511364972e+00
1.2578355239241621e+00 -1.1405329110393418e+00 1.3566631108594276e+00
1.2642202988058509e+00 1.1374011566781910e+00 1.3590970997818024e+00
1.2647750204826331e+00 -1.1559500448522937e+00 1.3701628925769009e+00
1.2713526427770805e+00 1.1527284326112823e+00 1.3726598425828973e+00
1.2714234659741854e+00 -1.1671738025061966e+00 1.3809845156378375e+00
1.2755290525705270e+00 1.1651606796613121e+00 1.3825999884923261e+00
1.2809352707052113e+00 -1.1289740181125218e+00 1.3649987466190598e+00
1.2872510779985264e+00 1.1257054164171418e+00 1.3673632026419229e+00
1.2881967542312012e+00 -1.1442436044352513e+00 1.3785027896147621e+00
1.2947024793388135e+00 1.1408791784213075e+00 1.3809287557739824e+00
1.2950775646805954e+00 -1.1553231579037999e+00 1.3893155764716161e+00
1.2991402478970424e+00 1.1532248145938453e+00 1.3908831901787051e+00
1.3037837304736648e+00 -1.1169259827197944e+00 1.3731749705871379e+00
1.3100276402825726e+00 1.1135220387733364e+00 1.3754586848510435e+00
1.3113629266861515e+00 -1.1320391886124950e+00 1.3866823992930901e+00
1.3177957401959282e+00 1.1285373637411753e+00 1.3890289218194936e+00
1.3184751307265556e+00 -1.1429737177962664e+00 1.3974908384684053e+00
1.3224907376272179e+00 1.1407866090846326e+00 1.3989939211757783e+00
1.3263672382407412e+00 -1.1043883474155418e+00 1.3811853739742754e+00
1.3271251792551988e+00 -1.0492805161055638e+00 1.3515519821294433e+00
1.3271251792551988e+00 -9.4435246449500743e-01 1.2960870610520649e+00
1.3271251792551988e+00 -8.3942441288445102e-01 1.2437324713997890e+00
1.3271251792551988e+00 -7.3449636127389473e-01 1.1952125227354826e+00
1.3271251792551988e+00 -6.2956830966333832e-01 1.1512600602434822e+00
1.3271251792551988e+00 -5.2464025805278192e-01 1.1125832258755901e+00
1.3271251792551988e+00 -4.1971220644222551e-01 1.0798267809578954e+00
1.3271251792551988e+00 -3.1478415483166911e-01 1.0535469221680849e+00
1.3271251792551988e+00 -2.0985610322111281e-01 1.0342124769736172e+00
1.3271251792551988e+00 -1.0492805161055641e-01 1.0222197847413192e+00
1.3271251792551988e+00 0.0000000000000000e+00 1.0178886019706108e+00
1.3271251792551988e+00 1.0492805161055641e-01 1.0214196301285496e+00
1.3271251792551988e+00 2.0985610322111281e-01 1.0328313639315687e+00
1.3271251792551988e+00 3.1478415483166922e-01 1.0519172425148793e+00
1.3271251792551988e+00 4.1971220644222562e-01 1.0782524388498893e+00
1.3271251792551988e+00 5.2464025805278203e-01 1.1112469401145346e+00
1.3271251792551988e+00 6.2956830966333843e-01 1.1502165011075780e+00
1.3271251792551988e+00 7.3449636127389484e-01 1.1944415192837363e+00
1.3271251792551988e+00 8.3942441288445102e-01 1.2431998755844376e+00
1.3271251792551988e+00 9.4435246449500743e-01 1.2957771161104703e+00
1.3271251792551988e+00 1.0492805161055638e+00 1.3514655619377736e+00
1.3325378958897258e+00 1.1008533555634235e+00 1.3833813166446982e+00
1.3342619762432970e+00 -1.1193406675525142e+00 1.3946991586141793e+00
1.3406183386416717e+00 1.1157019211626658e+00 1.3969549413009159e+00
1.3416005313160018e+00 -1.1301218378332420e+00 1.4055007819490508e+00
1.3455697447444053e+00 1.1278516450586031e+00 1.4069327928701418e+00
1.3486811867951973e+00 -1.0913769908498907e+00 1.3890380547933008e+00
1.3547739950978868e+00 1.0877094366728255e+00 1.3911358705791343e+00
1.3568868046566289e+00 -1.1061597435457038e+00 1.4025571189905714e+00
1.3631642393718510e+00 1.1023864580789948e+00 1.4047148086115837e+00
1.3644498808259158e+00 -1.1167853495778606e+00 1.4133549023528169e+00
1.3683691460266192e+00 1.1144299507615887e+00 1.4147044679687628e+00
1.3707104261765160e+00 -1.0778892059851277e+00 1.3967231783744103e+00
1.3767253945710829e+00 1.0740953503275172e+00 1.3987223109444260e+00
1.3792245885003460e+00 -1.0924980155106494e+00 1.4102503015377501e+00
1.3854207176397688e+00 1.0885926599524987e+00 1.4123052607115687e+00
1.3870079714084311e+00 -1.1029619072001469e+00 1.4210433907816096e+00
1.3908771400285034e+00 1.1005251135416598e+00 1.4223074203523223e+00
1.3924520438507275e+00 -1.0639425223548107e+00 1.4042495424349322e+00
1.3983840256958386e+00 1.0600201684750088e+00 1.4061441576568987e+00
1.4012697062249948e+00 -1.0783688753332168e+00 1.4177833167904432e+00
1.4073817111626086e+00 1.0743331263396485e+00 1.4197331198834240e+00
1.4092709585981094e+00 -1.0886680482170141e+00 1.4285735881782862e+00
1.4130868334374755e+00 1.0861485953979610e+00 1.4297473670797873e+00
1.4138905706819289e+00 -1.0495342772366547e+00 1.4116061664842916e+00
1.4175501378250737e+00 -9.4435246449500743e-01 1.3619834950289524e+00
1.4175501378250737e+00 -8.3942441288445102e-01 1.3130031455640330e+00
1.4175501378250737e+00 -7.3449636127389473e-01 1.2677562958785566e+00
1.4175501378250737e+00 -6.2956830966333832e-01 1.2269203555291932e+00
1.4175501378250737e+00 -5.2464025805278192e-01 1.1911225738800555e+00
1.4175501378250737e+00 -4.1971220644222551e-01 1.1609063205496695e+00
1.4175501378250737e+00 -3.1478415483166911e-01 1.1367235100548059e+00
1.4175501378250737e+00 -2.0985610322111281e-01 1.1189553667227488e+00
1.4175501378250737e+00 -1.0492805161055641e-01 1.1079357259872995e+00
1.4175501378250737e+00 0.0000000000000000e+00 1.1039439016624872e+00
1.4175501378250737e+00 1.0492805161055641e-01 1.1071601188608677e+00
1.4175501378250737e+00 2.0985610322111281e-01 1.1176089678539132e+00
1.4175501378250737e+00 3.1478415483166922e-01 1.1351248709046657e+00
1.4175501378250737e+00 4.1971220644222562e-01 1.1593573162025566e+00
1.4175501378250737e+00 5.2464025805278203e-01 1.1898105698133141e+00
1.4175501378250737e+00 6.2956830966333843e-01 1.2258977677352982e+00
1.4175501378250737e+00 7.3449636127389484e-01 1.2669883152645194e+00
1.4175501378250737e+00 8.3942441288445102e-01 1.3124371978443006e+00
1.4175501378250737e+00 9.4435246449500743e-01 1.3615966795301095e+00
1.4197397034964065e+00 1.0454894252637017e+00 1.4134012784942431e+00
1.4230092402511119e+00 -1.0637739333216696e+00 1.4251490523746662e+00
1.4290346669618970e+00 1.0596100347439978e+00 1.4269949575743732e+00
1.4312237548978757e+00 -1.0739022092578745e+00 1.4359351282365413e+00
1.4349865967640283e+00 1.0713042382787226e+00 1.4370224569976384e+00
1.4350235114267376e+00 -1.0346814414588739e+00 1.4188007771343505e+00
1.4407854443998969e+00 1.0305133024439419e+00 1.4204977596890664e+00
1.4444377672193580e+00 -1.0487260724688297e+00 1.4323509276698232e+00
1.4503748020535998e+00 1.0444370745881142e+00 1.4340982176083785e+00
1.4528638395367355e+00 -1.0586817494820480e+00 1.4431355237018999e+00
1.4558364660457872e+00 -1.0193834411675511e+00 1.4258235812258599e+00
1.4565694612972913e+00 1.0560027738074977e+00 1.4441371898600379e+00
1.4615100151763976e+00 1.0150957822539213e+00 1.4274311797722101e+00
1.4655436649805951e+00 -1.0332289475632528e+00 1.4393830438489554e+00
1.4713883269858512e+00 1.0288149074477160e+00 1.4410371013970320e+00
1.4741748600493081e+00 -1.0430038609377232e+00 1.4501622334934132e+00
1.4763258694507368e+00 -1.0036547367977364e+00 1.4326796526758732e+00
1.4778253842687543e+00 1.0402502963303055e+00 1.4510911394884956e+00
1.4819090234933079e+00 9.9925000591165181e-01 1.4342079718836356e+00
1.4863202206648474e+00 -1.0172929922783356e+00 1.4462460811593725e+00
1.4920729493547831e+00 1.0127597780193469e+00 1.4478210432968199e+00
1.4951556120271059e+00 -1.0268866814357740e+00 1.4570233721829458e+00
1.4964799723761033e+00 -9.8749862503614594e-01 1.4393627334660093e+00
1.4987458106583438e+00 1.0240549026981463e+00 1.4578854354026283e+00
1.5019685920343706e+00 9.8297665168655246e-01 1.4408213689327285e+00
1.5067586899701912e+00 -1.0009256759259051e+00 1.4529377269709025e+00
1.5079750963949485e+00 -9.4435246449500743e-01 1.4277906210463955e+00
1.5079750963949485e+00 -8.3942441288445102e-01 1.3819130890760443e+00
1.5079750963949485e+00 -7.3449636127389473e-01 1.3396615717435163e+00
1.5079750963949485e+00 -6.2956830966333832e-01 1.3016644280879901e+00
1.5079750963949485e+00 -5.2464025805278192e-01 1.2684746514569070e+00
1.5079750963949485e+00 -4.1971220644222551e-01 1.2405455618289363e+00
1.5079750963949485e+00 -3.1478415483166911e-01 1.2182428528199862e+00
1.5079750963949485e+00 -2.0985610322111281e-01 1.2018809724114279e+00
1.5079750963949485e+00 -1.0492805161055641e-01 1.1917471670441042e+00
1.5079750963949485e+00 0.0000000000000000e+00 1.1880861540953360e+00
1.5079750963949485e+00 1.0492805161055641e-01 1.1910540634820812e+00
1.5079750963949485e+00 2.0985610322111281e-01 1.2006724900743970e+00
1.5079750963949485e+00 3.1478415483166922e-01 1.2168056679968124e+00
1.5079750963949485e+00 4.1971220644222562e-01 1.2391652450298740e+00
1.5079750963949485e+00 5.2464025805278203e-01 1.2673362473007519e+00
1.5079750963949485e+00 6.2956830966333843e-01 1.3008141013554857e+00
1.5079750963949485e+00 7.3449636127389484e-01 1.3390415241263709e+00
1.5079750963949485e+00 8.3942441288445102e-01 1.3814363203806530e+00
1.5079750963949485e+00 9.4435246449500743e-01 1.4274068008455485e+00
1.5124129365390711e+00 9.9627021195468479e-01 1.4544409707439865e+00
1.5157913843348116e+00 -1.0103301013581811e+00 1.4637086535941233e+00
1.5162924725586184e+00 -9.7092537441776472e-01 1.4458737994360569e+00
1.5193238883946112e+00 1.0074266728821941e+00 1.4645228107945718e+00
1.5216872075198706e+00 9.6629179179777036e-01 1.4472801975693441e+00
1.5268494031869198e+00 -9.8413331274834881e-01 1.4594545212124670e+00
1.5324071109116686e+00 9.7936301462205144e-01 1.4609062584959831e+00
1.5357560169405307e+00 -9.5394366005890485e-01 1.4522124206303333e+00
1.5360785076437848e+00 -9.9334811620063390e-01 1.4702223175644951e+00
1.5395477892743947e+00 9.9036943623804474e-01 1.4709990328628137e+00
1.5410507669714966e+00 9.4919614968409971e-01 1.4535766509865065e+00
1.5465882394495549e+00 -9.6692868270162446e-01 1.4658000620809368e+00
1.5520428352588647e+00 9.6204081013224796e-01 1.4672109984041841e+00
1.5548597485911868e+00 -9.3655815690334798e-01 1.4583740899860100e+00
1.5560065488627812e+00 -9.7594614622129772e-01 1.4765599647153564e+00
1.5594150355055556e+00 9.7289807107406812e-01 1.4773210497908509e+00
1.5600563438825898e+00 9.3170340748085967e-01 1.4597164047378843e+00
1.5659607552933095e+00 -9.4931259040722049e-01 1.4719654132797393e+00
1.5713144084464532e+00 9.4431436881148401e-01 1.4733574848511344e+00
1.5736014488911259e+00 -9.1878296697959161e-01 1.4643650187610420e+00
1.5755673435817279e+00 -9.5813236833501825e-01 1.4827203861361129e+00
1.5786949383231592e+00 9.1382014158297376e-01 1.4656970918876331e+00
1.5789104326015213e+00 9.5501272363948431e-01 1.4834795712837474e+00
1.5849663867088177e+00 -9.3130130110307052e-01 1.4779588324940129e+00
1.5902154602906442e+00 9.2619335399793279e-01 1.4793465272994193e+00
1.5919671917027167e+00 -9.0061958881698267e-01 1.4701778079595917e+00
1.5947566970297000e+00 -9.3991904830931083e-01 1.4887073636099220e+00
1.5969573141230593e+00 8.9555284827375103e-01 1.4715157859654877e+00
1.5980328839888385e+00 9.3672919842163449e-01 1.4894818782895349e+00
1.5984000549648232e+00 -8.3942441288445102e-01 1.4501880625255987e+00
1.5984000549648232e+00 -7.3449636127389473e-01 1.4106794467280899e+00
1.5984000549648232e+00 -6.2956830966333832e-01 1.3752740888378305e+00
1.5984000549648232e+00 -5.2464025805278192e-01 1.3444533150753593e+00
1.5984000549648232e+00 -4.1971220644222551e-01 1.3185888542327078e+00
1.5984000549648232e+00 -3.1478415483166911e-01 1.2979755992284683e+00
1.5984000549648232e+00 -2.0985610322111281e-01 1.2828786213193129e+00
1.5984000549648232e+00 -1.0492805161055641e-01 1.2735510374991017e+00
1.5984000549648232e+00 0.0000000000000000e+00 1.2702073635022422e+00
1.5984000549648232e+00 1.0492805161055641e-01 1.2729776118946923e+00
1.5984000549648232e+00 2.0985610322111281e-01 1.2818750606721907e+00
1.5984000549648232e+00 3.1478415483166922e-01 1.2967869087331692e+00
1.5984000549648232e+00 4.1971220644222562e-01 1.3174786861382963e+00
1.5984000549648232e+00 5.2464025805278203e-01 1.3436058405056555e+00
1.5984000549648232e+00 6.2956830966333843e-01 1.3747333488789084e+00
1.5984000549648232e+00 7.3449636127389484e-01 1.4103627136672161e+00
1.5984000549648232e+00 8.3942441288445102e-01 1.4499599138328492e+00
1.6035928162142921e+00 -9.1289812444509899e-01 1.4837748303527429e+00
1.6087338016958310e+00 9.0768141069843922e-01 1.4851717401942464e+00
1.6099551190770640e+00 -8.8208198879068023e-01 1.4758195899826858e+00
1.6135599981931681e+00 -9.2130743143620086e-01 1.4945129039381015e+00
1.6148410929821855e+00 8.7691473429537725e-01 1.4771770465807181e+00
1.6167718993906242e+00 9.1805287294340465e-01 1.4953234720363440e+00
1.6218345457626508e+00 -8.9411356221757032e-01 1.4894164206495195e+00
1.6268684079958136e+00 8.8879340276072505e-01 1.4908392371497983e+00
1.6275573507647330e+00 -8.6317774858139096e-01 1.4812907745622865e+00
1.6319772723250530e+00 -9.0231375743262532e-01 1.5001464464191447e+00
1.6323330787670289e+00 8.5790843461139021e-01 1.4826728353311673e+00
1.6351192832400230e+00 8.9899167644416866e-01 1.5010022690337426e+00
1.6396872139814691e+00 -8.7495882720467011e-01 1.4948881423908902e+00
1.6446073413829938e+00 8.6953330622313540e-01 1.4963423369698368e+00
1.6447633879672596e+00 -8.4391220637369402e-01 1.4865893710316256e+00
1.6494311935331931e+00 8.3854706203271290e-01 1.4880073807464631e+00
1.6499974683120380e+00 -8.8294293928269441e-01 1.5056051526361687e+00
1.6530722182407118e+00 8.7955849602371405e-01 1.5065218094148261e+00
1.6571364777331503e+00 -8.5543589406069687e-01 1.5001839761208906e+00
1.6615722327680373e+00 -8.2429916634024802e-01 1.4917240570283952e+00
1.6619455868545852e+00 8.4991173912825835e-01 1.5016819543791065e+00
1.6661296385855018e+00 8.1883992291140584e-01 1.4931804591473035e+00
1.6676133470603869e+00 -8.6320372363609166e-01 1.5108910452035791e+00
1.6706170459981311e+00 8.5975608336759379e-01 1.5118734106481591e+00
1.6741831476430891e+00 -8.3556048944579620e-01 1.5053148493185708e+00
1.6779733499981946e+00 -8.0434390611349460e-01 1.4966933597148131e+00
1.6788794060854666e+00 8.2994007341095355e-01 1.5068600660166001e+00
1.6824156805401762e+00 7.9879062658696509e-01 1.4981844915652691e+00
1.6848221355954185e+00 -8.4310859966515972e-01 1.5160112594457704e+00
1.6877523451064700e+00 8.3959827600711778e-01 1.5170616417467309e+00
1.6888250135346978e+00 -7.3449636127389473e-01 1.4806230908387379e+00
1.6888250135346978e+00 -6.2956830966333832e-01 1.4475982197432118e+00
1.6888250135346978e+00 -5.2464025805278192e-01 1.4189413712457366e+00
1.6888250135346978e+00 -4.1971220644222551e-01 1.3949493730455491e+00
1.6888250135346978e+00 -3.1478415483166911e-01 1.3758597837753268e+00
1.6888250135346978e+00 -2.0985610322111281e-01 1.3619026133954226e+00
1.6888250135346978e+00 -1.0492805161055641e-01 1.3533063142570860e+00
1.6888250135346978e+00 0.0000000000000000e+00 1.3502587272167264e+00
1.6888250135346978e+00 1.0492805161055641e-01 1.3528636052873531e+00
1.6888250135346978e+00 2.0985610322111281e-01 1.3611241050158460e+00
1.6888250135346978e+00 3.1478415483166922e-01 1.3749472746320923e+00
1.6888250135346978e+00 4.1971220644222562e-01 1.3941475997961990e+00
1.6888250135346978e+00 5.2464025805278203e-01 1.4184436702172387e+00
1.6888250135346978e+00 6.2956830966333843e-01 1.4474600479120838e+00
1.6888250135346978e+00 7.3449636127389484e-01 1.4807445335976248e+00
1.6908184105005490e+00 -8.1533947311980925e-01 1.5102813885041009e+00
1.6939608927490521e+00 -7.8405580262894436e-01 1.5015010019489039e+00
1.6953952079988639e+00 8.0962136070145885e-01 1.5118681440601027e+00
1.6982900493808561e+00 7.7841385298510235e-01 1.5030261540347631e+00
1.7016110083216065e+00 -8.2266134125206880e-01 1.5209625303473135e+00
1.7044720854973208e+00 8.1909444313324598e-01 1.5220858502431613e+00
1.7070325705690808e+00 -7.9477925980970598e-01 1.5150836251608824e+00
1.7095323680502130e+00 -7.6344662551273046e-01 1.5061540354160821e+00
1.7114929310181857e+00 7.8896987035314636e-01 1.5167119925572035e+00
1.7137450796518916e+00 7.5771719798706305e-01 1.5077032674497342e+00
1.7179779247254017e+00 -8.0187481070797828e-01 1.5257531578779620e+00
1.7207633147306993e+00 7.9824851373174865e-01 1.5269383217446340e+00
1.7228249615935820e+00 -7.7389334674002952e-01 1.5197308837312886e+00
1.7246769928544639e+00 -7.4252176574384743e-01 1.5106508896984845e+00
1.7271669807076844e+00 7.6799497349826840e-01 1.5213915454348510e+00
1.7287705121580306e+00 7.3670658672097089e-01 1.5122113143789031e+00
1.7339183692684679e+00 -7.8075943106402379e-01 1.5303886870069137e+00
1.7366269819599305e+00 7.7707541903394373e-01 1.5316258396614946e+00
1.7381865138381918e+00 -7.5268852602787539e-01 1.5242236765955786e+00
1.7393911090002190e+00 -7.2129198572458020e-01 1.5149969429128909e+00
1.7424040535727583e+00 7.4670051866114140e-01 1.5258992371534197e+00
1.7433666520008364e+00 7.1539552479557023e-01 1.5165565907077030e+00
1.7494189994907476e+00 -7.5931910396494795e-01 1.5348657186922989e+00
1.7520556612772722e+00 7.5558326084167360e-01 1.5361466533195633e+00
1.7531097498132833e+00 -7.3117298652026241e-01 1.5285639411246745e+00
1.7536719345772678e+00 -6.9976834340960148e-01 1.5191978530909638e+00
1.7572058952812399e+00 7.2510129694477543e-01 1.5302428592393698e+00
1.7575267452573053e+00 6.9379224762125968e-01 1.5207384499909964e+00
1.7644805306719884e+00 -7.3756809888587294e-01 1.5391946022536065e+00
1.7670384222620423e+00 7.3377789862124776e-01 1.5404959309948136e+00
1.7675097729914431e+00 -6.7795724751464048e-01 1.5232519864713339e+00
1.7675937157798087e+00 -7.0935932417087788e-01 1.5327595099031495e+00
1.7712404386561689e+00 6.7190288110000984e-01 1.5247531126206970e+00
1.7715669364585414e+00 7.0320648249118300e-01 1.5344229959835680e+00
1.7790979009350514e+00 -7.1551612150021671e-01 1.5433793032724348e+00
1.7792499721045727e+00 -6.2956830966333832e-01 1.5185443269418117e+00
1.7792499721045727e+00 -5.2464025805278192e-01 1.4918784564570586e+00
1.7792499721045727e+00 -4.1971220644222551e-01 1.4695944625431450e+00
1.7792499721045727e+00 -3.1478415483166911e-01 1.4518846390257700e+00
1.7792499721045727e+00 -2.0985610322111281e-01 1.4389554354615590e+00
1.7792499721045727e+00 -1.0492805161055641e-01 1.4310175613076570e+00
1.7792499721045727e+00 0.0000000000000000e+00 1.4282353104154453e+00
1.7792499721045727e+00 1.0492805161055641e-01 1.4306879566522888e+00
1.7792499721045727e+00 2.0985610322111281e-01 1.4383697417745596e+00
1.7792499721045727e+00 3.1478415483166922e-01 1.4512073812089303e+00
1.7792499721045727e+00 4.1971220644222562e-01 1.4690620086979322e+00
1.7792499721045727e+00 5.2464025805278203e-01 1.4917107595645802e+00
1.7792499721045727e+00 6.2956830966333843e-01 1.5188307374173666e+00
1.7809005365938069e+00 -6.5586886790862953e-01 1.5271625239990261e+00
1.7815760356290231e+00 7.1167328761315574e-01 1.5446806630193244e+00
1.7816304044909270e+00 -6.8725517511112100e-01 1.5368106855943622e+00
1.7845088758697358e+00 6.4974081175794218e-01 1.5286081210264024e+00
1.7854741699253118e+00 6.8102064589073952e-01 1.5384334414141470e+00
1.7932585791387192e+00 -6.9316813338254157e-01 1.5474160864228172e+00
1.7938424442666325e+00 -6.3351453804762037e-01 1.5309339971235243e+00
1.7952119708544096e+00 -6.6486850902913952e-01 1.5407173419343070e+00
1.7956622332205094e+00 6.8927827852234069e-01 1.5487011335756216e+00
1.7973271218883276e+00 6.2731531853821132e-01 1.5323052604769349e+00
1.7989298501737641e+00 6.5855810555812444e-01 1.5422829667897884e+00
1.8063282363062219e+00 -6.1090226314614338e-01 1.5345650034026712e+00
1.8069634337052634e+00 -6.7053777583554264e-01 1.5513132918632158e+00
1.8083384473958473e+00 -6.4221201436343378e-01 1.5444859608452719e+00
1.8092855402032584e+00 6.6659870878552996e-01 1.5525531023948878e+00
1.8096833828790158e+00 6.0463199622872854e-01 1.5358401666792310e+00
1.8119290632202678e+00 6.3582833322881915e-01 1.5459735827990877e+00
1.8183507278118900e+00 -5.8804029967749283e-01 1.5380535460542075e+00
1.8202081385372697e+00 -6.4763505130841470e-01 1.5550733535991865e+00
1.8210042253509005e+00 -6.1929475846114201e-01 1.5481168192871659e+00
1.8215796526336536e+00 5.8170411601791339e-01 1.5392214184979551e+00
1.8224478135227240e+00 6.4364853030619507e-01 1.5562452304222327e+00
1.8244611186544506e+00 6.1283768330105015e-01 1.5495022035465602e+00
1.8299104590214390e+00 -5.6494091609596264e-01 1.5414039384915590e+00
1.8329823205220479e+00 -6.2446658860900717e-01 1.5586923036578102e+00
1.8330119766479385e+00 5.5854139829605276e-01 1.5424519900585152e+00
1.8331984548527931e+00 -5.9612315325100163e-01 1.5516046711234206e+00
1.8351441540860356e+00 6.2043731833527838e-01 1.5597799168669495e+00
1.8365254385200371e+00 5.8959820096746940e-01 1.5528752792294811e+00
1.8410031759852281e+00 -5.4161363716964250e-01 1.5446154028820025e+00
1.8439722669397838e+00 5.3515160966323583e-01 1.5455310924029728e+00
1.8449234600989848e+00 -5.7271064695812901e-01 1.5549554958304515e+00
1.8452843440930458e+00 -6.0104402092702047e-01 1.5621733783346099e+00
1.8473632665487585e+00 5.9697136575914345e-01 1.5631539455828742e+00
1.8481193109884178e+00 5.6612047282960654e-01 1.5560972237310611e+00
1.8516182246254334e+00 -5.1806515060220337e-01 1.5476809852723885e+00
1.8544569064372012e+00 5.1154479137288034e-01 1.5484618581995280e+00
1.8561749171480058e+00 -5.4906689811370424e-01 1.5581684364878776e+00
1.8571119342464300e+00 -5.7737833481389222e-01 1.5655182948119697e+00
1.8591060519917737e+00 5.7326348996989052e-01 1.5663753291124451e+00
1.8592356818648947e+00 5.4241290397099606e-01 1.5591684817434257e+00
1.8617575223447511e+00 -4.9430796672692368e-01 1.5506044938714947e+00
1.8644655086247617e+00 4.8773225379951374e-01 1.5512499723529980e+00
1.8669436351679378e+00 -5.2519940333256510e-01 1.5612377851230528e+00
1.8684581920316883e+00 -5.5347812497173876e-01 1.5687238753360266e+00
1.8696749306744476e+00 -4.1971220644222551e-01 1.5425321975058273e+00
1.8696749306744476e+00 -3.1478415483166911e-01 1.5260765481622647e+00
1.8696749306744476e+00 -2.0985610322111281e-01 1.5140737007612377e+00
1.8696749306744476e+00 -1.0492805161055641e-01 1.5067214364816730e+00
1.8696749306744476e+00 0.0000000000000000e+00 1.5041636019090387e+00
1.8696749306744476e+00 1.0492805161055641e-01 1.5064585771240997e+00
1.8696749306744476e+00 2.0985610322111281e-01 1.5135952842671814e+00
1.8696749306744476e+00 3.1478415483166922e-01 1.5255220025073641e+00
1.8696749306744476e+00 4.1971220644222562e-01 1.5421460158939300e+00
1.8698685197535638e+00 5.1848457609013432e-01 1.5620903379248829e+00
1.8703692873362354e+00 5.4932405972982468e-01 1.5694481857330471e+00
1.8714181145960069e+00 -4.7035212514904051e-01 1.5533850515707686e+00
1.8739944199611449e+00 4.6372370494273690e-01 1.5538978307583935e+00
1.8772282644861709e+00 -5.0111936860345219e-01 1.5641643491500719e+00
1.8793163659719867e+00 -5.2935226119460566e-01 1.5717865349495053e+00
1.8800186184525942e+00 4.9434753376984641e-01 1.5648698160246541e+00
1.8805944846140641e+00 -4.4620663442299635e-01 1.5560194023844898e+00
1.8811455779707553e+00 5.2516150195306988e-01 1.5723727976342721e+00
1.8830334783679370e+00 4.3952647117427979e-01 1.5564018088290759e+00
1.8870274580857456e+00 -4.7683774401656670e-01 1.5669485459368984e+00
1.8892800815479420e+00 -4.2188029892666007e-01 1.5585034184072195e+00
1.8896822643855189e+00 4.7001162351086329e-01 1.5675095368252006e+00
1.8896875306859924e+00 -5.0501308900816122e-01 1.5747090640451420e+00
1.8914298626073980e+00 5.0078547649071370e-01 1.5751513180235401e+00
1.8915855497012319e+00 4.1515289233342528e-01 1.5587690809580756e+00
1.8963370915516118e+00 -4.5236421252953696e-01 1.5695881816339452e+00
1.8974769446555479e+00 -3.9738498195184874e-01 1.5608403896964855e+00
1.8988501024670101e+00 4.4548462557744190e-01 1.5700068446933515e+00
1.8995678832645362e+00 -4.8047054929123101e-01 1.5774895904799251e+00
1.8996480531367126e+00 3.9061301794563846e-01 1.5610015005636493e+00
1.9012226885709129e+00 4.7620790594697915e-01 1.5777903817115728e+00
1.9051475082792326e+00 -4.2770656588141365e-01 1.5720763393616632e+00
1.9051821049987288e+00 -3.7273056331198590e-01 1.5630294021886635e+00
1.9072170463035860e+00 3.6591643710129440e-01 1.5630991936071941e+00
1.9075230636569120e+00 4.2077832182130132e-01 1.5723674410626662e+00
1.9089479368072260e+00 -4.5573247066602535e-01 1.5801212310983890e+00
1.9105204741615762e+00 4.5143879280592580e-01 1.5802925019181187e+00
1.9123894067105904e+00 -3.4792601887099178e-01 1.5650670517689891e+00
1.9134622909519075e+00 -4.0287743209651855e-01 1.5744174936644428e+00
1.9142847544613444e+00 3.4107175703926224e-01 1.5650585258839800e+00
1.9156995297799218e+00 3.9590329417121883e-01 1.5745941791875415e+00
1.9178284961439513e+00 -4.3081074481847570e-01 1.5826059274274837e+00
1.9190959108669878e+00 -3.2298142423747062e-01 1.5669528675617577e+00
1.9193136679588436e+00 4.2648608181438075e-01 1.5826545921980602e+00
1.9208546795270789e+00 3.1609085730603076e-01 1.5668847759128399e+00
1.9212784207488920e+00 -3.7788683346735613e-01 1.5766105826888490e+00
1.9233762714527396e+00 3.7086949979787781e-01 1.5766879108055671e+00
1.9253028977974873e+00 -2.9790788214374675e-01 1.5686900552047871e+00
1.9262079438765800e+00 -4.0571609356448807e-01 1.5849435697033940e+00
1.9269244549288387e+00 2.9098373823237911e-01 1.5685777290333909e+00
1.9276039083708638e+00 4.0136181717515940e-01 1.5848824988350929e+00
1.9285909023449883e+00 -3.5274422782726966e-01 1.5786531028028241e+00
1.9305437889272057e+00 3.4568518100873080e-01 1.5786436532612913e+00
1.9310081339000615e+00 -2.7271541602916405e-01 1.5702789913956263e+00
1.9324905209001411e+00 2.6576014252552221e-01 1.5701357229813160e+00
1.9340827601797175e+00 -3.8045850998473879e-01 1.5871325997784007e+00
1.9353894769624922e+00 3.7607661147532850e-01 1.5869784939364016e+00
1.9353941823647247e+00 -3.2745909331732631e-01 1.5805423457900079e+00
1.9362059875773252e+00 -2.4741337865963489e-01 1.5717173332827863e+00
1.9372064579732964e+00 3.2036265199319702e-01 1.5804674233815863e+00
1.9375466577252272e+00 2.4042940769488619e-01 1.5715545348208488e+00
1.9408947914585692e+00 -2.2201209545488754e-01 1.5730060323131552e+00
1.9414436548809153e+00 -3.5504639767838969e-01 1.5891669026663842e+00
1.9416908610422183e+00 -3.0204308727643342e-01 1.5822825838877486e+00
1.9420966424122001e+00 2.1500290616895035e-01 1.5728378415174933e+00
1.9426671330271392e+00 3.5064053392170325e-01 1.5889428967085126e+00
1.9433618726726194e+00 2.9491205881143395e-01 1.5821589577276129e+00
1.9450762427162356e+00 -1.9652239694152271e-01 1.5741487082833669e+00
1.9461388442052769e+00 1.8949074775394872e-01 1.5739846042778087e+00
1.9474786668583135e+00 -2.7650637925783639e-01 1.5838741606381324e+00
1.9482948483732441e+00 -3.2949218454116758e-01 1.5910518867356247e+00
1.9487488436972458e+00 -1.7095440851236895e-01 1.5751461986630386e+00
1.9490069275170123e+00 2.6934339388276246e-01 1.5837169166028979e+00
1.9494277289195083e+00 3.2506217138380977e-01 1.5907705196930508e+00
1.9496710048249517e+00 1.6390295993718063e-01 1.5749931107215809e+00
1.9519083653706457e+00 -1.4531794401830253e-01 1.5759969195911716e+00
1.9526865948048908e+00 1.3824916626867453e-01 1.5758580936693529e+00
1.9527528768852660e+00 -2.5085865349558251e-01 1.5853155085678188e+00
1.9541342260376657e+00 2.4366589495454574e-01 1.5851360421992313e+00
1.9545526259328563e+00 -1.1962323253838164e-01 1.5767007187343143e+00
1.9546338612031591e+00 -3.0380612101986809e-01 1.5927875515698255e+00
1.9551906106048906e+00 1.1254042527578061e-01 1.5765836004541718e+00
1.9556757313329862e+00 2.9935382315304099e-01 1.5924668452165358e+00
1.9566846454857076e+00 -9.3880975157375285e-02 1.5772613807025060e+00
1.9571821576195425e+00 8.6786915456060654e-02 1.5771688690883314e+00
1.9575097435229611e+00 -2.2510996693693130e-01 1.5866059048657513e+00
1.9583036625931995e+00 -6.8101358589225017e-02 1.5776793307982104e+00
1.9586605246253814e+00 6.0998826418722805e-02 1.5776132939514982e+00
1.9587481663670214e+00 2.1789123224040258e-01 1.5864203866487527e+00
1.9594073888574104e+00 -4.2294522356617702e-02 1.5779534958103163e+00
1.9596186841543279e+00 3.5186172468738286e-02 1.5779111784166091e+00
1.9599920123548171e+00 -1.6470717541243782e-02 1.5780813402161644e+00
1.9600624524932095e+00 9.3595834154972801e-03 1.5780671770284089e+00
1.9604570180297030e+00 -2.7799819343844795e-01 1.5943730956314137e+00
1.9614088828442953e+00 2.7352577835575581e-01 1.5940312070422831e+00
1.9617520383913991e+00 -1.9927153580866405e-01 1.5877498787836597e+00
1.9628470906003392e+00 1.9202966403036292e-01 1.5875687622481212e+00
1.9654782381450389e+00 -1.7335363425051967e-01 1.5887482885634214e+00
1.9657577167013980e+00 -2.5207791849185313e-01 1.5958054566432867e+00
1.9664289234495789e+00 1.6609139331186842e-01 1.5885794749236828e+00
1.9666240960440660e+00 2.4758816249985041e-01 1.5954618061940489e+00
1.9686847557459386e+00 -1.4736630084352589e-01 1.5896001198640877e+00
1.9694865346571040e+00 1.4008611814546934e-01 1.5894466625908263e+00
1.9705399230199427e+00 -2.2605701926748778e-01 1.5970902360580708e+00
1.9713142882098442e+00 2.2155049161129670e-01 1.5967532519891123e+00
1.9713678955892868e+00 -1.2131973509890198e-01 1.5903040336813028e+00
1.9720252746057652e+00 1.1402510164331546e-01 1.5901745114042067e+00
1.9735314900322247e+00 -9.5224898132447916e-02 1.5908644842672413e+00
1.9740442339245237e+00 8.7918672523252181e-02 1.5907621393479534e+00
1.9748019149002871e+00 -1.9994586299429712e-01 1.5982282960548098e+00
1.9751747643465252e+00 -6.9092127018252070e-02 1.5912819064511683e+00
1.9754839856699460e+00 1.9542444388989305e-01 1.5979093077710096e+00
1.9755426896948909e+00 6.1777170884823283e-02 1.5912088407567158e+00
1.9762957960576977e+00 -4.2931724290261639e-02 1.5915555435113309e+00
1.9765133551858480e+00 3.5610754642344651e-02 1.5915086652427717e+00
1.9768898470344038e+00 -1.6754057529052839e-02 1.5916821441938631e+00
1.9769623753836241e+00 9.4302217776410548e-03 1.5916664523687531e+00
1.9785407812833984e+00 -1.7375465700738801e-01 1.5992193983730232e+00
1.9791316886058055e+00 1.6922041265650997e-01 1.5989286382637826e+00
1.9817507469410902e+00 -1.4749338753599156e-01 1.6000608004766868e+00
1.9822552910650879e+00 1.4294872451924689e-01 1.5998093248283431e+00
1.9844364640916174e+00 -1.2117336311893451e-01 1.6007579102724672e+00
1.9848480933631252e+00 1.1661935430335023e-01 1.6005457384505877e+00
1.9865969686984692e+00 -9.4805025127648046e-02 1.6013113025522907e+00
1.9869155347683982e+00 9.0243560212913937e-02 1.6011420136139114e+00
1.9882307140440889e+00 -6.8398787099264391e-02 1.6017207968294815e+00
1.9884568736314214e+00 6.3831797375367746e-02 1.6015973474317740e+00
1.9893315183482514e+00 -4.1964971151266711e-02 1.6019822351289621e+00
1.9894714803540365e+00 3.7394527815595067e-02 1.6019110684110363e+00
1.9899053531265261e+00 -1.5514497363836414e-02 1.6021009558862012e+00
1.9899520127198331e+00 1.0942160673331673e-02 1.6020771587411453e+00
2.0000000000000000e+00 0.0000000000000000e+00 1.6100919291239197e+00
1.9999317473670912e+00 1.3333093362771584e-02 1.6100534004057157e+00
1.9997306097736407e+00 2.6664832075493850e-02 1.6099792608893309e+00
1.9993966052884338e+00 3.9993895632119199e-02 1.6098695496635864e+00
1.9989297638997388e+00 5.3318963692338905e-02 1.6097243137607669e+00
1.9983301275149277e+00 6.6638716166960266e-02 1.6095436097324334e+00
1.9975977499598720e+00 7.9951833303310987e-02 1.6093275049993596e+00
1.9967326969781105e+00 9.3256995770678433e-02 1.6090760789313003e+00
1.9957350462297818e+00 1.0655288474579105e-01 1.6087894236183824e+00
1.9946018965851127e+00 1.1983791350659936e-01 1.6084652524596765e+00
1.9933357079690603e+00 1.3311091334097067e-01 1.6081055658206411e+00
1.9919372273253402e+00 1.4637061816750757e-01 1.6077110005374431e+00
1.9904065803696747e+00 1.5961571191513141e-01 1.6072816996431041e+00
1.9887439047301676e+00 1.7284487943917110e-01 1.6068178172865577e+00
1.9869493499451971e+00 1.8605680660736093e-01 1.6063195172767237e+00
1.9850230774610611e+00 1.9925018038594136e-01 1.6057869712711759e+00
1.9829652606293759e+00 2.1242368892587030e-01 1.6052203566360603e+00
1.9807733325674992e+00 2.2557555022910064e-01 1.6046176311762084e+00
1.9784493444294367e+00 2.3870471043727348e-01 1.6039804648699243e+00
1.9759944055379708e+00 2.5181000696423250e-01 1.6033097616087839e+00
1.9734087372949611e+00 2.6489013332948175e-01 1.6026056942779787e+00
1.9706925729986555e+00 2.7794378466205188e-01 1.6018684272335380e+00
1.9678461578398709e+00 2.9096965778769729e-01 1.6010981131121382e+00
1.9648697488978961e+00 3.0396645131626232e-01 1.6002948896598279e+00
1.9617636151361100e+00 3.1693286572921953e-01 1.5994588766397067e+00
1.9585247997315953e+00 3.2986677759510374e-01 1.5985875117608455e+00
1.9551563793376951e+00 3.4276753181199299e-01 1.5976831431518810e+00
1.9516591158975889e+00 3.5563394663912595e-01 1.5967461935099383e+00
1.9480333264065985e+00 3.6846473060013335e-01 1.5957766825829722e+00
1.9442793397288272e+00 3.8125859452445915e-01 1.5947745998223137e+00
1.9403974965912827e+00 3.9401425163632048e-01 1.5937399028933217e+00
1.9363881495776762e+00 4.0673041764389389e-01 1.5926725165962403e+00
1.9322506700049540e+00 4.1940548123264387e-01 1.5915714974971933e+00
1.9279836754036517e+00 4.3203752992244154e-01 1.5904352106290003e+00
1.9235903111093458e+00 4.4462617313174768e-01 1.5892657883214873e+00
1.9190709777078034e+00 4.5717013701146941e-01 1.5880630212519298e+00
1.9144260876188608e+00 4.6966815064170908e-01 1.5868266685543664e+00
1.9096560650883914e+00 4.8211894612271461e-01 1.5855564594244744e+00
1.9047613461798991e+00 4.9452125866610064e-01 1.5842520951354189e+00
1.8997423787657159e+00 5.0687382668634251e-01 1.5829132514354085e+00
1.8945959428193775e+00 5.1917383374191473e-01 1.5815363828773319e+00
1.8893260745213831e+00 5.3142145098079741e-01 1.5801241911357051e+00
1.8839333808170666e+00 5.4361547723728898e-01 1.5786763987906545e+00
1.8784183574960216e+00 5.5575466421787101e-01 1.5771926091761426e+00
1.8727815121224636e+00 5.6783776729220248e-01 1.5756724164497604e+00
1.8670233640241454e+00 5.7986354558670361e-01 1.5741154093895642e+00
1.8611444012564990e+00 5.9183074066481045e-01 1.5725211366703595e+00
1.8551413958757645e+00 6.0373619662392697e-01 1.5708857882553227e+00
1.8490187278019081e+00 6.1558054268195506e-01 1.5692123705689127e+00
1.8427769641942073e+00 6.2736255346832348e-01 1.5675004887016013e+00
1.8364166839305152e+00 6.3908100784293365e-01 1.5657497611611002e+00
1.8299384775934731e+00 6.5073468899202980e-01 1.5639598232288980e+00
1.8233429474562042e+00 6.6232238452440118e-01 1.5621303300800937e+00
1.8166291277707587e+00 6.7384195568426086e-01 1.5602594831574439e+00
1.8097969047628359e+00 6.8529169355791908e-01 1.5583462631188372e+00
1.8028492511260163e+00 6.9667174527214748e-01 1.5563925690824361e+00
1.7957868167880848e+00 7.0798091662424900e-01 1.5543981607471689e+00
1.7886102633064775e+00 7.1921801832440935e-01 1.5523628286362303e+00
1.7813202638507462e+00 7.3038186609434663e-01 1.5502863951837453e+00
1.7739169411830278e+00 7.4147090140618244e-01 1.5481681683964463e+00
1.7663981756177811e+00 7.5248198727832971e-01 1.5460052652270198e+00
1.7587680742814449e+00 7.6341620202374938e-01 1.5438008916386692e+00
1.7510273577909359e+00 7.7427238194767378e-01 1.5415550005035248e+00
1.7431767582980848e+00 7.8504936887261823e-01 1.5392675762291574e+00
1.7352170194683729e+00 7.9574601023955316e-01 1.5369386335832227e+00
1.7271480494838480e+00 8.0636050859784902e-01 1.5345673536773292e+00
1.7189683470009647e+00 8.1688990817489071e-01 1.5321514603834800e+00
1.7106818321131940e+00 8.2733543928123787e-01 1.5296942237136957e+00
1.7022892956464872e+00 8.3769597242978400e-01 1.5271957617626624e+00
1.6937915398439274e+00 8.4797038427345373e-01 1.5246562128042389e+00
1.6851893783402119e+00 8.5815755770891100e-01 1.5220757326170820e+00
1.6764812523297685e+00 8.6825430684708060e-01 1.5194519387164460e+00
1.6676688087408782e+00 8.7826012709424683e-01 1.5167858238054102e+00
1.6587545024489168e+00 8.8817529178061461e-01 1.5140792840968595e+00
1.6497391938658115e+00 8.9799870945871130e-01 1.5113325161583704e+00
1.6406237546761646e+00 9.0772929546224213e-01 1.5085457194239678e+00
1.6314079577155147e+00 9.1736489963531853e-01 1.5057178470130039e+00
1.6220909592521877e+00 9.2690267917281288e-01 1.5028470910106293e+00
1.6126765529854907e+00 9.3634430666543556e-01 1.4999368531664357e+00
1.6031656569899302e+00 9.4568872533755766e-01 1.4969873156662477e+00
1.5935592004725736e+00 9.5493488574561347e-01 1.4939986500632816e+00
1.5838572015940280e+00 9.6408075769986079e-01 1.4909699243317263e+00
1.5740585230742856e+00 9.7312296920303132e-01 1.4878987520932143e+00
1.5641671857409039e+00 9.8206370757757333e-01 1.4847888389630124e+00
1.5541841647137231e+00 9.9090195357531630e-01 1.4816402933381103e+00
1.5441104460814745e+00 9.9963669584401382e-01 1.4784532041263643e+00
1.5339453031856209e+00 1.0082648804774050e+00 1.4752254792060042e+00
1.5236893146575983e+00 1.0167848726313975e+00 1.4719565463715796e+00
1.5133457078790529e+00 1.0251982607662109e+00 1.4686491653832534e+00
1.5029155142732171e+00 1.0335040660974768e+00 1.4653033390068826e+00
1.4923997760425758e+00 1.0417013183128490e+00 1.4619190480888729e+00
1.4817961586497768e+00 1.0497845733908218e+00 1.4584917222832592e+00
1.4711087165617998e+00 1.0577566474849587e+00 1.4550251750336198e+00
1.4603389851814557e+00 1.0656171921520563e+00 1.4515199298404857e+00
1.4494880513548900e+00 1.0733652720845044e+00 1.4479758846411594e+00
1.4385549794574710e+00 1.0809970194828806e+00 1.4443900378971799e+00
1.4275412210336107e+00 1.0885118443310324e+00 1.4407626242726450e+00
1.4164496558830153e+00 1.0959113338788700e+00 1.4370959506232286e+00
1.4052814148738419e+00 1.1031945898373794e+00 1.4333898510323491e+00
1.3940361861571975e+00 1.1103584177860235e+00 1.4296419526782111e+00
1.3827143943919904e+00 1.1174006140552564e+00 1.4258508506196128e+00
1.3713194614218946e+00 1.1243238184249404e+00 1.4220197095952716e+00
1.3598525614282764e+00 1.1311271716784477e+00 1.4181483287719649e+00
1.3483133298489751e+00 1.1378071190105106e+00 1.4142339931738737e+00
1.3367025457453650e+00 1.1443618992945122e+00 1.4102756829673093e+00
1.3250234664622709e+00 1.1507941890887994e+00 1.4062764617125658e+00
1.3132773086920304e+00 1.1571031703392787e+00 1.4022361266286507e+00
1.3014630918501733e+00 1.1632837701281833e+00 1.3981506124808054e+00
1.2895831067630792e+00 1.1693369760957064e+00 1.3940213894367248e+00
1.2776398501649953e+00 1.1752643599226260e+00 1.3898504205179030e+00
1.2656345555771014e+00 1.1810650948166881e+00 1.3856374853194620e+00
1.2535652647286530e+00 1.1867314723811184e+00 1.3813762554473770e+00
1.2414366109249770e+00 1.1922696129464545e+00 1.3770727315243239e+00
1.2292498836246097e+00 1.1976787757663303e+00 1.3727267762926647e+00
1.2170047520723912e+00 1.2029543997141710e+00 1.3683349157368365e+00
1.2047027255181699e+00 1.2080959445431458e+00 1.3638972314900601e+00
1.1923466648165988e+00 1.2131062349744690e+00 1.3594167289395038e+00
1.1799374074125579e+00 1.2179833061298964e+00 1.3548922340012060e+00
1.1674743523135009e+00 1.2227212099014737e+00 1.3503191655526643e+00
1.1549614004735598e+00 1.2273256910530301e+00 1.3457030256364360e+00
1.1423999108314664e+00 1.2317960929226073e+00 1.3410437806835418e+00
1.1297886686420142e+00 1.2361241500322100e+00 1.3363349350081672e+00
1.1171315822510968e+00 1.2403162105503722e+00 1.3315824455558114e+00
1.1044302207418024e+00 1.2443721745836227e+00 1.3267867559828805e+00
1.0916838639235948e+00 1.2482844387295233e+00 1.3219419949514308e+00
1.0788957094246814e+00 1.2520578071921742e+00 1.3170527452697887e+00
1.0660676360728136e+00 1.2556931803665146e+00 1.3121202754532209e+00
1.0531991306690116e+00 1.2591827306407097e+00 1.3071385631822596e+00
1.0402932792403847e+00 1.2625314901804092e+00 1.3021123074731631e+00
1.0273519566027065e+00 1.2657404784305903e+00 1.2970428295337184e+00
1.0143746532490474e+00 1.2688007103494610e+00 1.2919231571468615e+00
1.0013647750048651e+00 1.2717193134766829e+00 1.2867596282637170e+00
9.8832372964598947e-01 1.2744953737539058e+00 1.2815519007006935e+00
9.7525159432669895e-01 1.2771211423706856e+00 1.2762939981204640e+00
9.6215165181188766e-01 1.2796044259660151e+00 1.2709926898352677e+00
9.4902471264725996e-01 1.2819408107155772e+00 1.2656446882243877e+00
9.3587207885304080e-01 1.2841279219479200e+00 1.2602483446238506e+00
9.2269631980739419e-01 1.2861711223902164e+00 1.2548082877639812e+00
9.0949786439003233e-01 1.2880621609048271e+00 1.2493180161127615e+00
8.9627917553238112e-01 1.2898061265375773e+00 1.2437818374052023e+00
8.8304185392044321e-01 1.2914025421406934e+00 1.2381994941166519e+00
8.6978690451694118e-01 1.2928453104870929e+00 1.2325661247290327e+00
8.5651687566775048e-01 1.2941420678577351e+00 1.2268879525114884e+00
8.4323266787692119e-01 1.2952844359419031e+00 1.2211581941396210e+00
8.2993646074285798e-01 1.2962774170363938e+00 1.2153808348984958e+00
8.1662984620964185e-01 1.2971195101779680e+00 1.2095545684281059e+00
8.0331435073033763e-01 1.2978070854175823e+00 1.2036763173494787e+00
7.8999203726563505e-01 1.2983467956355488e+00 1.1977512658902978e+00
7.7666423153208419e-01 1.2987274750355562e+00 1.1917701860035781e+00
7.6333302094535249e-01 1.2989598824048711e+00 1.1857414854887618e+00
7.5000000148840273e-01 1.2990352567132326e+00 1.1796578119301337e+00
7.3666698635997363e-01 1.2989589205591989e+00 1.1735231217112470e+00
7.2333576813201228e-01 1.2987273798414214e+00 1.1673342536554545e+00
7.1000812953958903e-01 1.2983411752362843e+00 1.1610912630016654e+00
6.9668584454737048e-01 1.2978010822201695e+00 1.1547943916746561e+00
6.8337084391324410e-01 1.2971040372377072e+00 1.1484407632304650e+00
6.7006474532839122e-01 1.2962538999474555e+00 1.1420330902279465e+00
6.5676972186728422e-01 1.2952451996005856e+00 1.1355665488913533e+00
6.4348718212816558e-01 1.2940836773400963e+00 1.1290453793742983e+00
6.3021955013109388e-01 1.2927626675077122e+00 1.1224638079979949e+00
6.1696805879483818e-01 1.2912885768713946e+00 1.1158266484608270e+00
6.0373530474724979e-01 1.2896547682081738e+00 1.1091281853559340e+00
5.9052246608833492e-01 1.2878670891097239e+00 1.1023728406601916e+00
5.7733214562103696e-01 1.2859201609325359e+00 1.0955559734223643e+00
5.6416567597323541e-01 1.2838180426419445e+00 1.0886806374973919e+00
5.5102541064482602e-01 1.2815578467863877e+00 1.0817442875992365e+00
5.3791313548364494e-01 1.2791406139652595e+00 1.0747476223257477e+00
5.2483060939342308e-01 1.2765671786057495e+00 1.0676912152585900e+00
5.1178046015653289e-01 1.2738343373308556e+00 1.0605724125850620e+00
4.9876341638708716e-01 1.2709478707575992e+00 1.0533959290798749e+00
4.8578342703061067e-01 1.2678991145224241e+00 1.0461547523498680e+00
4.7284034295488631e-01 1.2646973292756847e+00 1.0388565622972390e+00
4.5993796720844210e-01 1.2613352245524447e+00 1.0314955590409136e+00
4.4707724176655328e-01 1.2578172143734154e+00 1.0240755795141534e+00
4.3426015798012396e-01 1.2541433332589034e+00 1.0165969210480934e+00
4.2149007917004488e-01 1.2503092865628509e+00 1.0090563668945798e+00
4.0876709242386200e-01 1.2463217568699392e+00 1.0014597777803100e+00
3.9609515871195283e-01 1.2421748168012603e+00 9.9380265861985806e-01
3.8347541718671790e-01 1.2378717123260377e+00 9.8608811983455569e-01
3.7090904637647221e-01 1.2334151060419605e+00 9.7831882927886671e-01
3.5840092677435037e-01 1.2287975317164577e+00 9.7048906269369806e-01
3.4595062849453173e-01 1.2240263072426161e+00 9.6260539672842205e-01
3.3356024026873993e-01 1.2191015417829558e+00 9.5466843559556691e-01
3.2123465594556705e-01 1.2140167638657713e+00 9.4667326601963164e-01
3.0897326758603227e-01 1.2087791299738360e+00 9.3862637925079628e-01
2.9677824706556771e-01 1.2033887327366593e+00 9.3052835370675457e-01
2.8465439326486786e-01 1.1978401147895776e+00 9.2237504988707730e-01
2.7260171341008438e-01 1.1921385937623521e+00 9.1417139903773426e-01
2.6062210019477489e-01 1.1862850966490353e+00 9.0591860941359170e-01
2.4871895145334671e-01 1.1802776013567806e+00 8.9761533577571306e-01
2.3689507885743505e-01 1.1741155651727297e+00 8.8926143342590969e-01
2.2515109021616600e-01 1.1678026383060216e+00 8.8086031257448649e-01
2.1348927776768767e-01 1.1613391477581110e+00 8.7241249559278988e-01
2.0191311258353231e-01 1.1547234597451008e+00 8.6391674023798315e-01
1.9042521867848866e-01 1.1479556739239327e+00 8.5537322870375121e-01
1.7902646663954402e-01 1.1410388317762388e+00 8.4678465810404435e-01
1.6771920826205455e-01 1.1339734084916551e+00 8.3815143526938907e-01
1.5650581182189416e-01 1.1267599185194417e+00 8.2947393490094590e-01
1.4539005845252703e-01 1.1193968397210941e+00 8.2075064209283222e-01
1.3437372051691851e-01 1.1118858577347974e+00 8.1198281558628926e-01
1.2345836668355523e-01 1.1042288832217344e+00 8.0317187037952986e-01
1.1264641283182489e-01 1.0964265914770213e+00 7.9431805665752508e-01
1.0194028801101881e-01 1.0884797005115943e+00 7.8542159822746926e-01
9.1342433699524272e-02 1.0803889717816180e+00 7.7648269542603154e-01
8.0855303041881835e-02 1.0721552109056500e+00 7.6750152853326270e-01
7.0482170843870665e-02 1.0637782788457955e+00 7.5847733287615893e-01
6.0225110347518880e-02 1.0552596311654430e+00 7.4941076772811166e-01
5.0086046608320701e-02 1.0466008918883201e+00 7.4030261725050450e-01
4.0067460526600145e-02 1.0378030440459434e+00 7.3115302298664520e-01
3.0171840687309322e-02 1.0288671178846995e+00 7.2196212956616135e-01
2.0401682477270922e-02 1.0197941915012665e+00 7.1273009023104716e-01
1.0759487181825157e-02 1.0105853914621521e+00 7.0345707255950729e-01
1.2477610611556717e-03 1.0012418934068175e+00 6.9414326434803875e-01
-8.1309855934155739e-03 9.9176492263385274e-01 6.8478887961532320e-01
-1.7374239422867907e-02 9.8215575466968008e-01 6.7539416469508817e-01
-2.6479484983339178e-02 9.7241571581926922e-01 6.6595940438903878e-01
-3.5444205748077426e-02 9.6254618369834810e-01 6.5648492815506787e-01
-4.4265885128151293e-02 9.5254858774660212e-01 6.4697111631019111e-01
-5.2942007511568530e-02 9.4242440972135721e-01 6.3741840623179336e-01
-6.1470059320439759e-02 9.3217518417125855e-01 6.2782729854476038e-01
-6.9846379957030830e-02 9.2180158337877727e-01 6.1819735929960251e-01
-7.8068703413902873e-02 9.1130551337996069e-01 6.0852948763638737e-01
-8.6135147976459561e-02 9.0068919396365499e-01 5.9882496955522202e-01
-9.4043211514468816e-02 8.8995438581783248e-01 5.8908462270991335e-01
-1.0179039975265053e-01 8.7910290473244834e-01 5.7930935871816447e-01
-1.0937422743502785e-01 8.6813662193680985e-01 5.6950018918581424e-01
-1.1679042148178519e-01 8.5705627928443240e-01 5.5965681177162074e-01
-1.2403625327307589e-01 8.4586379886911645e-01 5.4978031198693778e-01
-1.3111099724922565e-01 8.3456240882227295e-01 5.3987342891300161e-01
-1.3801221040637324e-01 8.2315421726620031e-01 5.2993763776979019e-01
-1.4473462684877741e-01 8.1163975854346648e-01 5.1997244615694349e-01
-1.5127629462108513e-01 8.0002166894198623e-01 5.0998001846705021e-01
-1.5763683611636245e-01 7.8830344006332131e-01 4.9996375624723371e-01
-1.6381085223117034e-01 7.7648587096637633e-01 4.8992357189192759e-01
-1.6979571422286352e-01 7.6457139587228073e-01 4.7986155372052480e-01
-1.7559199822124980e-01 7.5256404350964912e-01 4.6978212943403552e-01
-1.8119090049012954e-01 7.4046339701620167e-01 4.5968347902157863e-01
-1.8659563549883146e-01 7.2827479485511171e-01 4.4957209223383771e-01
-1.9179932923520487e-01 7.1599902093672496e-01 4.3944788175851979e-01
-1.9680186323252061e-01 7.0363990508752272e-01 4.2931537385660012e-01
-2.0159814912488982e-01 6.9119930503733562e-01 4.1917609287746949e-01
-2.0618801043712834e-01 6.7868106950484575e-01 4.0903482304168193e-01
-2.1056480643958334e-01 6.6608676525627120e-01 3.9889257515226145e-01
-2.1473065081701584e-01 6.5342111796184588e-01 3.8875584166372756e-01
-2.1867713030806935e-01 6.4068541026677139e-01 3.7862504041660056e-01
-2.2240520171304626e-01 6.2788408512184768e-01 3.6850632172392461e-01
-2.2591254676851402e-01 6.1502052118591832e-01 3.5840404177872615e-01
-2.2919212346633200e-01 6.0209700759831786e-01 3.4832017931703796e-01
-2.3224389464908535e-01 5.8911783312571842e-01 3.3826081048731349e-01
-2.3506540260893058e-01 5.7608667058207930e-01 3.2823081606147619e-01
-2.3765334701729365e-01 5.6300711225165967e-01 3.1823482212774301e-01
-2.4000442479563450e-01 5.4988289398483581e-01 3.0827765950607150e-01
-2.4211378365330624e-01 5.3671766605422799e-01 2.9836360762978437e-01
-2.4398052427552214e-01 5.2351586698822916e-01 2.8849908439867966e-01
-2.4560153004132898e-01 5.1028165688043470e-01 2.7868955967406550e-01
-2.4697374046169823e-01 4.9701934631751671e-01 2.6894070032905981e-01
-2.4809415670130286e-01 4.8373339618714256e-01 2.5925836109043304e-01
-2.4895984712513181e-01 4.7042841730954338e-01 2.4964857449213240e-01
-2.4956684834611789e-01 4.5710912996849462e-01 2.4011707553678838e-01
-2.4991188502686493e-01 4.4378049698644700e-01 2.3067005007578881e-01
-2.4999321721482831e-01 4.3044766389437883e-01 2.2131442718315636e-01
-2.4980823878935784e-01 4.1711587034257191e-01 2.1205685440279201e-01
-2.4935310541758079e-01 4.0379056020206333e-01 2.0290359364407054e-01
-2.4862264163000095e-01 3.9047751242656115e-01 1.9386053563525987e-01
-2.4761801571810874e-01 3.7718234793720984e-01 1.8493600180658193e-01
-2.4633135295052963e-01 3.6391151665386584e-01 1.7613507992337235e-01
-2.4476447764948847e-01 3.5067084709169061e-01 1.6746636116767263e-01
-2.4290874732275383e-01 3.3746757129665428e-01 1.5893489137251160e-01
-2.4076560623656901e-01 3.2430791389562802e-01 1.5054915252674725e-01
-2.3833097145035448e-01 3.1119904539171284e-01 1.4231579144397702e-01
-2.3559927489567489e-01 2.9814884726421431e-01 1.3424109053200367e-01
-2.3256905648864451e-01 2.8516473915469626e-01 1.2633261344235927e-01
-2.2923730245472834e-01 2.7225473122257016e-01 1.1859744483625090e-01
-2.2560075752086423e-01 2.5942725204590161e-01 1.1104261099569623e-01
-2.2165639825610098e-01 2.4669105413499931e-01 1.0367520651405110e-01
-2.1739861374086078e-01 2.3405619979514952e-01 9.6501697441778417e-02
-2.1282688568076777e-01 2.2153155144558692e-01 8.9529822887005006e-02
-2.0793810464886212e-01 2.0912723388756749e-01 8.2766639870469116e-02
-2.0272646510538322e-01 1.9685507968243138e-01 7.6218623070858554e-02
-1.9719079352587909e-01 1.8472567457943564e-01 6.9893274808670025e-02
-1.9132756101251128e-01 1.7275119202158315e-01 6.3797550099991718e-02
-1.8513280886240477e-01 1.6094482226171161e-01 5.7938323657192481e-02
-1.7860316609048604e-01 1.4932034909862066e-01 5.2322578349315058e-02
-1.7173588785503527e-01 1.3789212435918999e-01 4.6957376119503347e-02
-1.6452773583674996e-01 1.2667580822544636e-01 4.1849653160472788e-02
-1.5697447965939146e-01 1.1568895708738017e-01 3.7006163055730845e-02
-1.4907309363980711e-01 1.0494979872334943e-01 3.2433807461090369e-02
-1.4082085594882204e-01 9.4477886306218173e-02 2.8139451944859645e-02
-1.3221307001748303e-01 8.4296285086512768e-02 2.4129647531535320e-02
-1.2324798607382909e-01 7.4427912720884087e-02 2.0411206286780476e-02
-1.1392062145295334e-01 6.4901313477648881e-02 1.6990478110481766e-02
-1.0422822335686520e-01 5.5746492991233951e-02 1.3873929835624743e-02
-9.4167556697986946e-02 4.6998159245340350e-02 1.1067820821660634e-02
-8.3735093534981250e-02 3.8696914193959264e-02 8.5782117737450148e-03
-7.2926945928241046e-02 3.0891382052804658e-02 6.4109482916320792e-03
-6.1740097214956331e-02 2.3639457444197747e-02 4.5717015643842451e-03
-5.0171053380373407e-02 1.7014917434211570e-02 3.0658513298201517e-03
-3.8215877560487603e-02 1.1116853949190639e-02 1.8984786558028932e-03
-2.5871256197518257e-02 6.0871825814100659e-03 1.0743716620976174e-03
-1.3133923764653914e-02 2.1646502576696280e-03 5.9796780873044852e-04
-2.2204350917972752e-15 -6.9757255213957794e-18 4.7335556318495176e-04
-1.3133923764660374e-02 -2.1646502576712213e-03 5.9786543764314692e-04
-2.5871256197523101e-02 -6.0871825814118128e-03 1.0746150523410769e-03
-3.8215877560491072e-02 -1.1116853949192223e-02 1.9000121945644266e-03
-5.0171053380376453e-02 -1.7014917434213218e-02 3.0700426704985684e-03
-6.1740097214958232e-02 -2.3639457444198902e-02 4.5803193608022208e-03
-7.2926945928241602e-02 -3.0891382052805033e-02 6.4261386433663026e-03
-8.3735093534982291e-02 -3.8696914193960069e-02 8.6024659820120031e-03
-9.4167556697987903e-02 -4.6998159245341134e-02 1.1103932405366251e-02
-1.0422822335686575e-01 -5.5746492991234443e-02 1.3924940787987394e-02
-1.1392062145295467e-01 -6.4901313477650172e-02 1.7059616723827553e-02
-1.2324798607382922e-01 -7.4427912720884240e-02 2.0501817851232479e-02
-1.3221307001748331e-01 -8.4296285086513101e-02 2.4245119865112380e-02
-1.4082085594882168e-01 -9.4477886306217729e-02 2.8283139229916376e-02
-1.4907309363980684e-01 -1.0494979872334906e-01 3.2608951688260529e-02
-1.5697447965939124e-01 -1.1568895708737981e-01 3.7215819733235261e-02
-1.6452773583675026e-01 -1.2667580822544686e-01 4.2096617400412012e-02
-1.7173588785503566e-01 -1.3789212435919063e-01 4.7244114657352815e-02
-1.7860316609048618e-01 -1.4932034909862094e-01 5.2651170062137376e-02
-1.8513280886240471e-01 -1.6094482226171147e-01 5.8310404011719996e-02
-1.9132756101251056e-01 -1.7275119202158173e-01 6.4214263416539269e-02
-1.9719079352587809e-01 -1.8472567457943351e-01 7.0355237754268302e-02
-2.0272646510538270e-01 -1.9685507968243021e-01 7.6725898057792896e-02
-2.0793810464886200e-01 -2.0912723388756721e-01 8.3318714705863051e-02
-2.1282688568076802e-01 -2.2153155144558753e-01 9.0125590857657617e-02
-2.1739861374086131e-01 -2.3405619979515110e-01 9.7139473352776728e-02
-2.2165639825610103e-01 -2.4669105413499950e-01 1.0435272397648720e-01
-2.2560075752086470e-01 -2.5942725204590322e-01 1.1175702444542637e-01
-2.2923730245472856e-01 -2.7225473122257099e-01 1.1934537576138063e-01
-2.3256905648864462e-01 -2.8516473915469670e-01 1.2711016856558602e-01
-2.3559927489567489e-01 -2.9814884726421431e-01 1.3504389917987647e-01
-2.3833097145035467e-01 -3.1119904539171367e-01 1.4313904635391667e-01
-2.4076560623656909e-01 -3.2430791389562852e-01 1.5138764822643797e-01
-2.4290874732275378e-01 -3.3746757129665395e-01 1.5978309957972392e-01
-2.4476447764948833e-01 -3.5067084709168961e-01 1.6831847865360905e-01
-2.4633135295052949e-01 -3.6391151665386462e-01 1.7698505529920089e-01
-2.4761801571810871e-01 -3.7718234793720934e-01 1.8577765591079798e-01
-2.4862264163000086e-01 -3.9047751242655993e-01 1.9468756441222992e-01
-2.4935310541758071e-01 -4.0379056020206161e-01 2.0370968861019981e-01
-2.4980823878935782e-01 -4.1711587034256997e-01 2.1283571671155357e-01
-2.4999321721482831e-01 -4.3044766389437639e-01 2.2205986848597267e-01
-2.4991188502686498e-01 -4.4378049698644362e-01 2.3137604873500475e-01
-2.4956684834611803e-01 -4.5710912996849062e-01 2.4077783290546673e-01
-2.4895984712513217e-01 -4.7042841730953749e-01 2.5025857241725197e-01
-2.4809415670130336e-01 -4.8373339618713668e-01 2.5981242795626203e-01
-2.4697374046169876e-01 -4.9701934631751116e-01 2.6943406833865502e-01
-2.4560153004132948e-01 -5.1028165688043015e-01 2.7911791136231950e-01
-2.4398052427552283e-01 -5.2351586698822405e-01 2.8885859984558676e-01
-2.4211378365330702e-01 -5.3671766605422278e-01 2.9865100676529999e-01
-2.4000442479563519e-01 -5.4988289398483170e-01 3.0849023907195960e-01
-2.3765334701729457e-01 -5.6300711225165478e-01 3.1837048380690980e-01
-2.3506540260893147e-01 -5.7608667058207497e-01 3.2828809964015299e-01
-2.3224389464908618e-01 -5.8911783312571453e-01 3.3823890901589193e-01
-2.2919212346633291e-01 -6.0209700759831430e-01 3.4821895150624194e-01
-2.2591254676851519e-01 -6.1502052118591366e-01 3.5822401845579477e-01
-2.2240520171304751e-01 -6.2788408512184324e-01 3.6824870976194352e-01
-2.1867713030807090e-01 -6.4068541026676629e-01 3.7829171061083178e-01
-2.1473065081701748e-01 -6.5342111796184077e-01 3.8834931768784531e-01
-2.1056480643958542e-01 -6.6608676525626509e-01 3.9841602424222305e-01
-2.0618801043713059e-01 -6.7868106950483931e-01 4.0849200902086780e-01
-2.0159814912489266e-01 -6.9119930503732818e-01 4.1857137188682508e-01
-1.9680186323252308e-01 -7.0363990508751639e-01 4.2865363190831007e-01
-1.9179932923520779e-01 -7.1599902093671774e-01 4.3873451438939576e-01
-1.8659563549883446e-01 -7.2827479485510493e-01 4.4881293897573993e-01
-1.8119090049013267e-01 -7.4046339701619479e-01 4.5888479400419047e-01
-1.7559199822125315e-01 -7.5256404350964212e-01 4.6895049415076151e-01
-1.6979571422286657e-01 -7.6457139587227441e-01 4.7900387045652815e-01
-1.6381085223117325e-01 -7.7648587096637067e-01 4.8904693918497177e-01
-1.5763683611636548e-01 -7.8830344006331565e-01 4.9907545669324332e-01
-1.5127629462108866e-01 -8.0002166894197990e-01 5.0908743698994396e-01
-1.4473462684878072e-01 -8.1163975854346071e-01 5.1908298727104629e-01
-1.3801221040637665e-01 -8.2315421726619453e-01 5.2905869021417185e-01
-1.3111099724922906e-01 -8.3456240882226729e-01 5.3901229066930223e-01
-1.2403625327307956e-01 -8.4586379886911056e-01 5.4894410480813460e-01
-1.1679042148178861e-01 -8.5705627928442718e-01 5.5885243556639996e-01
-1.0937422743503172e-01 -8.6813662193680430e-01 5.6873427100813467e-01
-1.0179039975265393e-01 -8.7910290473244346e-01 5.7858818126146783e-01
-9.4043211514472536e-02 -8.8995438581782738e-01 5.8841405985819106e-01
-8.6135147976463544e-02 -9.0068919396364955e-01 5.9821044502222143e-01
-7.8068703413906287e-02 -9.1130551337995613e-01 6.0797592665957767e-01
-6.9846379957034882e-02 -9.2180158337877205e-01 6.1770914471517968e-01
-6.1470059320443464e-02 -9.3217518417125389e-01 6.2740823422641445e-01
-5.2942007511571999e-02 -9.4242440972135311e-01 6.3707168059455277e-01
-4.4265885128154540e-02 -9.5254858774659834e-01 6.4669926868452698e-01
-3.5444205748080472e-02 -9.6254618369834477e-01 6.5628983120418338e-01
-2.6479484983341607e-02 -9.7241571581926667e-01 6.6584224726660213e-01
-1.7374239422870846e-02 -9.8215575466967697e-01 6.7535544232205780e-01
-8.1309855934182437e-03 -9.9176492263384997e-01 6.8482838820595826e-01
1.2477610611523252e-03 -1.0012418934068141e+00 6.9426010326539278e-01
1.0759487181821853e-02 -1.0105853914621488e+00 7.0364965252975753e-01
2.0401682477267504e-02 -1.0197941915012632e+00 7.1299614789396260e-01
3.0171840687306186e-02 -1.0288671178846966e+00 7.2229874828607488e-01
4.0067460526596307e-02 -1.0378030440459400e+00 7.3155665979460882e-01
5.0086046608316545e-02 -1.0466008918883163e+00 7.4076913573407455e-01
6.0225110347514897e-02 -1.0552596311654396e+00 7.4993547663070181e-01
7.0482170843865960e-02 -1.0637782788457917e+00 7.5905503011341913e-01
8.0855303041877657e-02 -1.0721552109056467e+00 7.6812654803528257e-01
9.1342433699520109e-02 -1.0803889717816149e+00 7.7714896053032767e-01
1.0194028801101458e-01 -1.0884797005115912e+00 7.8612268518550343e-01
1.1264641283182053e-01 -1.0964265914770182e+00 7.9504725351182293e-01
1.2345836668355063e-01 -1.1042288832217311e+00 8.0392224190680195e-01
1.3437372051691313e-01 -1.1118858577347936e+00 8.1274727081349374e-01
1.4539005845252242e-01 -1.1193968397210909e+00 8.2152200374970552e-01
1.5650581182188930e-01 -1.1267599185194384e+00 8.3024500465218876e-01
1.6771920826205064e-01 -1.1339734084916528e+00 8.3891506602614063e-01
1.7902646663954003e-01 -1.1410388317762363e+00 8.4753383906261037e-01
1.9042521867848472e-01 -1.1479556739239305e+00 8.5610114669584836e-01
2.0191311258352840e-01 -1.1547234597450986e+00 8.6461684832377239e-01
2.1348927776768331e-01 -1.1613391477581085e+00 8.7307856982878462e-01
2.2515109021616189e-01 -1.1678026383060194e+00 8.8148652749938872e-01
2.3689507885743019e-01 -1.1741155651727273e+00 8.8984242648700074e-01
2.4871895145334227e-01 -1.1802776013567784e+00 8.9814625413448046e-01
2.6062210019477067e-01 -1.1862850966490333e+00 9.0639515124874492e-01
2.7260171341008022e-01 -1.1921385937623501e+00 9.1458987024683769e-01
2.8465439326486353e-01 -1.1978401147895756e+00 9.2273240218828945e-01
2.9677824706556372e-01 -1.2033887327366575e+00 9.3082220749031996e-01
3.0897326758602783e-01 -1.2087791299738340e+00 9.3885504440613210e-01
3.2123465594556366e-01 -1.2140167638657700e+00 9.4683576823397608e-01
3.3356024026873626e-01 -1.2191015417829545e+00 9.5476451426456865e-01
3.4595062849452879e-01 -1.2240263072426150e+00 9.6263550862777214e-01
3.5840092677434660e-01 -1.2287975317164563e+00 9.7045436919121608e-01
3.7090904637646915e-01 -1.2334151060419594e+00 9.7822117717644286e-01
3.8347541718671507e-01 -1.2378717123260368e+00 9.8593003093950193e-01
3.9609515871194984e-01 -1.2421748168012592e+00 9.9358727149041559e-01
4.0876709242385978e-01 -1.2463217568699385e+00 1.0011908237217573e+00
4.2149007917004283e-01 -1.2503092865628502e+00 1.0087381286993922e+00
4.3426015798012330e-01 -1.2541433332589031e+00 1.0162341497130265e+00
4.4707724176655200e-01 -1.2578172143734152e+00 1.0236734771475418e+00
4.5993796720844154e-01 -1.2613352245524445e+00 1.0310596754752388e+00
4.7284034295488525e-01 -1.2646973292756845e+00 1.0383927412884173e+00
4.8578342703060995e-01 -1.2678991145224241e+00 1.0456690815634446e+00
4.9876341638708632e-01 -1.2709478707575990e+00 1.0528946109572421e+00
5.1178046015653300e-01 -1.2738343373308556e+00 1.0600617702576118e+00
5.2483060939342352e-01 -1.2765671786057495e+00 1.0671775272291057e+00
5.3791313548364661e-01 -1.2791406139652599e+00 1.0742371222029297e+00
5.5102541064482835e-01 -1.2815578467863882e+00 1.0812430442018994e+00
5.6416567597323797e-01 -1.2838180426419448e+00 1.0881945063284726e+00
5.7733214562103918e-01 -1.2859201609325364e+00 1.0950905313597066e+00
5.9052246608833692e-01 -1.2878670891097241e+00 1.1019333027360498e+00
6.0373530474725245e-01 -1.2896547682081740e+00 1.1087193851172161e+00
6.1696805879484062e-01 -1.2912885768713949e+00 1.1154529371866069e+00
6.3021955013109676e-01 -1.2927626675077124e+00 1.1221290683573328e+00
6.4348718212816769e-01 -1.2940836773400961e+00 1.1287529250921602e+00
6.5676972186728755e-01 -1.2952451996005858e+00 1.1353191581930226e+00
6.7006474532839422e-01 -1.2962538999474555e+00 1.1418329223237096e+00
6.8337084391324698e-01 -1.2971040372377072e+00 1.1482893990284915e+00
6.9668584454737303e-01 -1.2978010822201695e+00 1.1546927797215347e+00
7.1000812953959180e-01 -1.2983411752362843e+00 1.1610397576720763e+00
7.2333576813201450e-01 -1.2987273798414214e+00 1.1673325979785636e+00
7.3666698635997674e-01 -1.2989589205591989e+00 1.1735704771482462e+00
7.5000000148840529e-01 -1.2990352567132326e+00 1.1797527795738152e+00
7.6333302094535571e-01 -1.2989598824048709e+00 1.1858821259717796e+00
7.7666423153208697e-01 -1.2987274750355560e+00 1.1919540746533133e+00
7.8999203726563771e-01 -1.2983467956355488e+00 1.1979755058528618e+00
8.0331435073034096e-01 -1.2978070854175821e+00 1.2039376181618828e+00
8.1662984620964418e-01 -1.2971195101779678e+00 1.2098492631464883e+00
8.2993646074286054e-01 -1.2962774170363935e+00 1.2157049560767956e+00
8.4323266787692297e-01 -1.2952844359419029e+00 1.2215075179121722e+00
8.5651687566775248e-01 -1.2941420678577349e+00 1.2272580592294839e+00
8.6978690451694296e-01 -1.2928453104870929e+00 1.2329524575952557e+00
8.8304185392044543e-01 -1.2914025421406929e+00 1.2385974166015796e+00
8.9627917553238212e-01 -1.2898061265375771e+00 1.2441866903825325e+00
9.0949786439003333e-01 -1.2880621609048268e+00 1.2497251771538451e+00
9.2269631980739519e-01 -1.2861711223902166e+00 1.2552132256489781e+00
9.3587207885304180e-01 -1.2841279219479198e+00 1.2606466676235746e+00
9.4902471264726040e-01 -1.2819408107155770e+00 1.2660322030972158e+00
9.6215165181188800e-01 -1.2796044259660151e+00 1.2713654383574402e+00
9.7525159432669850e-01 -1.2771211423706856e+00 1.2766483054096263e+00
9.8832372964598858e-01 -1.2744953737539060e+00 1.2818844155690798e+00
1.0013647750048642e+00 -1.2717193134766829e+00 1.2870673461602593e+00
1.0143746532490461e+00 -1.2688007103494612e+00 1.2922034626842800e+00
1.0273519566027054e+00 -1.2657404784305906e+00 1.2972935140725084e+00
1.0402932792403836e+00 -1.2625314901804094e+00 1.3023315821227270e+00
1.0531991306690109e+00 -1.2591827306407100e+00 1.3073250842417923e+00
1.0660676360728114e+00 -1.2556931803665150e+00 1.3122731448824774e+00
1.0788957094246794e+00 -1.2520578071921746e+00 1.3171715128525743e+00
1.0916838639235926e+00 -1.2482844387295238e+00 1.3220266618463472e+00
1.1044302207418004e+00 -1.2443721745836234e+00 1.3268377632168971e+00
1.1171315822510948e+00 -1.2403162105503729e+00 1.3316006630050108e+00
1.1297886686420122e+00 -1.2361241500322109e+00 1.3363216454118034e+00
1.1423999108314642e+00 -1.2317960929226082e+00 1.3410006572730280e+00
1.1549614004735582e+00 -1.2273256910530306e+00 1.3456321104597913e+00
1.1674743523134989e+00 -1.2227212099014746e+00 1.3502228352603236e+00
1.1799374074125557e+00 -1.2179833061298975e+00 1.3547731690016018e+00
1.1923466648165977e+00 -1.2131062349744695e+00 1.3592778836722856e+00
1.2047027255181679e+00 -1.2080959445431467e+00 1.3637417873404551e+00
1.2170047520723895e+00 -1.2029543997141716e+00 1.3681662422813092e+00
1.2292498836246075e+00 -1.1976787757663312e+00 1.3725483941421368e+00
1.2414366109249757e+00 -1.1922696129464552e+00 1.3768882650746970e+00
1.2535652647286510e+00 -1.1867314723811193e+00 1.3811893818500582e+00
1.2656345555770998e+00 -1.1810650948166892e+00 1.3854518930818380e+00
1.2776398501649937e+00 -1.1752643599226269e+00 1.3896697741729134e+00
1.2895831067630776e+00 -1.1693369760957073e+00 1.3938492629958827e+00
1.3014630918501715e+00 -1.1632837701281842e+00 1.3979904542565054e+00
1.3132773086920293e+00 -1.1571031703392791e+00 1.4020912193381403e+00
1.3250234664622700e+00 -1.1507941890887998e+00 1.4061498793525289e+00
1.3367025457453645e+00 -1.1443618992945119e+00 1.4101702405943559e+00
1.3483133298489749e+00 -1.1378071190105110e+00 1.4141522161789166e+00
1.3598525614282764e+00 -1.1311271716784477e+00 1.4180924236390076e+00
1.3713194614218960e+00 -1.1243238184249398e+00 1.4219915251657822e+00
1.3827143943919917e+00 -1.1174006140552555e+00 1.4258518477804789e+00
1.3940361861571990e+00 -1.1103584177860224e+00 1.4296731850536784e+00
1.4052814148738433e+00 -1.1031945898373789e+00 1.4334519504225089e+00
1.4164496558830164e+00 -1.0959113338788691e+00 1.4371891053408243e+00
1.4275412210336118e+00 -1.0885118443310318e+00 1.4408865686296595e+00
1.4385549794574721e+00 -1.0809970194828797e+00 1.4445440509400176e+00
1.4494880513548911e+00 -1.0733652720845033e+00 1.4481587936015226e+00
1.4603389851814570e+00 -1.0656171921520554e+00 1.4517301135844307e+00
1.4711087165618002e+00 -1.0577566474849582e+00 1.4552605726618228e+00
1.4817961586497774e+00 -1.0497845733908213e+00 1.4587498536196462e+00
1.4923997760425762e+00 -1.0417013183128490e+00 1.4621970367824355e+00
1.5029155142732178e+00 -1.0335040660974764e+00 1.4655979431264305e+00
1.5133457078790535e+00 -1.0251982607662107e+00 1.4689568032563156e+00
1.5236893146575987e+00 -1.0167848726313973e+00 1.4722733384483158e+00
1.5339453031856218e+00 -1.0082648804774039e+00 1.4755472903439559e+00
1.5441104460814752e+00 -9.9963669584401349e-01 1.4787756926398348e+00
1.5541841647137240e+00 -9.9090195357531552e-01 1.4819589584315072e+00
1.5641671857409047e+00 -9.8206370757757255e-01 1.4850990722240933e+00
1.5740585230742870e+00 -9.7312296920303032e-01 1.4881958952015586e+00
1.5838572015940284e+00 -9.6408075769986001e-01 1.4912493267331959e+00
1.5935592004725743e+00 -9.5493488574561280e-01 1.4942557338077751e+00
1.6031656569899309e+00 -9.4568872533755688e-01 1.4972176265105479e+00
1.6126765529854921e+00 -9.3634430666543444e-01 1.5001361210217055e+00
1.6220909592521886e+00 -9.2690267917281177e-01 1.5030112898370618e+00
1.6314079577155161e+00 -9.1736489963531676e-01 1.5058432513692557e+00
1.6406237546761659e+00 -9.0772929546224057e-01 1.5086289678657185e+00
1.6497391938658132e+00 -8.9799870945870930e-01 1.5113706490926928e+00
1.6587545024489188e+00 -8.8817529178061216e-01 1.5140697908385508e+00
1.6676688087408800e+00 -8.7826012709424450e-01 1.5167266877181014e+00
1.6764812523297710e+00 -8.6825430684707838e-01 1.5193416736362735e+00
1.6851893783402134e+00 -8.5815755770890911e-01 1.5219134210381111e+00
1.6937915398439298e+00 -8.4797038427345106e-01 1.5244415275824799e+00
1.7022892956464892e+00 -8.3769597242978155e-01 1.5269289661211984e+00
1.7106818321131965e+00 -8.2733543928123499e-01 1.5293761912039174e+00
1.7189683470009665e+00 -8.1688990817488816e-01 1.5317836762590700e+00
1.7271480494838507e+00 -8.0636050859784614e-01 1.5341519083254449e+00
1.7352170194683749e+00 -7.9574601023954994e-01 1.5364782288144192e+00
1.7431767582980873e+00 -7.8504936887261467e-01 1.5387654684112664e+00
1.7510273577909383e+00 -7.7427238194767067e-01 1.5410149779164044e+00
1.7587680742814473e+00 -7.6341620202374616e-01 1.5432272419647828e+00
1.7663981756177831e+00 -7.5248198727832627e-01 1.5454027305197928e+00
1.7739169411830302e+00 -7.4147090140617877e-01 1.5475418934650005e+00
1.7813202638507484e+00 -7.3038186609434352e-01 1.5496418956934954e+00
1.7886102633064791e+00 -7.1921801832440702e-01 1.5517058816396418e+00
1.7957868167880864e+00 -7.0798091662424645e-01 1.5537347539254842e+00
1.8028492511260179e+00 -6.9667174527214470e-01 1.5557288343597206e+00
1.8097969047628377e+00 -6.8529169355791586e-01 1.5576884036263645e+00
1.8166291277707605e+00 -6.7384195568425864e-01 1.5596136988018900e+00
1.8233429474562057e+00 -6.6232238452439851e-01 1.5615027594791657e+00
1.8299384775934744e+00 -6.5073468899202758e-01 1.5633564465706016e+00
1.8364166839305163e+00 -6.3908100784293143e-01 1.5651763227109667e+00
1.8427769641942084e+00 -6.2736255346832182e-01 1.5669624393094317e+00
1.8490187278019095e+00 -6.1558054268195261e-01 1.5687148026777682e+00
1.8551413958757659e+00 -6.0373619662392441e-01 1.5704333759366769e+00
1.8611444012565004e+00 -5.9183074066480734e-01 1.5721180815920699e+00
1.8670233640241467e+00 -5.7986354558670150e-01 1.5737654130051151e+00
1.8727815121224651e+00 -5.6783776729219937e-01 1.5753785984826567e+00
1.8784183574960225e+00 -5.5575466421786868e-01 1.5769574975383693e+00
1.8839333808170677e+00 -5.4361547723728709e-01 1.5785019064658159e+00
1.8893260745213838e+00 -5.3142145098079518e-01 1.5800116015456092e+00
1.8945959428193779e+00 -5.1917383374191373e-01 1.5814863440919886e+00
1.8997423787657159e+00 -5.0687382668634151e-01 1.5829257795131824e+00
1.9047613461798991e+00 -4.9452125866610047e-01 1.5843265930366979e+00
1.9096560650883914e+00 -4.8211894612271455e-01 1.5856917182968813e+00
1.9144260876188606e+00 -4.6966815064170986e-01 1.5870209066097765e+00
1.9190709777078037e+00 -4.5717013701146952e-01 1.5883139187129960e+00
1.9235903111093455e+00 -4.4462617313174818e-01 1.5895705288001569e+00
1.9279836754036517e+00 -4.3203752992244204e-01 1.5907905280915615e+00
1.9322506700049538e+00 -4.1940548123264443e-01 1.5919737278844612e+00
1.9363881495776765e+00 -4.0673041764389395e-01 1.5931176518805674e+00
1.9403974965912825e+00 -3.9401425163632142e-01 1.5942236490810477e+00
1.9442793397288272e+00 -3.8125859452445959e-01 1.5952924379187174e+00
1.9480333264065983e+00 -3.6846473060013413e-01 1.5963239284168271e+00
1.9516591158975884e+00 -3.5563394663912740e-01 1.5973180571276184e+00
1.9551563793376949e+00 -3.4276753181199388e-01 1.5982747866555453e+00
1.9585247997315947e+00 -3.2986677759510530e-01 1.5991941046564011e+00
1.9617636151361098e+00 -3.1693286572922014e-01 1.6000756469589872e+00
1.9648697488978959e+00 -3.0396645131626260e-01 1.6009171669343898e+00
1.9678461578398709e+00 -2.9096965778769746e-01 1.6017213834686863e+00
1.9706925729986557e+00 -2.7794378466205183e-01 1.6024883654488593e+00
1.9734087372949611e+00 -2.6489013332948125e-01 1.6032181960048448e+00
1.9759944055379703e+00 -2.5181000696423272e-01 1.6039109696832263e+00
1.9784493444294367e+00 -2.3870471043727312e-01 1.6045667895785434e+00
1.9807733325674992e+00 -2.2557555022910061e-01 1.6051857644971781e+00
1.9829652606293759e+00 -2.1242368892586952e-01 1.6057672786932800e+00
1.9850230774610613e+00 -1.9925018038594089e-01 1.6063099513556205e+00
1.9869493499451971e+00 -1.8605680660736010e-01 1.6068161211165113e+00
1.9887439047301678e+00 -1.7284487943917057e-01 1.6072858938334216e+00
1.9904065803696747e+00 -1.5961571191513077e-01 1.6077193696474970e+00
1.9919372273253404e+00 -1.4637061816750660e-01 1.6081166415992030e+00
1.9933357079690603e+00 -1.3311091334097039e-01 1.6084777946188165e+00
1.9946018965851129e+00 -1.1983791350659909e-01 1.6088029049038495e+00
1.9957350462297816e+00 -1.0655288474579201e-01 1.6090915328903548e+00
1.9967326969781105e+00 -9.3256995770679210e-02 1.6093418522206571e+00
1.9975977499598723e+00 -7.9951833303312292e-02 1.6095563085505926e+00
1.9983301275149274e+00 -6.6638716166961334e-02 1.6097349440668549e+00
1.9989297638997385e+00 -5.3318963692340772e-02 1.6098777946469522e+00
1.9993966052884338e+00 -3.9993895632119907e-02 1.6099848912732098e+00
1.9997306097736407e+00 -2.6664832075494353e-02 1.6100562616618963e+00
1.9999317473670912e+00 -1.3333093362771779e-02 1.6100919320556619e+00
