# x y u
-2.3998503275963806e-01 -4.3720435626665605e-01 2.2199604312560478e-01
-2.3994067730598398e-01 4.4177671158244985e-01 2.2510538180144363e-01
-2.3975860254138356e-01 4.1532199699704092e-01 2.0677985728887269e-01
-2.3961955561228529e-01 -4.1075153750651666e-01 2.0373057337749229e-01
-2.3929052105036419e-01 -4.6365065708728070e-01 2.4063043960233915e-01
-2.3906339263785897e-01 4.6821758677775588e-01 2.4379012517145324e-01
-2.3849497799681446e-01 3.8889694817678877e-01 1.8886222490750906e-01
-2.3816488461513957e-01 -3.8433630506641386e-01 1.8588050735556003e-01
-2.3755714838170328e-01 -4.9004930459692236e-01 2.5958659125901418e-01
-2.3715474135834724e-01 4.9460413678888682e-01 2.6279040321227715e-01
-2.3612241180684340e-01 3.6254839996058136e-01 1.7140140596420814e-01
-2.3559856443885197e-01 -3.5800593239173506e-01 1.6849725585012476e-01
-2.3481241128964242e-01 -5.1636207911208210e-01 2.7882238166565793e-01
-2.3423783256634464e-01 5.2089840898692807e-01 2.8206282752977363e-01
-2.3261550474946119e-01 3.3632684076171265e-01 1.5444950003662125e-01
-2.3189331742705960e-01 -3.3181166376293408e-01 1.5163274240203198e-01
-2.3108033496900593e-01 -5.4255312064808092e-01 2.9829678476267213e-01
-2.3033688825371085e-01 5.4706485138644423e-01 3.0156698714051072e-01
-2.2794989496760629e-01 3.1028659269011161e-01 1.3806103630185193e-01
-2.2702337285054566e-01 -3.0580887178030203e-01 1.3534154994042547e-01
-2.2699227788064438e-01 -4.3025354847225761e-01 2.1207150481053097e-01
-2.2698278317701523e-01 4.3757771000457818e-01 2.1700180757617821e-01
-2.2663360530320434e-01 4.1139702896979657e-01 1.9885438229812816e-01
-2.2657655792104658e-01 -4.5643331719191527e-01 2.3051838772845343e-01
-2.2638590246921630e-01 -5.6858897784208429e-01 3.1797178333981452e-01
-2.2634175141957799e-01 -4.0407868198901120e-01 1.9401456125580646e-01
-2.2627077057071218e-01 4.6375110351392179e-01 2.3552395375491419e-01
-2.2547706585567384e-01 5.7307032395613278e-01 3.2126552185683316e-01
-2.2519718028982313e-01 3.8525355271604733e-01 1.8113026241261623e-01
-2.2511561915287920e-01 -4.8257567788939659e-01 2.4930566412460228e-01
-2.2459700305526420e-01 -3.7795402491980745e-01 1.7639684808572309e-01
-2.2452424282507416e-01 4.8987593241033228e-01 2.5437512926566958e-01
-2.2264883300376179e-01 3.5919505033091714e-01 1.6388085701137795e-01
-2.2263917007234624e-01 -5.0864149410503123e-01 2.6838976574992962e-01
-2.2209725436449884e-01 2.8448730743377748e-01 1.2229140171114375e-01
-2.2176851589660276e-01 5.1591373109342342e-01 2.7351158719034002e-01
-2.2173153914917301e-01 -3.5192855527203259e-01 1.5927057724832921e-01
-2.2096243527108678e-01 -2.8005779256123992e-01 1.1968013101704425e-01
-2.2074967325825498e-01 -5.9443736833109151e-01 3.3780947168091463e-01
-2.1968393412069900e-01 5.9888401388851475e-01 3.4112363107459154e-01
-2.1917137658464439e-01 -5.3459408911778328e-01 2.8772755754200025e-01
-2.1895836997423263e-01 3.3327376226432198e-01 1.4715812766540523e-01
-2.1802769511894943e-01 5.4182841490058431e-01 2.9289160340457754e-01
-2.1771974139380607e-01 -3.2605509954788225e-01 1.4269041108859756e-01
-2.1503060323744513e-01 2.5899398333444451e-01 1.0719822847696794e-01
-2.1473705265756715e-01 -5.6039918215301565e-01 3.0727883859163241e-01
-2.1419997384942163e-01 -6.2006956744262531e-01 3.5777840130737787e-01
-2.1410299634906660e-01 3.0754537175712621e-01 1.3101859810552516e-01
-2.1368520797112991e-01 -2.5462381861828964e-01 1.0470684807859373e-01
-2.1332686363955361e-01 5.6758631262384918e-01 3.1247648264104438e-01
-2.1297590599241376e-01 6.2447525657535041e-01 3.6110512766254643e-01
-2.1253246209403159e-01 -3.0039157722856213e-01 1.2671194754827161e-01
-2.1009201589309462e-01 4.3021999008192380e-01 2.0549567487839088e-01
-2.1002114013404669e-01 -4.2310888498138804e-01 2.0085176517749270e-01
-2.0989705861561525e-01 -4.4893762334848281e-01 2.1905463259427610e-01
-2.0967933245015508e-01 4.5604574979228252e-01 2.2376391850768759e-01
-2.0943846023524099e-01 4.0439932725566502e-01 1.8762662397899996e-01
-2.0936185805046645e-01 -5.8602490739025093e-01 3.2700651671946079e-01
-2.0906911706196546e-01 -3.9729746724356074e-01 1.8306288564842316e-01
-2.0872658064810412e-01 -4.7474019229667674e-01 2.3762255385252634e-01
-2.0822308459051231e-01 4.8183380448214880e-01 2.4238198537347933e-01
-2.0805207133395029e-01 2.8207179024052298e-01 1.1551853152419203e-01
-2.0769190632709605e-01 5.9315616918720337e-01 3.3223043697366145e-01
-2.0769035399038469e-01 3.7862972207881124e-01 1.7020656570589274e-01
-2.0701372653637831e-01 -3.7155053590663312e-01 1.6574038845980138e-01
-2.0675680836544127e-01 -6.4545676521758844e-01 3.7784514873928332e-01
-2.0672460534984413e-01 2.3387733072052136e-01 9.2841239170312548e-02
-2.0653338809179014e-01 -5.0047609000182813e-01 2.5650701571629497e-01
-2.0614250160739458e-01 -2.7500094973486844e-01 1.1139328851412271e-01
-2.0575442557465179e-01 5.0754475808548594e-01 2.6130642920166258e-01
-2.0538251409842276e-01 6.4981792887941647e-01 3.8118216505625518e-01
-2.0516117841553960e-01 -2.2958034977367922e-01 9.0480288123596875e-02
-2.0482101482827858e-01 3.5296085356632667e-01 1.5328836704978266e-01
-2.0382860268913605e-01 -3.4591898612884631e-01 1.4893920386719595e-01
-2.0334547497846384e-01 -5.2610784466121330e-01 2.7566389997949914e-01
-2.0306609150999666e-01 -6.1144018856351079e-01 3.4687341038662350e-01
-2.0229721234429779e-01 5.3314162373064167e-01 2.8049362608311335e-01
-2.0114475020757269e-01 6.1850785948546994e-01 3.5211817185706845e-01
-2.0079844169748112e-01 3.2744740171464265e-01 1.3692580135725632e-01
-2.0077848601104958e-01 2.5692021430409134e-01 1.0071715000012726e-01
-1.9948521690921855e-01 -3.2045826513554693e-01 1.3271571374998115e-01
-1.9918746648156857e-01 -5.5160027461126548e-01 2.9505058338327722e-01
-1.9852136885085733e-01 -2.4995254057210042e-01 9.6793818481155008e-02
-1.9844671799896385e-01 -6.7057358675399004e-01 3.9798216584005652e-01
-1.9787635030626871e-01 5.5858982869716112e-01 2.9990295692521485e-01
-1.9715173297684616e-01 2.0921595160527667e-01 7.9280760532783295e-02
-1.9692555206024917e-01 6.7488572348015496e-01 4.0132505543902131e-01
-1.9587951133390041e-01 -6.3661812833347131e-01 3.6684988972766769e-01
-1.9559748507618471e-01 3.0214803313277006e-01 1.2117696153669322e-01
-1.9536667272203873e-01 -2.0500621155424203e-01 7.7061894089373334e-02
-1.9408490366859313e-01 -5.7692061735486844e-01 3.1462770362934123e-01
-1.9395431358527224e-01 -2.9522903480645252e-01 1.1712810191981705e-01
-1.9371183509795692e-01 6.4361419019114241e-01 3.7210918071106902e-01
-1.9251761654466659e-01 5.8385722144489416e-01 3.1949683295892173e-01
-1.9225394377941396e-01 2.3216486974877587e-01 8.6675113866509459e-02
-1.8964176017926798e-01 -2.2532239464612530e-01 8.2974625542612576e-02
-1.8929157627845641e-01 -6.9539492473261844e-01 4.1816147961122530e-01
-1.8918791367105164e-01 2.7712770368483719e-01 1.0610068888356947e-01
-1.8806406824286903e-01 -6.0203852823950854e-01 3.3435920739268044e-01
-1.8782007150411592e-01 -6.6153044220697232e-01 3.8690255135913432e-01
-1.8762534852205917e-01 6.9965311031770228e-01 4.2150508990647723e-01
-1.8720719275074105e-01 -2.7029766546111600e-01 1.0223647741455452e-01
-1.8628381315747564e-01 1.8509755417224227e-01 6.6578036985782726e-02
-1.8624748508809780e-01 6.0891406752391086e-01 3.3924070227475717e-01
-1.8541362167795081e-01 6.6844799460841031e-01 3.9217198760440319e-01
-1.8427220606913466e-01 -1.8099124732667662e-01 6.4512596200946695e-02
-1.8244972814714319e-01 2.0788813858489166e-01 7.3454420561826939e-02
-1.8153847205176252e-01 2.5245837533612925e-01 9.1757780653976925e-02
-1.8114580497204344e-01 -6.2692427234541215e-01 3.5420917823879899e-01
-1.7947435718175916e-01 -2.0119559231487580e-01 6.9997469097102083e-02
-1.7931370645395023e-01 -7.1989717443071688e-01 4.3835745356849465e-01
-1.7921100646204030e-01 -2.4573859023455819e-01 8.8101748108133510e-02
-1.7908771117828667e-01 6.3373141239163577e-01 3.5910012971513483e-01
-1.7891557238247330e-01 -6.8615336977193264e-01 4.0700582388042733e-01
-1.7750752224694491e-01 7.2409790811242059e-01 4.4169892546166906e-01
-1.7627660139017703e-01 6.9298559913365165e-01 4.1228076510242700e-01
-1.7409320956640717e-01 1.6162032992924871e-01 5.4794958955482677e-02
-1.7335987031384073e-01 -6.5155239895839556e-01 3.7414906872104242e-01
-1.7261813475390808e-01 2.2821989144652632e-01 7.8211138190314416e-02
-1.7185013869932628e-01 -1.5763574361858287e-01 5.2894211679678456e-02
-1.7133450314699647e-01 1.8418332144836239e-01 6.1117884182968672e-02
-1.7106609216817170e-01 6.5828379769301859e-01 3.7904632355397677e-01
-1.6993462379331098e-01 -2.2163421280897894e-01 7.4786802020872775e-02
-1.6918825133262147e-01 -7.1046303540685818e-01 4.2713341058180798e-01
-1.6853579485170411e-01 -7.4405822302013780e-01 4.5854667995315324e-01
-1.6798739683909436e-01 -1.7766874394823576e-01 5.7924674876972067e-02
-1.6659489321093288e-01 7.4819843804964670e-01 4.6188356466307312e-01
-1.6632312438768435e-01 7.1720355448094641e-01 4.3240946500908684e-01
-1.6472405799099310e-01 -6.7589558188493071e-01 3.9414664101241254e-01
-1.6239592967532515e-01 2.0450137119465361e-01 6.5525476475681466e-02
-1.6220154611389070e-01 6.8254463378556773e-01 3.9904787375529072e-01
-1.6055183686006402e-01 1.3889586788374769e-01 4.3993490987003267e-02
-1.5934751627265212e-01 -1.9807645665448076e-01 6.2355926356538749e-02
-1.5887908622882438e-01 1.6115487414853971e-01 4.9729686461629889e-02
-1.5866072817067342e-01 -7.3443705841565021e-01 4.4726137334202409e-01
-1.5807185048090047e-01 -1.3505425807296442e-01 4.2268426752158743e-02
-1.5698080603130557e-01 -7.6785743439079346e-01 4.7870790214986952e-01
-1.5557589880408723e-01 7.4107990252973965e-01 4.5253425739375114e-01
-1.5526653472324362e-01 -6.9993146083097613e-01 4.1417786179757227e-01
-1.5515086491277760e-01 -1.5485066002546477e-01 4.6819616854392399e-02
-1.5490744212476970e-01 7.7193292307954176e-01 4.8203598536079650e-01
-1.5252159372908317e-01 7.0649181271509465e-01 4.1908050205789726e-01
-1.5083615712802884e-01 1.8140562101355487e-01 5.3766538637079669e-02
-1.4741557315569068e-01 -1.7517089326245205e-01 5.0874075772900124e-02
-1.4735591993559397e-01 -7.5805453888680530e-01 4.6736800709908821e-01
-1.4562924835854210e-01 1.1705417943446880e-01 3.4234941180478866e-02
-1.4505066926805640e-01 1.3892433522128317e-01 3.9354096770625277e-02
-1.4500986613608607e-01 -7.2363737850547116e-01 4.3421800440655256e-01
-1.4467189996071084e-01 -7.9127562963417020e-01 4.9882182972093492e-01
-1.4405790607035063e-01 7.6459416092488131e-01 4.7263346465795020e-01
-1.4290845073890296e-01 -1.1337919306208132e-01 3.2696508896272430e-02
-1.4246963455945061e-01 7.9528292981992255e-01 5.0213793028384246e-01
-1.4204889124479947e-01 7.3010309961873388e-01 4.3911928229845382e-01
-1.4093287218189332e-01 -1.3286742189861664e-01 3.6745779691860776e-02
-1.3790638332015673e-01 1.5904857177058662e-01 4.3002129993781266e-02
-1.3529695762836341e-01 -7.8129603918629165e-01 4.8743368505103457e-01
-1.3410117137558547e-01 -1.5304088516151157e-01 4.0407128999271770e-02
-1.3397693594692850e-01 -7.4699216346876707e-01 4.5424468624896741e-01
-1.3179231826077875e-01 7.8772730335025010e-01 4.9268737296758891e-01
-1.3163235141657706e-01 -8.1429506333154744e-01 5.1887113772241389e-01
-1.3080638897484373e-01 7.5335774066802219e-01 4.5914144695175374e-01
-1.2981748123391423e-01 1.1763256801519892e-01 3.0055914630378211e-02
-1.2930493170420687e-01 8.1823100031668228e-01 5.2217233578770006e-01
-1.2929683037784045e-01 9.6246517951763921e-02 2.5580162744681920e-02
-1.2632917988245193e-01 -9.2767824650185515e-02 2.4238692670421638e-02
-1.2530064504212496e-01 -1.1186711469926537e-01 2.7766738347481949e-02
-1.2356887127007665e-01 1.3756783899397704e-01 3.3300887248928469e-02
-1.2250689442778590e-01 -8.0414343884152151e-01 5.0744061189280332e-01
-1.2219086221436580e-01 -7.6997611274926447e-01 4.7423770132361115e-01
-1.1967415786279714e-01 -7.3449636127389473e-01 4.3982149681226451e-01
-1.1967415786279714e-01 -6.2956830966333832e-01 3.4268609160771996e-01
-1.1967415786279714e-01 -5.2464025805278192e-01 2.5273137798608003e-01
-1.1967415786279714e-01 -4.1971220644222551e-01 1.7291315035542507e-01
-1.1967415786279714e-01 -3.1478415483166911e-01 1.0639698991940973e-01
-1.1967415786279714e-01 -2.0985610322111281e-01 5.6243185252046357e-02
-1.1967415786279714e-01 2.0985610322111281e-01 5.5838013719980116e-02
-1.1967415786279714e-01 3.1478415483166922e-01 1.0560777819148803e-01
-1.1967415786279714e-01 4.1971220644222562e-01 1.7171522883628471e-01
-1.1967415786279714e-01 5.2464025805278203e-01 2.5128364995669300e-01
-1.1967415786279714e-01 6.2956830966333843e-01 3.4131706707004911e-01
-1.1967415786279714e-01 7.3449636127389484e-01 4.3893201249011410e-01
-1.1936936264417357e-01 -1.3182885721922397e-01 3.1022460665411179e-02
-1.1881724816050947e-01 7.7623644445938011e-01 4.7912627751280706e-01
-1.1879993877020764e-01 8.1046026433811758e-01 5.1267634091135850e-01
-1.1787907078253583e-01 -8.3689534767009466e-01 5.3883543550467705e-01
-1.1543232343844986e-01 8.4075823064737010e-01 5.4212058187475642e-01
-1.1314518051590615e-01 9.7448857692844976e-02 2.1899687098694675e-02
-1.1152388080438014e-01 7.6656175121814232e-02 1.8088521741208230e-02
-1.0967491571189997e-01 -7.9257097020513045e-01 4.9417885567335723e-01
-1.0900331583073107e-01 -8.2657653639595763e-01 5.2736861693349546e-01
-1.0830364327512183e-01 -7.3409898701731202e-02 1.6954101192503668e-02
-1.0821841699627405e-01 -9.2029540674837249e-02 1.9945878513833205e-02
-1.0778445821163746e-01 1.1712772312181544e-01 2.4732849593423745e-02
-1.0610329418892350e-01 7.9872049851722327e-01 4.9905395247111889e-01
-1.0510255081792910e-01 8.3277553685456152e-01 5.3258309224663647e-01
-1.0344001862308194e-01 -8.5906379707167724e-01 5.5870404153205477e-01
-1.0317848713489873e-01 -1.1170955290784802e-01 2.2788330920555360e-02
-1.0087545261817463e-01 8.6284949044785264e-01 5.6196885944786579e-01
-9.6448242718328789e-02 -8.1475730100424371e-01 5.1404870832069527e-01
-9.4995683431856145e-02 7.8583997043610215e-02 1.4949656619600767e-02
-9.4814288357666227e-02 -8.4858250049152795e-01 5.4720673900573302e-01
-9.2685291473082118e-02 8.2079163429641044e-01 5.1890550829186821e-01
-9.2277247228415932e-02 5.8513535492975402e-02 1.1817676456079736e-02
-9.0725440972231217e-02 8.5465910693353409e-01 5.5239464422152018e-01
-9.0508796101158001e-02 9.7932964978915960e-02 1.7369490100433781e-02
-8.9649684047593728e-02 -7.3577821162009283e-02 1.3346702120886842e-02
-8.8799337864355454e-02 -5.5544996499959205e-02 1.0900208018556044e-02
-8.8331247443575830e-02 -8.8078136430451537e-01 5.7845877560074033e-01
-8.5654277993771968e-02 8.8448842015067419e-01 5.8170222834676211e-01
-8.5484805143970860e-02 -9.2900020388018062e-02 1.5774929942357935e-02
-8.2536185517408669e-02 -8.3652040731944965e-01 5.3383374069649325e-01
-7.9956679389633828e-02 -8.7014273859184066e-01 5.6693715846775194e-01
-7.8589413054715521e-02 8.4243615412238548e-01 5.3866772800678286e-01
-7.5684789698243646e-02 8.7609207035583303e-01 5.7209245153926347e-01
-7.5330260869567206e-02 6.1307906594056757e-02 9.2701698122177132e-03
-7.2578946012993417e-02 -9.0203680025999378e-01 5.9809074782220706e-01
-7.1694702242741909e-02 8.0246094320893357e-02 1.1284580891651496e-02
-7.1524973684174320e-02 4.2117836404452942e-02 6.8238138394326360e-03
-6.9792963281530063e-02 9.0566265021733472e-01 6.0131039859581781e-01
-6.9552217915103451e-02 -5.6807369524224091e-02 8.0331909779112719e-03
-6.7960348651235680e-02 -8.5784469026484367e-01 5.5351931398116516e-01
-6.7783239694933967e-02 -3.9489638283958704e-02 6.1327170948740637e-03
-6.6237713212856791e-02 -7.5686312832521932e-02 1.0055644107494429e-02
-6.4456585491775825e-02 -8.9124584847465305e-01 5.8655053281561853e-01
-6.3832844226271598e-02 8.6363578151550235e-01 5.5832214917971035e-01
-6.0006749056737432e-02 8.9706329999136802e-01 5.9166732808588396e-01
-5.6201172899652353e-02 -9.2281417095519780e-01 6.1758583782762722e-01
-5.4103289098581232e-02 4.5996287048293491e-02 4.9269792123266048e-03
-5.3308398076101597e-02 9.2635540340864575e-01 6.2077833773213509e-01
-5.2740828958036751e-02 -8.7871446396712749e-01 5.7309081854556909e-01
-5.1284037122436212e-02 6.4433306775626809e-02 6.5563249548402924e-03
-4.9229439406030459e-02 2.7898715871556748e-02 3.1635285693202950e-03
-4.8442200300442141e-02 8.8437970632689256e-01 5.7785928287262012e-01
-4.8329658221039053e-02 -9.1187392989285854e-01 6.0603026746854305e-01
-4.7879088890347470e-02 -4.2136434019487329e-02 4.0704900652993731e-03
-4.5375089189543527e-02 -6.0476886665615001e-02 5.7106231393953336e-03
-4.5216825736360718e-02 -2.5706320347758663e-02 2.7031962884474731e-03
-4.3711644338230701e-02 9.1755879923845229e-01 6.1110691853446952e-01
-3.9218603020177947e-02 -9.4310021060669669e-01 6.3693325426466529e-01
-3.6899731975084046e-02 -8.9911646420301239e-01 5.9253645327991467e-01
-3.6223857137281684e-02 9.4655563130595399e-01 6.4009782856424180e-01
-3.2432464744900288e-02 9.0464968278743818e-01 5.9726150830825209e-01
-3.1600788802887761e-02 -9.3201692013487225e-01 6.2536868814396651e-01
-3.1257936849687085e-02 3.3238109845269669e-02 1.9945050797547455e-03
-2.9249199292922384e-02 -8.3942441288445102e-01 5.3258678533162251e-01
-2.9249199292922384e-02 -7.3449636127389473e-01 4.3007971900323089e-01
-2.9249199292922384e-02 -6.2956830966333832e-01 3.3224527567643514e-01
-2.9249199292922384e-02 -5.2464025805278192e-01 2.4162848973430884e-01
-2.9249199292922384e-02 -4.1971220644222551e-01 1.6117288533397478e-01
-2.9249199292922384e-02 -3.1478415483166911e-01 9.4053893622372153e-02
-2.9249199292922384e-02 -2.0985610322111281e-01 4.3367873580145128e-02
-2.9249199292922384e-02 -1.0492805161055641e-01 1.1723750546052627e-02
-2.9249199292922384e-02 1.0492805161055641e-01 1.1283913154940943e-02
-2.9249199292922384e-02 2.0985610322111281e-01 4.2389813418590910e-02
-2.9249199292922384e-02 3.1478415483166922e-01 9.2438121746764385e-02
-2.9249199292922384e-02 4.1971220644222562e-01 1.5894742445339596e-01
-2.9249199292922384e-02 5.2464025805278203e-01 2.3902068340101160e-01
-2.9249199292922384e-02 6.2956830966333843e-01 3.2964881310866062e-01
-2.9249199292922384e-02 7.3449636127389484e-01 4.2794194830753762e-01
-2.9249199292922384e-02 8.3942441288445102e-01 5.3128921167180021e-01
-2.9200230933149364e-02 5.1068778997883861e-02 3.2752216240129863e-03
-2.6817031361904713e-02 9.3756302667029134e-01 6.3039754869802755e-01
-2.5348014206744721e-02 1.6564231291120144e-02 8.9612263400859731e-04
-2.4567937799929614e-02 -3.0258363659642667e-02 1.5268740847367986e-03
-2.2811735617256221e-02 -4.7945906234770699e-02 2.8359877518905319e-03
-2.1653678862336091e-02 -9.6288415566052943e-01 6.5612493336189015e-01
-2.1055688988980990e-02 -1.4988553633064649e-02 6.6541107109404415e-04
-2.0459719602556874e-02 -9.1903905457702262e-01 6.1184616690080196e-01
-1.8560395985420912e-02 9.6625165150532877e-01 6.5925981578349480e-01
-1.5829712236377073e-02 9.2443684228954714e-01 6.1652201043231036e-01
-1.4290510469852467e-02 -9.5166253822105029e-01 6.4455559450722488e-01
-9.3469588004422531e-03 9.5706669589013649e-01 6.4953258588408114e-01
-6.7041530630578853e-03 2.4269944906623965e-02 5.6848184183131486e-04
-5.3091359881790113e-03 4.1362901945163177e-02 1.5755825752256859e-03
-3.5265012681059060e-03 -9.8215426769626701e-01 6.7515189241659823e-01
-3.4393214135654540e-03 -9.3846819930097225e-01 6.3100741765975465e-01
-3.3812127766262058e-04 9.8543186783359360e-01 6.7825558200389380e-01
1.8435013877342698e-04 9.9931269960404634e-03 8.4968853183918931e-05
5.0198562405895212e-04 -2.2996084851284477e-02 5.3674966721776096e-04
1.3460731648181831e-03 9.4372872953862030e-01 6.3563019203829563e-01
1.6365332244998587e-03 -3.9863322936096818e-02 1.6151162624266240e-03
3.5811064331150665e-03 -9.7079896937217669e-01 6.6358141823341210e-01
4.5807258804225351e-03 -8.8769480778160808e-03 1.0281254892155568e-04
8.6785196073082393e-03 9.7605825115033584e-01 6.6850310896924758e-01
1.4140644105522349e-02 -9.5739254575996668e-01 6.5001062000152077e-01
1.5142824374034974e-02 -1.0008996404593882e+00 6.9400616261471271e-01
1.7148493118800609e-02 1.5311241073903059e-02 4.6805489503194372e-04
1.8422861369102581e-02 1.0040855136984950e+00 6.9707743320750049e-01
1.9074869038318586e-02 9.6251373764802173e-01 6.5457672085057883e-01
1.9483677052006404e-02 3.4806873987457507e-02 1.4293929649793870e-03
2.1085758740255731e-02 -9.1660719732588290e-03 5.2735289933811659e-04
2.1993981685541154e-02 -9.8941523429455369e-01 6.8243758325893011e-01
2.5347661010834705e-02 -3.0800220650238765e-02 1.6155608199300703e-03
2.7239350723357543e-02 9.9452696625416748e-01 6.8730129695238618e-01
3.2258482232220893e-02 -9.7580259746616183e-01 6.6884811891650753e-01
3.4334220731464395e-02 -1.0191101833766867e+00 7.1268072148101458e-01
3.6536366535394167e-02 1.6007013771803281e-02 1.4943965556727802e-03
3.7336700068512356e-02 9.8078103996967048e-01 6.7335339442315301e-01
3.7702479783634203e-02 1.0222026353980593e+00 7.1571863008343906e-01
3.8795196930352868e-02 -9.2737586532626523e-03 1.5747722933080212e-03
4.0928058053257242e-02 -1.0075011729386698e+00 7.0111645231345732e-01
4.6315514457827937e-02 1.0124629279211708e+00 7.0592035489812976e-01
5.0894232577533526e-02 -9.9368821823170450e-01 6.8751167125003876e-01
5.4027669917179472e-02 -1.0367766038745940e+00 7.3116943247055510e-01
5.6111628067156985e-02 9.9852060474234328e-01 6.9195309650606462e-01
5.7480726425976736e-02 1.0397740742436714e+00 7.3417332104720323e-01
6.0363332947098038e-02 -1.0250474270469956e+00 7.1961128242939665e-01
6.1175759276952374e-02 -9.4435246449500743e-01 6.3826499256684766e-01
6.1175759276952374e-02 -8.3942441288445102e-01 5.3344282157251566e-01
6.1175759276952374e-02 -7.3449636127389473e-01 4.3130449683790878e-01
6.1175759276952374e-02 -6.2956830966333832e-01 3.3390517097917366e-01
6.1175759276952374e-02 -5.2464025805278192e-01 2.4372707258225967e-01
6.1175759276952374e-02 -4.1971220644222551e-01 1.6365283680588155e-01
6.1175759276952374e-02 -3.1478415483166911e-01 9.6811534217298073e-02
6.1175759276952374e-02 -2.0985610322111281e-01 4.6276388943540386e-02
6.1175759276952374e-02 -1.0492805161055641e-01 1.4654746089468602e-02
6.1175759276952374e-02 0.0000000000000000e+00 3.6761111110834516e-03
6.1175759276952374e-02 1.0492805161055641e-01 1.3908855971193386e-02
6.1175759276952374e-02 2.0985610322111281e-01 4.4701571879930860e-02
6.1175759276952374e-02 3.1478415483166922e-01 9.4346420842246023e-02
6.1175759276952374e-02 4.1971220644222562e-01 1.6038814282999292e-01
6.1175759276952374e-02 5.2464025805278203e-01 2.3996500915103941e-01
6.1175759276952374e-02 6.2956830966333843e-01 3.3010660387011670e-01
6.1175759276952374e-02 7.3449636127389484e-01 4.2796235438933905e-01
6.1175759276952374e-02 8.3942441288445102e-01 5.3096088755407278e-01
6.1175759276952374e-02 9.4435246449500743e-01 6.3690276447844196e-01
6.5887054999220054e-02 1.0298570179637720e+00 7.2435443704105273e-01
7.0027988096472885e-02 -1.0110400729341191e+00 7.0599394066985444e-01
7.4203243625559703e-02 -1.0538903885661812e+00 7.4946698758384478e-01
7.5379223475306165e-02 1.0157238180810857e+00 7.1037033675505301e-01
7.7737688312435244e-02 1.0567914475628675e+00 7.5243647889055676e-01
8.0279888836437566e-02 -1.0420454215563504e+00 7.3791618289350969e-01
8.5934110786700976e-02 1.0467008943410951e+00 7.4259856902781052e-01
8.9639925539473642e-02 -1.0278496090096887e+00 7.2428846921556500e-01
9.4841131975855988e-02 -1.0704437833739679e+00 7.6756888789616595e-01
9.5120231394732455e-02 1.0323816535865025e+00 7.2859937455983759e-01
9.8453575642143604e-02 1.0732471286491898e+00 7.7050393376990145e-01
1.0065792237861222e-01 -1.0584873449216314e+00 7.5602608890661105e-01
1.0643694318654455e-01 1.0629869711571798e+00 7.6064861792548366e-01
1.0971033462376739e-01 -1.0441090368654447e+00 7.4238965134168522e-01
1.1531470696494647e-01 1.0484867294593085e+00 7.4663618411650468e-01
1.1592319863428167e-01 -1.0864276976287395e+00 7.8546939496811430e-01
1.1961038930105668e-01 1.0891319756102726e+00 7.8836994244508252e-01
1.2147777222849594e-01 -1.0743661284289778e+00 7.7393670136629211e-01
1.2737722862104778e-01 1.0787066625835646e+00 7.7849944971971818e-01
1.3022061390435763e-01 -1.0598100072669101e+00 7.6029150639305543e-01
1.3594306719112689e-01 1.0640321696654595e+00 7.6447722906739113e-01
1.3743044047957259e-01 -1.1018347440843681e+00 8.0316442053899528e-01
1.4118900564310824e-01 1.1044388981973932e+00 8.0603077518862520e-01
1.4271994549566483e-01 -1.0896754245675206e+00 7.9164442915519451e-01
1.4873640579861816e-01 1.0938522700486395e+00 7.9614680542475635e-01
1.5115231643043431e-01 -1.0749445903385502e+00 7.7798861878487091e-01
1.5160071784682713e-01 -1.0492805161055638e+00 7.5239204566698226e-01
1.5160071784682713e-01 -9.4435246449500743e-01 6.4760743248942509e-01
1.5160071784682713e-01 -8.3942441288445102e-01 5.4404489595205197e-01
1.5160071784682713e-01 -7.3449636127389473e-01 4.4332226606202818e-01
1.5160071784682713e-01 -6.2956830966333832e-01 3.4741507676581262e-01
1.5160071784682713e-01 -5.2464025805278192e-01 2.5870967321165322e-01
1.5160071784682713e-01 -4.1971220644222551e-01 1.7998513909700065e-01
1.5160071784682713e-01 -3.1478415483166911e-01 1.1427173262980228e-01
1.5160071784682713e-01 -2.0985610322111281e-01 6.4560858160441020e-02
1.5160071784682713e-01 -1.0492805161055641e-01 3.3402201364383613e-02
1.5160071784682713e-01 0.0000000000000000e+00 2.2492945389103666e-02
1.5160071784682713e-01 1.0492805161055641e-01 3.2395698040484949e-02
1.5160071784682713e-01 2.0985610322111281e-01 6.2481128209379816e-02
1.5160071784682713e-01 3.1478415483166922e-01 1.1109434749281337e-01
1.5160071784682713e-01 4.1971220644222562e-01 1.7585674039464583e-01
1.5160071784682713e-01 5.2464025805278203e-01 2.5399487643846180e-01
1.5160071784682713e-01 6.2956830966333843e-01 3.4262788395629729e-01
1.5160071784682713e-01 7.3449636127389484e-01 4.3899077782443729e-01
1.5160071784682713e-01 8.3942441288445102e-01 5.4059056842788633e-01
1.5160071784682713e-01 9.4435246449500743e-01 6.4529411340019371e-01
1.5160071784682713e-01 1.0492805161055638e+00 7.5135162169967007e-01
1.5698590210823610e-01 1.0790118164164830e+00 7.8211960683484538e-01
1.5934185551887306e-01 -1.1166613524519915e+00 8.2065340961067823e-01
1.6316847727933323e-01 1.1191644353585946e+00 8.2348613532011516e-01
1.6436858129615295e-01 -1.1044043678197319e+00 8.0914168013416932e-01
1.7049346335444659e-01 1.1084205223533605e+00 8.1359054131698993e-01
1.7248468247665674e-01 -1.0895089729743332e+00 7.9547945813971954e-01
1.7842447129659503e-01 1.0934194847050520e+00 7.9956031052960808e-01
1.8163963859802004e-01 -1.1309003587330773e+00 8.3793253926008082e-01
1.8553140654284897e-01 1.1333009079325966e+00 8.4073177311744962e-01
1.8640173232797930e-01 -1.1185516047510362e+00 8.2642965700115367e-01
1.9263016917675227e-01 1.1224052267219566e+00 8.3082766839620603e-01
1.9419862605297675e-01 -1.1034981718174470e+00 8.1276150348652176e-01
2.0024273974403198e-01 1.1072454215659273e+00 8.1679299698544328e-01
2.0430681331576278e-01 -1.1445436558137945e+00 8.5499701857868649e-01
2.0826014895066738e-01 1.1468413864676337e+00 8.5776383537006284e-01
2.0880065160982331e-01 -1.1321123777035131e+00 8.4350634963435922e-01
2.1513051906738884e-01 1.1357970180399375e+00 8.4785207748059577e-01
2.1627879555445872e-01 -1.1169019041693897e+00 8.2982765905676126e-01
2.2241870996833085e-01 1.1204900124466728e+00 8.3382035160086221e-01
2.2732144646225366e-01 -1.1575923536873218e+00 8.7185041483101244e-01
2.3133361453065279e-01 1.1597857644304443e+00 8.7458497383482203e-01
2.3155038552786839e-01 -1.1450760215531453e+00 8.6036467713178799e-01
2.3797231592722659e-01 1.1485977536535559e+00 8.6466789931124921e-01
2.3870391975790115e-01 -1.1297201358535653e+00 8.4668005297358395e-01
2.4202567641670189e-01 -1.0492805161055638e+00 7.6828311255211557e-01
2.4202567641670189e-01 -9.4435246449500743e-01 6.6539880695191544e-01
2.4202567641670189e-01 -8.3942441288445102e-01 5.6398991281929078e-01
2.4202567641670189e-01 -7.3449636127389473e-01 4.6560266012359658e-01
2.4202567641670189e-01 -6.2956830966333832e-01 3.7211630133237317e-01
2.4202567641670189e-01 -5.2464025805278192e-01 2.8579734840923054e-01
2.4202567641670189e-01 -4.1971220644222551e-01 2.0928716276301285e-01
2.4202567641670189e-01 -3.1478415483166911e-01 1.4547143730029513e-01
2.4202567641670189e-01 -2.0985610322111281e-01 9.7205356897564849e-02
2.4202567641670189e-01 -1.0492805161055641e-01 6.6927045389036946e-02
2.4202567641670189e-01 0.0000000000000000e+00 5.6261662229916951e-02
2.4202567641670189e-01 1.0492805161055641e-01 6.5751184954626424e-02
2.4202567641670189e-01 2.0985610322111281e-01 9.4802410838789486e-02
2.4202567641670189e-01 3.1478415483166922e-01 1.4184718659546180e-01
2.4202567641670189e-01 4.1971220644222562e-01 2.0462691610219658e-01
2.4202567641670189e-01 5.2464025805278203e-01 2.8050163120754390e-01
2.4202567641670189e-01 6.2956830966333843e-01 3.6672362854656138e-01
2.4202567641670189e-01 7.3449636127389484e-01 4.6065358083974262e-01
2.4202567641670189e-01 8.3942441288445102e-01 5.5991092682656529e-01
2.4202567641670189e-01 9.4435246449500743e-01 6.6245463432353779e-01
2.4202567641670189e-01 1.0492805161055638e+00 7.6659977592071193e-01
2.4493602212258136e-01 1.1331456400647402e+00 8.5063760903959440e-01
2.5067023942961913e-01 -1.1700332645453413e+00 8.8848344302264626e-01
2.5462829566331630e-01 -1.1574460348871298e+00 8.7701002544622331e-01
2.5473762905956260e-01 1.1721224675389770e+00 8.9118699460089235e-01
2.6114162540805508e-01 1.1607957177015891e+00 8.8126665249244807e-01
2.6145696296178328e-01 -1.1419468926628968e+00 8.6331561581705807e-01
2.6777660332585551e-01 1.1452080624282297e+00 8.6724281271595205e-01
2.7433011360070697e-01 -1.1818718906325687e+00 9.0490331499182841e-01
2.7802107233595008e-01 -1.1692097826437213e+00 8.9343368414099678e-01
2.7845015609814650e-01 1.1838552652604077e+00 9.0757574261232976e-01
2.8452045550827720e-01 -1.1535774551006501e+00 8.7973247067220439e-01
2.8461642331322884e-01 1.1723949299648315e+00 8.9765393111636138e-01
2.9092187405304276e-01 1.1566750380800035e+00 8.8363557246267743e-01
2.9828775080921832e-01 -1.1930957420601245e+00 9.2110131895079217e-01
3.0170659223582652e-01 -1.1803724100183068e+00 9.0964233480804224e-01
3.0245675073728684e-01 1.1949740068553762e+00 9.2374416279688853e-01
3.0787606851704880e-01 -1.1646097112178253e+00 8.9593102599971741e-01
3.0838325857464072e-01 1.1833833767028923e+00 9.1382077970866205e-01
3.1435511774906960e-01 1.1675414357035132e+00 8.9981270377196743e-01
3.2252222914865664e-01 -1.2037086084312296e+00 9.3708295918187257e-01
3.2567112719824454e-01 -1.1909227513021594e+00 9.2562861665721730e-01
3.2673777335952009e-01 1.2054799479946505e+00 9.3969558936203357e-01
3.3150652405550418e-01 -1.1750403193825731e+00 9.1191063290824148e-01
3.3242090904134108e-01 1.1937660360397719e+00 9.2977320473977898e-01
3.3245063498657668e-01 -1.1542085677161202e+00 8.9218726711029583e-01
3.3245063498657668e-01 -1.0492805161055638e+00 7.9141889048990033e-01
3.3245063498657668e-01 -9.4435246449500743e-01 6.9116460458669859e-01
3.3245063498657668e-01 -8.3942441288445102e-01 5.9265876752317337e-01
3.3245063498657668e-01 -7.3449636127389473e-01 4.9737081109678016e-01
3.3245063498657668e-01 -6.2956830966333832e-01 4.0707513936745876e-01
3.3245063498657668e-01 -5.2464025805278192e-01 3.2390312955901257e-01
3.3245063498657668e-01 -4.1971220644222551e-01 2.5033271388796219e-01
3.3245063498657668e-01 -3.1478415483166911e-01 1.8906695317340111e-01
3.3245063498657668e-01 -2.0985610322111281e-01 1.4277709228613827e-01
3.3245063498657668e-01 -1.0492805161055641e-01 1.1374162549575716e-01
3.3245063498657668e-01 0.0000000000000000e+00 1.0347882494612118e-01
3.3245063498657668e-01 1.0492805161055641e-01 1.1249889227714852e-01
3.3245063498657668e-01 2.0985610322111281e-01 1.4025801694943582e-01
3.3245063498657668e-01 3.1478415483166922e-01 1.8530403373481896e-01
3.3245063498657668e-01 4.1971220644222562e-01 2.4553346862213032e-01
3.3245063498657668e-01 5.2464025805278203e-01 3.1847472914741148e-01
3.3245063498657668e-01 6.2956830966333843e-01 4.0154580828331998e-01
3.3245063498657668e-01 7.3449636127389484e-01 4.9226201197216529e-01
3.3245063498657668e-01 8.3942441288445102e-01 5.8837941962059426e-01
3.3245063498657668e-01 9.4435246449500743e-01 6.8796796920866188e-01
3.3245063498657668e-01 1.0492805161055638e+00 7.8942177801603686e-01
3.3245063498657668e-01 1.1542085677161202e+00 8.9142676519152930e-01
3.3805865473580304e-01 1.1778048747576193e+00 9.1577329632206750e-01
3.4701738781402192e-01 -1.2137051707937105e+00 9.5284552310425841e-01
3.4989472606760469e-01 -1.2008638522802420e+00 9.4139719406176869e-01
3.5127581200427266e-01 1.2153708076470462e+00 9.5542972293638118e-01
3.5539540801666042e-01 -1.1848646547307415e+00 9.2766953536255303e-01
3.5671437315579396e-01 1.2035352076953827e+00 9.4550584163493756e-01
3.6201417493561294e-01 1.1874656385924660e+00 9.3151850745053577e-01
3.7175691987781323e-01 -1.2230806580820595e+00 9.6838687788532773e-01
3.7436052940653031e-01 -1.2101930723905447e+00 9.5694784907666008e-01
3.7605589746147350e-01 1.2246386134485860e+00 9.7094136213831161e-01
3.7952390262152252e-01 -1.1940848951797691e+00 9.4321167344017287e-01
3.8124608857045378e-01 1.2126896538670169e+00 9.6101885604221104e-01
3.8620743064403862e-01 1.1965146254837884e+00 9.4704137964638635e-01
3.9672215612789036e-01 -1.2318374258690126e+00 9.8371079368048808e-01
3.9905360879962948e-01 -1.2189029584416211e+00 9.7227621880536652e-01
4.0105875525536966e-01 1.2332873751101741e+00 9.8623570564063001e-01
4.0387714300073868e-01 -1.2026940553103007e+00 9.5853317335734967e-01
4.0599823627439346e-01 1.2212301821923564e+00 9.7631414999839916e-01
4.1061906848198904e-01 1.2049567134429913e+00 9.6234683883525218e-01
4.2189660281530456e-01 -1.2399733470945851e+00 9.9881693469826194e-01
4.2287559355645143e-01 -1.1542085677161202e+00 9.1920281673105897e-01
4.2287559355645143e-01 -1.0492805161055638e+00 8.2132366247405630e-01
4.2287559355645143e-01 -9.4435246449500743e-01 7.2428837035025984e-01
4.2287559355645143e-01 -8.3942441288445102e-01 6.2927862801882317e-01
4.2287559355645143e-01 -7.3449636127389473e-01 5.3768740587077413e-01
4.2287559355645143e-01 -6.2956830966333832e-01 4.5118198456496095e-01
4.2287559355645143e-01 -5.2464025805278192e-01 3.7175006506176722e-01
4.2287559355645143e-01 -4.1971220644222551e-01 3.0168759163842374e-01
4.2287559355645143e-01 -3.1478415483166911e-01 2.4348454692115309e-01
4.2287559355645143e-01 -2.0985610322111281e-01 1.9958877250975743e-01
4.2287559355645143e-01 -1.0492805161055641e-01 1.7207981598460625e-01
4.2287559355645143e-01 0.0000000000000000e+00 1.6234235438717748e-01
4.2287559355645143e-01 1.0492805161055641e-01 1.7084905626617647e-01
4.2287559355645143e-01 2.0985610322111281e-01 1.9711934008128945e-01
4.2287559355645143e-01 3.1478415483166922e-01 2.3984175965097818e-01
4.2287559355645143e-01 4.1971220644222562e-01 2.9709488885226787e-01
4.2287559355645143e-01 5.2464025805278203e-01 3.6660014118217310e-01
4.2287559355645143e-01 6.2956830966333843e-01 4.4596214231336739e-01
4.2287559355645143e-01 7.3449636127389484e-01 5.3286756273737201e-01
4.2287559355645143e-01 8.3942441288445102e-01 6.2522164495753185e-01
4.2287559355645143e-01 9.4435246449500743e-01 7.2121461606479897e-01
4.2287559355645143e-01 1.0492805161055638e+00 8.1932757922574262e-01
4.2287559355645143e-01 1.1542085677161202e+00 9.1829992891795653e-01
4.2395511707884176e-01 -1.2269976613856077e+00 9.8738750146165710e-01
4.2626791679534404e-01 1.2413150416002088e+00 1.0013122893943140e+00
4.2843763721815425e-01 -1.2106927808960604e+00 9.7363644708938546e-01
4.3095489906938383e-01 1.2291533171258771e+00 9.9138976212462382e-01
4.3523286602862715e-01 1.2127899377944806e+00 9.7743388865680902e-01
4.4726514615548063e-01 -1.2474822549320412e+00 1.0137015825289113e+00
4.4904879047235291e-01 -1.2344754863584664e+00 1.0022818641686966e+00
4.5166762609979955e-01 1.2487178400919845e+00 1.0161691970682709e+00
4.5318842844795409e-01 -1.2180816914218069e+00 9.8852370012867807e-01
4.5610031963466952e-01 1.2364553061291128e+00 1.0062435353164625e+00
4.6003376193604106e-01 1.2200090036836659e+00 9.9229879137239618e-01
4.7281004443936653e-01 -1.2543672960963554e+00 1.0283686378262678e+00
4.7431867714522014e-01 -1.2413344207340302e+00 1.0169590400690014e+00
4.7724150923647640e-01 1.2554944889250077e+00 1.0308065109518707e+00
4.7811352021583081e-01 -1.2248595368878001e+00 1.0031953852755473e+00
4.8141703182099932e-01 1.2431391957169637e+00 1.0208789672752896e+00
4.8500479065115937e-01 1.2266155458840593e+00 1.0069436746018459e+00
4.9851503360054983e-01 -1.2606281962210542e+00 1.0428189507918761e+00
4.9974930795517192e-01 -1.2475710428547324e+00 1.0314174136385097e+00
5.0297267165342607e-01 1.2616469652286739e+00 1.0452269200770554e+00
5.0319771860540052e-01 -1.2310225993817481e+00 1.0176497164294762e+00
5.0688909498063861e-01 1.2492042185411698e+00 1.0352963263577020e+00
5.1012968557234006e-01 1.2326103737983554e+00 1.0213700006207127e+00
5.1330055212632619e-01 -1.1542085677161202e+00 9.5194659315423891e-01
5.1330055212632619e-01 -1.0492805161055638e+00 8.5741447402251225e-01
5.1330055212632619e-01 -9.4435246449500743e-01 7.6404450225164655e-01
5.1330055212632619e-01 -8.3942441288445102e-01 6.7296960420004925e-01
5.1330055212632619e-01 -7.3449636127389473e-01 5.8551021184855945e-01
5.1330055212632619e-01 -6.2956830966333832e-01 5.0322803385886328e-01
5.1330055212632619e-01 -5.2464025805278192e-01 4.2796295790976324e-01
5.1330055212632619e-01 -4.1971220644222551e-01 3.6181593436816456e-01
5.1330055212632619e-01 -3.1478415483166911e-01 3.0704081302810887e-01
5.1330055212632619e-01 -2.0985610322111281e-01 2.6583216913960983e-01
5.1330055212632619e-01 -1.0492805161055641e-01 2.4004235115778336e-01
5.1330055212632619e-01 0.0000000000000000e+00 2.3090586336342050e-01
5.1330055212632619e-01 1.0492805161055641e-01 2.3885804913454603e-01
5.1330055212632619e-01 2.0985610322111281e-01 2.6349531877754773e-01
5.1330055212632619e-01 3.1478415483166922e-01 3.0366639849905941e-01
5.1330055212632619e-01 4.1971220644222562e-01 3.5765070244255370e-01
5.1330055212632619e-01 5.2464025805278203e-01 4.2337803495753512e-01
5.1330055212632619e-01 6.2956830966333843e-01 4.9865079843506110e-01
5.1330055212632619e-01 7.3449636127389484e-01 5.8133363392707826e-01
5.1330055212632619e-01 8.3942441288445102e-01 6.6948353988960974e-01
5.1330055212632619e-01 9.4435246449500743e-01 7.6141140875023927e-01
5.1330055212632619e-01 1.0492805161055638e+00 8.5568606701775862e-01
5.1330055212632619e-01 1.1542085677161202e+00 9.5110362816747829e-01
5.2436417834216154e-01 -1.2662644671102121e+00 1.0570530280207944e+00
5.2532376949728821e-01 -1.2531887240667932e+00 1.0456607776202544e+00
5.2842464248011278e-01 -1.2365725610844269e+00 1.0318891268469714e+00
5.2884520956116599e-01 1.2671748486951619e+00 1.0594309538018849e+00
5.3250071246044273e-01 1.2546499940928777e+00 1.0494961755200833e+00
5.3539279503115866e-01 1.2379931345031070e+00 1.0355783135349539e+00
5.5034169317441439e-01 -1.2712760019053591e+00 1.0710714635733933e+00
5.5102639191098990e-01 -1.2581873597749980e+00 1.0596897959576741e+00
5.5377842662820187e-01 -1.2415106614417317e+00 1.0459154067106895e+00
5.5484337033019893e-01 1.2720780983841979e+00 1.0734192268200196e+00
5.5823623958229807e-01 1.2594765191303159e+00 1.0634793088119212e+00
5.6077861982306920e-01 1.2427638494839641e+00 1.0495695035975634e+00
5.7643195008400183e-01 -1.2756630654391263e+00 1.0848750176495092e+00
5.7684166274874404e-01 -1.2625672147867699e+00 1.0735052293682259e+00
5.7924370407427783e-01 -1.2458371895185292e+00 1.0597292983965829e+00
5.8095156007160342e-01 1.2763570430620064e+00 1.0871925559884235e+00
5.8408019118426457e-01 1.2636841580011953e+00 1.0772467839903330e+00
5.8627182069443295e-01 1.2469229049500385e+00 1.0633447798745692e+00
6.0261948576551982e-01 -1.2794262844968354e+00 1.0984645594336861e+00
6.0275423416389173e-01 -1.2663289135777642e+00 1.0871078987098735e+00
6.0372551069620095e-01 -1.1542085677161202e+00 9.8987645170598715e-01
6.0372551069620095e-01 -1.0492805161055638e+00 8.9902463427674961e-01
6.0372551069620095e-01 -9.4435246449500743e-01 8.0963263792861961e-01
6.0372551069620095e-01 -8.3942441288445102e-01 7.2278995291643566e-01
6.0372551069620095e-01 -7.3449636127389473e-01 6.3974970120146279e-01
6.0372551069620095e-01 -6.2956830966333832e-01 5.6197100665545852e-01
6.0372551069620095e-01 -5.2464025805278192e-01 4.9114416801231997e-01
6.0372551069620095e-01 -4.1971220644222551e-01 4.2916651582649068e-01
6.0372551069620095e-01 -3.1478415483166911e-01 3.7804021017637435e-01
6.0372551069620095e-01 -2.0985610322111281e-01 3.3968760853134328e-01
6.0372551069620095e-01 -1.0492805161055641e-01 3.1571832582606368e-01
6.0372551069620095e-01 0.0000000000000000e+00 3.0721093175760639e-01
6.0372551069620095e-01 1.0492805161055641e-01 3.1456866675200035e-01
6.0372551069620095e-01 2.0985610322111281e-01 3.3747668915303913e-01
6.0372551069620095e-01 3.1478415483166922e-01 3.7495646938303306e-01
6.0372551069620095e-01 4.1971220644222562e-01 4.2549853983884167e-01
6.0372551069620095e-01 5.2464025805278203e-01 4.8724832602914903e-01
6.0372551069620095e-01 6.2956830966333843e-01 5.5820982358736293e-01
6.0372551069620095e-01 7.3449636127389484e-01 6.3642560206905519e-01
6.0372551069620095e-01 8.3942441288445102e-01 7.2010086982747423e-01
6.0372551069620095e-01 9.4435246449500743e-01 8.0766178691281676e-01
6.0372551069620095e-01 1.0492805161055638e+00 8.9776009271400392e-01
6.0372551069620095e-01 1.1542085677161202e+00 9.8924668379762726e-01
6.0480527287820984e-01 -1.2495527911839874e+00 1.0733315630552889e+00
6.0715435078010083e-01 1.2800123714516918e+00 1.1007518909283327e+00
6.1001728879351347e-01 1.2672733156923028e+00 1.0907996029874629e+00
6.1185722539157861e-01 1.2504710420613536e+00 1.0769056144558522e+00
6.2874892966257268e-01 -1.2694734304834343e+00 1.1004986765240863e+00
6.2888900841684003e-01 -1.2825666380032807e+00 1.1118410575631457e+00
6.3044810283292307e-01 -1.2526584592958232e+00 1.0867229725643119e+00
6.3343648704165634e-01 1.2830451224122623e+00 1.1140982972373878e+00
6.3603236467464963e-01 1.2702450600696349e+00 1.1041391915478866e+00
6.3751983527397804e-01 1.2534093470865928e+00 1.0902536826157512e+00
6.5481075042233039e-01 -1.2720020798336094e+00 1.1136784817195640e+00
6.5522540410100061e-01 -1.2850854471517428e+00 1.1250055711134188e+00
6.5615734172875240e-01 -1.2551555238285206e+00 1.0999043074495947e+00
6.5978289230830889e-01 1.2854566750632819e+00 1.1272329401077386e+00
6.6211035721565970e-01 1.2726017297232743e+00 1.1172678591323368e+00
6.6324483759485942e-01 1.2557391639921633e+00 1.1033907334396087e+00
6.8092488118058736e-01 -1.2739165060468818e+00 1.1266482775837645e+00
6.8161374267779418e-01 -1.2869843654920363e+00 1.1379592417223012e+00
6.8191832118757423e-01 -1.2570456419623224e+00 1.1128763601988572e+00
6.8617867474352789e-01 1.2872487388719067e+00 1.1401570687240064e+00
6.8823652975034055e-01 1.2743450572892054e+00 1.1301872254516849e+00
6.8901758074831654e-01 1.2574624720912451e+00 1.1163188385333782e+00
6.9415046926607571e-01 -1.1542085677161202e+00 1.0323882882021931e+00
6.9415046926607571e-01 -1.0492805161055638e+00 9.4543786023628007e-01
6.9415046926607571e-01 -9.4435246449500743e-01 8.6021943351106578e-01
6.9415046926607571e-01 -8.3942441288445102e-01 7.7778417235939679e-01
6.9415046926607571e-01 -7.3449636127389473e-01 6.9932247821382609e-01
6.9415046926607571e-01 -6.2956830966333832e-01 6.2619355063582693e-01
6.9415046926607571e-01 -5.2464025805278192e-01 5.5993741843082123e-01
6.9415046926607571e-01 -4.1971220644222551e-01 5.0224309313409354e-01
6.9415046926607571e-01 -3.1478415483166911e-01 4.5485347774442764e-01
6.9415046926607571e-01 -2.0985610322111281e-01 4.1941174449571339e-01
6.9415046926607571e-01 -1.0492805161055641e-01 3.9728265191699286e-01
6.9415046926607571e-01 0.0000000000000000e+00 3.8939323088084998e-01
6.9415046926607571e-01 1.0492805161055641e-01 3.9612281141232347e-01
6.9415046926607571e-01 2.0985610322111281e-01 4.1725264833087833e-01
6.9415046926607571e-01 3.1478415483166922e-01 4.5198101465945228e-01
6.9415046926607571e-01 4.1971220644222562e-01 4.9901094278984004e-01
6.9415046926607571e-01 5.2464025805278203e-01 5.5670343416154144e-01
6.9415046926607571e-01 6.2956830966333843e-01 6.2326262132961097e-01
6.9415046926607571e-01 7.3449636127389484e-01 6.9690538118297540e-01
6.9415046926607571e-01 8.3942441288445102e-01 7.7597917060177002e-01
6.9415046926607571e-01 9.4435246449500743e-01 8.5901806610481002e-01
6.9415046926607571e-01 1.0492805161055638e+00 9.4474962950290953e-01
6.9415046926607571e-01 1.1542085677161202e+00 1.0320743714979341e+00
7.0707669569678477e-01 -1.2752186737013549e+00 1.1394090726747579e+00
7.0771656207052502e-01 -1.2583307881495394e+00 1.1256399430871618e+00
7.0803928330883636e-01 -1.2882653689941559e+00 1.1507032868099176e+00
7.1260913264200265e-01 1.2884233437188075e+00 1.1528720017547307e+00
7.1439636037098941e-01 1.2754763075147022e+00 1.1428983018482985e+00
7.1482364059967185e-01 1.2585811009335817e+00 1.1290396925933581e+00
7.3325176179259355e-01 -1.2759108575980351e+00 1.1519619239810743e+00
7.3353777946371690e-01 -1.2590132441744737e+00 1.1381958994620560e+00
7.3448747954049987e-01 -1.2889307461037944e+00 1.1632389937539052e+00
7.3905975942836877e-01 1.2889828299592010e+00 1.1653791142155121e+00
7.4057544371262884e-01 1.2759976277645562e+00 1.1554025645591641e+00
7.4064876438223537e-01 1.2590974955118415e+00 1.1415551869677298e+00
7.5936788724693405e-01 -1.2590955892229145e+00 1.1505451173429071e+00
7.5943584597514657e-01 -1.2759956328328355e+00 1.1643079416753150e+00
7.6094398396967733e-01 -1.2889830878057242e+00 1.1755677148872159e+00
7.6551624823993714e-01 1.2889298384949071e+00 1.1776798259198320e+00
7.6647890568694765e-01 1.2590143187408687e+00 1.1538670424009365e+00
7.6675956401215251e-01 1.2759120777048318e+00 1.1677019532015711e+00
7.8457542783595047e-01 -1.1542085677161202e+00 1.0788522997042729e+00
7.8457542783595047e-01 -1.0492805161055638e+00 9.9592945671131439e-01
7.8457542783595047e-01 -9.4435246449500743e-01 9.1498294112314937e-01
7.8457542783595047e-01 -8.3942441288445102e-01 8.3702904697580471e-01
7.8457542783595047e-01 -7.3449636127389473e-01 7.6319818467470801e-01
7.8457542783595047e-01 -6.2956830966333832e-01 6.9475110402342288e-01
7.8457542783595047e-01 -5.2464025805278192e-01 6.3307761711406663e-01
7.8457542783595047e-01 -4.1971220644222551e-01 5.7965784790892183e-01
7.8457542783595047e-01 -3.1478415483166911e-01 5.3597645883924949e-01
7.8457542783595047e-01 -2.0985610322111281e-01 5.0340285429309328e-01
7.8457542783595047e-01 -1.0492805161055641e-01 4.8306762412828330e-01
7.8457542783595047e-01 0.0000000000000000e+00 4.7575889548354933e-01
7.8457542783595047e-01 1.0492805161055641e-01 4.8184072245499493e-01
7.8457542783595047e-01 2.0985610322111281e-01 5.0119143535418920e-01
7.8457542783595047e-01 3.1478415483166922e-01 5.3318086565176048e-01
7.8457542783595047e-01 4.1971220644222562e-01 5.7671724657578083e-01
7.8457542783595047e-01 5.2464025805278203e-01 6.3037069228104126e-01
7.8457542783595047e-01 6.2956830966333843e-01 6.9254009285028251e-01
7.8457542783595047e-01 7.3449636127389484e-01 7.6161128915081189e-01
7.8457542783595047e-01 8.3942441288445102e-01 8.3606798351240508e-01
7.8457542783595047e-01 9.4435246449500743e-01 9.1454567727340241e-01
7.8457542783595047e-01 1.0492805161055638e+00 9.9584145000324042e-01
7.8457542783595047e-01 1.1542085677161202e+00 1.0789000271870990e+00
7.8519300225086841e-01 -1.2585806899768972e+00 1.1626885443264239e+00
7.8561491764884872e-01 -1.2754758648928795e+00 1.1764482956532150e+00
7.8739465249788443e-01 -1.2884252777107179e+00 1.1876908652539691e+00
7.9196449609907060e-01 1.2882673008730501e+00 1.1897755940541170e+00
7.9230022243773379e-01 1.2583345190612152e+00 1.1659768344421639e+00
7.9293473176594031e-01 1.2752226070164818e+00 1.1797980183572843e+00
8.1099944800899493e-01 -1.2574716907500536e+00 1.1746272056939380e+00
8.1177515292185387e-01 -1.2743546997924278e+00 1.1883842366533499e+00
8.1382554817980701e-01 -1.2872604821813498e+00 1.1996099525416748e+00
8.1809908056306835e-01 1.2570613205702892e+00 1.1778859722806083e+00
8.1839060768139449e-01 1.2869984294266645e+00 1.2016679409968392e+00
8.1908716553053695e-01 1.2739324439322730e+00 1.1916922483089274e+00
8.3677375811073873e-01 -1.2557720036785394e+00 1.1863622082693615e+00
8.3790293801382454e-01 -1.2726355542634189e+00 1.2001170481779355e+00
8.4022294467287251e-01 -1.2854921405116677e+00 1.2113264551866156e+00
8.4386205726988461e-01 1.2551982132120481e+00 1.1895956776196097e+00
8.4478089868655948e-01 1.2851267074721264e+00 1.2133583407171089e+00
8.4520329525113103e-01 1.2720450854248659e+00 1.2033860059644745e+00
8.6250245145020477e-01 -1.2534830415236309e+00 1.1978929036728805e+00
8.6398454284431481e-01 -1.2703188401935410e+00 1.2116454236208285e+00
8.6657332929502717e-01 -1.2831239551753570e+00 1.2228419431371480e+00
8.6957594392709048e-01 1.2527489430397671e+00 1.2011070007174394e+00
8.7112173437878671e-01 1.2826543228817726e+00 1.2248470433586600e+00
8.7126976519961330e-01 1.2695642874670106e+00 1.2148805832836309e+00
8.7500038640582523e-01 -1.1542085677161202e+00 1.1286503228790707e+00
8.7500038640582523e-01 -1.0492805161055638e+00 1.0498046599345541e+00
8.7500038640582523e-01 -9.4435246449500743e-01 9.7315019365715039e-01
8.7500038640582523e-01 -8.3942441288445102e-01 8.9966940849898125e-01
8.7500038640582523e-01 -7.3449636127389473e-01 8.3043324079606751e-01
8.7500038640582523e-01 -6.2956830966333832e-01 7.6660432896383801e-01
8.7500038640582523e-01 -5.2464025805278192e-01 7.0942345127252060e-01
8.7500038640582523e-01 -4.1971220644222551e-01 6.6016595334486106e-01
8.7500038640582523e-01 -3.1478415483166911e-01 6.2006811857464617e-01
8.7500038640582523e-01 -2.0985610322111281e-01 5.9024271138603490e-01
8.7500038640582523e-01 -1.0492805161055641e-01 5.7160763793892477e-01
8.7500038640582523e-01 0.0000000000000000e+00 5.6483014823981181e-01
8.7500038640582523e-01 1.0492805161055641e-01 5.7026573056779151e-01
8.7500038640582523e-01 2.0985610322111281e-01 5.8788352807097577e-01
8.7500038640582523e-01 3.1478415483166922e-01 6.1721090555827540e-01
8.7500038640582523e-01 4.1971220644222562e-01 6.5734643429688555e-01
8.7500038640582523e-01 5.2464025805278203e-01 7.0705751759455282e-01
8.7500038640582523e-01 6.2956830966333843e-01 7.6492931016918786e-01
8.7500038640582523e-01 7.3449636127389484e-01 8.2951024405697660e-01
8.7500038640582523e-01 8.3942441288445102e-01 8.9941504108113213e-01
8.7500038640582523e-01 9.4435246449500743e-01 9.7337618231003842e-01
8.7500038640582523e-01 1.0492805161055638e+00 1.0502564777463617e+00
8.7500038640582523e-01 1.1542085677161202e+00 1.1290415581235536e+00
8.8817230647753997e-01 -1.2506085454032767e+00 1.2092204471621311e+00
8.9000675268429785e-01 -1.2674101217597622e+00 1.2229721503721518e+00
8.9286312051522299e-01 -1.2801575958294085e+00 1.2341561547574609e+00
8.9522774856646570e-01 1.2497175025660585e+00 1.2124208328185044e+00
8.9727343652995672e-01 1.2664940553780237e+00 1.2261771845834557e+00
8.9739948385944879e-01 1.2795832208927322e+00 1.2361338892358247e+00
9.1377061441979679e-01 -1.2471546059430756e+00 1.2203478585529985e+00
9.1595665002760451e-01 -1.2639147004302140e+00 1.2340996946550913e+00
9.1907892707034322e-01 -1.2765962612567732e+00 1.2452699071394986e+00
9.2080405605925997e-01 1.2461039407018140e+00 1.2235344780119102e+00
9.2320062562445404e-01 1.2628336600191392e+00 1.2372728307502492e+00
9.2360132924978400e-01 1.2759207512705644e+00 1.2472229665097285e+00
9.3928473984820526e-01 -1.2431256319289077e+00 1.2312767120161796e+00
9.4182145290771635e-01 -1.2598370014853659e+00 1.2450297055294353e+00
9.4520813771078027e-01 -1.2724471934470456e+00 1.2561872367946842e+00
9.4629246489761887e-01 1.2419152724438240e+00 1.2344506930532262e+00
9.4903897334007259e-01 1.2585915204129561e+00 1.2481718606240402e+00
9.4971442163631148e-01 1.2716714076511526e+00 1.2581158885694610e+00
9.6470226975123663e-01 -1.2385262538780482e+00 1.2420086998727295e+00
9.6542534497569987e-01 -1.1542085677161202e+00 1.1812047179738385e+00
9.6542534497569987e-01 -1.0492805161055638e+00 1.1064254175248940e+00
9.6542534497569987e-01 -9.4435246449500743e-01 1.0340207997941342e+00
9.6542534497569987e-01 -8.3942441288445102e-01 9.6493823268379841e-01
9.6542534497569987e-01 -7.3449636127389473e-01 9.0018793305357114e-01
9.6542534497569987e-01 -6.2956830966333832e-01 8.4083437907399572e-01
9.6542534497569987e-01 -5.2464025805278192e-01 7.8797243175339959e-01
9.6542534497569987e-01 -4.1971220644222551e-01 7.4268190093617581e-01
9.6542534497569987e-01 -3.1478415483166911e-01 7.0596892816841383e-01
9.6542534497569987e-01 -2.0985610322111281e-01 6.7871656661334678e-01
9.6542534497569987e-01 -1.0492805161055641e-01 6.6165913630174134e-01
9.6542534497569987e-01 0.0000000000000000e+00 6.5536321372105844e-01
9.6542534497569987e-01 1.0492805161055641e-01 6.6017884439368713e-01
9.6542534497569987e-01 2.0985610322111281e-01 6.7615293075720495e-01
9.6542534497569987e-01 3.1478415483166922e-01 7.0294935080853127e-01
9.6542534497569987e-01 4.1971220644222562e-01 7.3983651126203998e-01
9.6542534497569987e-01 5.2464025805278203e-01 7.8576323506555401e-01
9.6542534497569987e-01 6.2956830966333843e-01 8.3948988130578683e-01
9.6542534497569987e-01 7.3449636127389484e-01 8.9972003584325233e-01
9.6542534497569987e-01 8.3942441288445102e-01 9.6519469830958671e-01
9.6542534497569987e-01 9.4435246449500743e-01 1.0347407404319733e+00
9.6542534497569987e-01 1.0492805161055638e+00 1.1072856815342580e+00
9.6542534497569987e-01 1.1542085677161202e+00 1.1818557806460468e+00
9.6758855854223114e-01 -1.2551814483353594e+00 1.2557636937374739e+00
9.7123808370692477e-01 -1.2677150760064066e+00 1.2669098585428444e+00
9.7168075870792836e-01 1.2371573385508519e+00 1.2451710542423646e+00
9.7477604108643101e-01 1.2537729093065995e+00 1.2588758100136821e+00
9.7572613563236321e-01 1.2668399085955551e+00 1.2688142465056198e+00
9.9000984872535303e-01 -1.2333559400011314e+00 1.2525411069124621e+00
9.9324424030300584e-01 -1.2499465692316343e+00 1.2662981083449667e+00
9.9695679761111744e-01 1.2318350484316651e+00 1.2556962018385569e+00
9.9715597974534664e-01 -1.2624032366330142e+00 1.2774381932651999e+00
1.0003995436058171e+00 1.2483827607479301e+00 1.2693857646501256e+00
1.0016226668377011e+00 1.2614248616453725e+00 1.2793143749946747e+00
1.0151960142237437e+00 -1.2276234692575381e+00 1.2628789439180372e+00
1.0187773843091783e+00 -1.2441435784266430e+00 1.2766399251051725e+00
1.0221074471976335e+00 1.2259485695600623e+00 1.2660226687809299e+00
1.0229484633413848e+00 -1.2565125359321525e+00 1.2877704529596057e+00
1.0258958995239185e+00 1.2424200453620891e+00 1.2796976670331075e+00
1.0273926502174147e+00 1.2554366025591877e+00 1.2896221623222219e+00
1.0402492306351143e+00 -1.2213353287044590e+00 1.2730252818905379e+00
1.0441760757630558e+00 -1.2377777727518153e+00 1.2867911154148790e+00
1.0471212827075524e+00 1.2195055492085065e+00 1.2761531606034338e+00
1.0486045514450986e+00 -1.2500537112007357e+00 1.2979130475581846e+00
1.0512540605144038e+00 1.2358946958646879e+00 1.2898165167983768e+00
1.0530242487488173e+00 1.2488812155117499e+00 1.2997399212679186e+00
1.0558503035455746e+00 -1.1542085677161202e+00 1.2359939175001331e+00
1.0558503035455746e+00 -1.0492805161055638e+00 1.1652223378328124e+00
1.0558503035455746e+00 -9.4435246449500743e-01 1.0969750225440471e+00
1.0558503035455746e+00 -8.3942441288445102e-01 1.0321612521896553e+00
1.0558503035455746e+00 -7.3449636127389473e-01 9.7172854341569204e-01
1.0558503035455746e+00 -6.2956830966333832e-01 9.1664386626487659e-01
1.0558503035455746e+00 -5.2464025805278192e-01 8.6786198452351515e-01
1.0558503035455746e+00 -4.1971220644222551e-01 8.2628150644523246e-01
1.0558503035455746e+00 -3.1478415483166911e-01 7.9270365289918399e-01
1.0558503035455746e+00 -2.0985610322111281e-01 7.6781553920011936e-01
1.0558503035455746e+00 -1.0492805161055641e-01 7.5220081976440845e-01
1.0558503035455746e+00 0.0000000000000000e+00 7.4634483862234080e-01
1.0558503035455746e+00 1.0492805161055641e-01 7.5059107843818085e-01
1.0558503035455746e+00 2.0985610322111281e-01 7.6504595662033004e-01
1.0558503035455746e+00 3.1478415483166922e-01 7.8948447203730643e-01
1.0558503035455746e+00 4.1971220644222562e-01 8.2332109575317691e-01
1.0558503035455746e+00 5.2464025805278203e-01 8.6566763402573954e-01
1.0558503035455746e+00 6.2956830966333843e-01 9.1544652302842222e-01
1.0558503035455746e+00 7.3449636127389484e-01 9.7150770278829324e-01
1.0558503035455746e+00 8.3942441288445102e-01 1.0327133860952626e+00
1.0558503035455746e+00 9.4435246449500743e-01 1.0979831267053031e+00
1.0558503035455746e+00 1.0492805161055638e+00 1.1663101055188552e+00
1.0558503035455746e+00 1.1542085677161202e+00 1.2367636667856514e+00
1.0651572077638372e+00 -1.2144943727220856e+00 1.2829800167618708e+00
1.0694273477845975e+00 -1.2308501831429348e+00 1.2967498130791804e+00
1.0719873015745141e+00 1.2125137082892081e+00 1.2860904705375849e+00
1.0741124502298480e+00 -1.2430322915766965e+00 1.3078677270579697e+00
1.0764626523682050e+00 1.2288134389293233e+00 1.2997445696974506e+00
1.0785044759796802e+00 1.2417600285889665e+00 1.3096657446300126e+00
1.0899074857267175e+00 -1.2071032213058552e+00 1.2927427030592924e+00
1.0945195561642198e+00 -1.2233669869494688e+00 1.3065184284816054e+00
1.0966930422074790e+00 1.2049749752366807e+00 1.2958325025510231e+00
1.0994581297354826e+00 -1.2354461113863604e+00 1.3176295852161484e+00
1.1015086127464475e+00 1.2211767995973677e+00 1.3094787693957195e+00
1.1038214264960653e+00 1.2340786045502541e+00 1.3194011042792642e+00
1.1144903250331082e+00 -1.1991729692349486e+00 1.3023201082761680e+00
1.1194423827441142e+00 -1.2153376509863554e+00 1.3161021419036498e+00
1.1212267792618873e+00 1.1968940711062908e+00 1.3053795369449219e+00
1.1246319554949666e+00 -1.2273079019387751e+00 1.3272063462161943e+00
1.1263808881283723e+00 1.2129922316602435e+00 1.3190218822170916e+00
1.1289648634404630e+00 1.2258469487174324e+00 1.3289512082855501e+00
1.1388935778811444e+00 -1.1907061182407264e+00 1.3117114706091821e+00
1.1441827995064511e+00 -1.2067626665320148e+00 1.3254981477157886e+00
1.1455790160425157e+00 1.1882816318433143e+00 1.3147370517743284e+00
1.1462752621154495e+00 -1.1542085677161202e+00 1.2925554133050730e+00
1.1462752621154495e+00 -1.0492805161055638e+00 1.2256940068652087e+00
1.1462752621154495e+00 -9.4435246449500743e-01 1.1614698667635261e+00
1.1462752621154495e+00 -8.3942441288445102e-01 1.1007507105451122e+00
1.1462752621154495e+00 -7.3449636127389473e-01 1.0444199011055804e+00
1.1462752621154495e+00 -6.2956830966333832e-01 9.9334924804788094e-01
1.1462752621154495e+00 -5.2464025805278192e-01 9.4836226549788272e-01
1.1462752621154495e+00 -4.1971220644222551e-01 9.1019501798473534e-01
1.1462752621154495e+00 -3.1478415483166911e-01 8.7947380359983174e-01
1.1462752621154495e+00 -2.0985610322111281e-01 8.5672691058272887e-01
1.1462752621154495e+00 -1.0492805161055641e-01 8.4242038253118501e-01
1.1462752621154495e+00 0.0000000000000000e+00 8.3697485900933732e-01
1.1462752621154495e+00 1.0492805161055641e-01 8.4072225100183506e-01
1.1462752621154495e+00 2.0985610322111281e-01 8.5380735703620503e-01
1.1462752621154495e+00 3.1478415483166922e-01 8.7608941240995075e-01
1.1462752621154495e+00 4.1971220644222562e-01 9.0710430451816104e-01
1.1462752621154495e+00 5.2464025805278203e-01 9.4610731110090907e-01
1.1462752621154495e+00 6.2956830966333843e-01 9.9216832744036387e-01
1.1462752621154495e+00 7.3449636127389484e-01 1.0442732639651662e+00
1.1462752621154495e+00 8.3942441288445102e-01 1.1013993194432710e+00
1.1462752621154495e+00 9.4435246449500743e-01 1.1625566956578477e+00
1.1462752621154495e+00 1.0492805161055638e+00 1.2268058867785214e+00
1.1462752621154495e+00 1.1542085677161202e+00 1.2932633991994313e+00
1.1496227575967435e+00 -1.2186237961746629e+00 1.3365998132104850e+00
1.1510694751851809e+00 1.2042691631657088e+00 1.3283783825154427e+00
1.1539215941994450e+00 1.2170654212570293e+00 1.3383128563942699e+00
1.1631054299260251e+00 -1.1817065719303224e+00 1.3209170402267265e+00
1.1687302039440444e+00 -1.1976499042920072e+00 1.3347099258824162e+00
1.1697367573037198e+00 1.1791377812621369e+00 1.3239015231210225e+00
1.1744163743230238e+00 -1.2093917644399057e+00 1.3458045665402194e+00
1.1755605952925048e+00 1.1950061240977814e+00 1.3375433203836897e+00
1.1786810229534439e+00 1.2077421586264083e+00 1.3474893190306660e+00
1.1871172466529067e+00 -1.1721861324344673e+00 1.3299439096649197e+00
1.1930751975477745e+00 -1.1880093426193761e+00 1.3437427421910699e+00
1.1936901914918745e+00 1.1694714265405033e+00 1.3328771122189629e+00
1.1990049978395285e+00 -1.1996269096817775e+00 1.3548300614895925e+00
1.1998454640914329e+00 1.1852151705837066e+00 1.3465234377953579e+00
1.2032336273310797e+00 1.1978870143055209e+00 1.3564853861907737e+00
1.2109154562736444e+00 -1.1621436246608023e+00 1.3387874534386517e+00
1.2172030975494021e+00 -1.1778376288875025e+00 1.3525897223844809e+00
1.2174297819146156e+00 1.1592911150879304e+00 1.3416678330040979e+00
1.2233758430972907e+00 -1.1893305117179764e+00 1.3636732729349959e+00
1.2239131452379430e+00 1.1749017950605301e+00 1.3553197881418928e+00
1.2275646196860361e+00 1.1874967715934266e+00 1.3652941566020678e+00
1.2344918307861150e+00 -1.1515908863172553e+00 1.3474544485653250e+00
1.2367002206853241e+00 -1.0492805161055638e+00 1.2873987221112602e+00
1.2367002206853241e+00 -9.4435246449500743e-01 1.2270289224317423e+00
1.2367002206853241e+00 -8.3942441288445102e-01 1.1701943757360835e+00
1.2367002206853241e+00 -7.3449636127389473e-01 1.1177144577628422e+00
1.2367002206853241e+00 -6.2956830966333832e-01 1.0703703610925315e+00
1.2367002206853241e+00 -5.2464025805278192e-01 1.0288658596114733e+00
1.2367002206853241e+00 -4.1971220644222551e-01 9.9379600518011313e-01
1.2367002206853241e+00 -3.1478415483166911e-01 9.6564430493484599e-01
1.2367002206853241e+00 -2.0985610322111281e-01 9.4481724017621316e-01
1.2367002206853241e+00 -1.0492805161055641e-01 9.3169345456909469e-01
1.2367002206853241e+00 0.0000000000000000e+00 9.2664137836445093e-01
1.2367002206853241e+00 1.0492805161055641e-01 9.2997356920441709e-01
1.2367002206853241e+00 2.0985610322111281e-01 9.4185165008888794e-01
1.2367002206853241e+00 3.1478415483166922e-01 9.6219332675244429e-01
1.2367002206853241e+00 4.1971220644222562e-01 9.9063243803106249e-01
1.2367002206853241e+00 5.2464025805278203e-01 1.0265485039851550e+00
1.2367002206853241e+00 6.2956830966333843e-01 1.0691434608050749e+00
1.2367002206853241e+00 7.3449636127389484e-01 1.1175272626498214e+00
1.2367002206853241e+00 8.3942441288445102e-01 1.1707841317851790e+00
1.2367002206853241e+00 9.4435246449500743e-01 1.2280115012278610e+00
1.2367002206853241e+00 1.0492805161055638e+00 1.2883382093163516e+00
1.2409418606786129e+00 1.1485958402731302e+00 1.3502692040875024e+00
1.2411073408116331e+00 -1.1671509388398449e+00 1.3612613374222351e+00
1.2475182918829533e+00 -1.1785094549454622e+00 1.3723361349815564e+00
1.2477511631378031e+00 1.1640681694210786e+00 1.3639304002547628e+00
1.2516675755019819e+00 1.1765880190828681e+00 1.3739260587358320e+00
1.2578355239241621e+00 -1.1405329110393418e+00 1.3559453389086362e+00
1.2642202988058509e+00 1.1374011566781910e+00 1.3586916227164068e+00
1.2647750204826331e+00 -1.1559500448522937e+00 1.3697539606664932e+00
1.2713526427770805e+00 1.1527284326112823e+00 1.3723639653201158e+00
1.2714234659741854e+00 -1.1671738025061966e+00 1.3808231631745524e+00
1.2755290525705270e+00 1.1651606796613121e+00 1.3823766556122667e+00
1.2809352707052113e+00 -1.1289740181125218e+00 1.3642596320043252e+00
1.2872510779985264e+00 1.1257054164171418e+00 1.3669299503932910e+00
1.2881967542312012e+00 -1.1442436044352513e+00 1.3780709205642283e+00
1.2947024793388135e+00 1.1408791784213075e+00 1.3806132708216829e+00
1.2950775646805954e+00 -1.1553231579037999e+00 1.3891292556510342e+00
1.2991402478970424e+00 1.1532248145938453e+00 1.3906503541430284e+00
1.3037837304736648e+00 -1.1169259827197944e+00 1.3724035005699786e+00
1.3100276402825726e+00 1.1135220387733364e+00 1.3749927272090645e+00
1.3113629266861515e+00 -1.1320391886124950e+00 1.3862143512438501e+00
1.3177957401959282e+00 1.1285373637411753e+00 1.3886895476600425e+00
1.3184751307265556e+00 -1.1429737177962664e+00 1.3972643549805650e+00
1.3224907376272179e+00 1.1407866090846326e+00 1.3987480321749759e+00
1.3263672382407412e+00 -1.1043883474155418e+00 1.3803713931719235e+00
1.3271251792551988e+00 -1.0492805161055638e+00 1.3499437751837029e+00
1.3271251792551988e+00 -9.4435246449500743e-01 1.2932312324736766e+00
1.3271251792551988e+00 -8.3942441288445102e-01 1.2400448581188868e+00
1.3271251792551988e+00 -7.3449636127389473e-01 1.1911423663869907e+00
1.3271251792551988e+00 -6.2956830966333832e-01 1.1472208354076492e+00
1.3271251792551988e+00 -5.2464025805278192e-01 1.1088774377440997e+00
1.3271251792551988e+00 -4.1971220644222551e-01 1.0765887916829038e+00
1.3271251792551988e+00 -3.1478415483166911e-01 1.0507273118065041e+00
1.3271251792551988e+00 -2.0985610322111281e-01 1.0316118019669058e+00
1.3271251792551988e+00 -1.0492805161055641e-01 1.0195589467489248e+00
1.3271251792551988e+00 0.0000000000000000e+00 1.0148932893534939e+00
1.3271251792551988e+00 1.0492805161055641e-01 1.0178989788582267e+00
1.3271251792551988e+00 2.0985610322111281e-01 1.0287346582940970e+00
1.3271251792551988e+00 3.1478415483166922e-01 1.0473538457179037e+00
1.3271251792551988e+00 4.1971220644222562e-01 1.0734675645821756e+00
1.3271251792551988e+00 5.2464025805278203e-01 1.1065617459851032e+00
1.3271251792551988e+00 6.2956830966333843e-01 1.1459549270017244e+00
1.3271251792551988e+00 7.3449636127389484e-01 1.1908679981884684e+00
1.3271251792551988e+00 8.3942441288445102e-01 1.2404823419701236e+00
1.3271251792551988e+00 9.4435246449500743e-01 1.2939771240032587e+00
1.3271251792551988e+00 1.0492805161055638e+00 1.3505488374266827e+00
1.3325378958897258e+00 1.1008533555634235e+00 1.3828782078805899e+00
1.3342619762432970e+00 -1.1193406675525142e+00 1.3941826546722169e+00
1.3406183386416717e+00 1.1157019211626658e+00 1.3965873439798031e+00
1.3416005313160018e+00 -1.1301218378332420e+00 1.4052197775614372e+00
1.3455697447444053e+00 1.1278516450586031e+00 1.4066697238922043e+00
1.3486811867951973e+00 -1.0913769908498907e+00 1.3881729063384665e+00
1.3547739950978868e+00 1.0877094366728255e+00 1.3905916936146208e+00
1.3568868046566289e+00 -1.1061597435457038e+00 1.4019814445564212e+00
1.3631642393718510e+00 1.1023864580789948e+00 1.4043147234926208e+00
1.3644498808259158e+00 -1.1167853495778606e+00 1.4130068909152420e+00
1.3683691460266192e+00 1.1144299507615887e+00 1.4144195735267404e+00
1.3707104261765160e+00 -1.0778892059851277e+00 1.3957996099882086e+00
1.3767253945710829e+00 1.0740953503275172e+00 1.3981335910992296e+00
1.3792245885003460e+00 -1.0924980155106494e+00 1.4096064003441338e+00
1.3854207176397688e+00 1.0885926599524987e+00 1.4118683098343987e+00
1.3870079714084311e+00 -1.1029619072001469e+00 1.4206176446994374e+00
1.3908771400285034e+00 1.1005251135416598e+00 1.4219953729368977e+00
1.3924520438507275e+00 -1.0639425223548107e+00 1.4032623461847380e+00
1.3983840256958386e+00 1.0600201684750088e+00 1.4055078862137749e+00
1.4012697062249948e+00 -1.0783688753332168e+00 1.4170644194463586e+00
1.4073817111626086e+00 1.0743331263396485e+00 1.4192549898490239e+00
1.4092709585981094e+00 -1.0886680482170141e+00 1.4280620883193758e+00
1.4130868334374755e+00 1.0861485953979610e+00 1.4294023809910636e+00
1.4138905706819289e+00 -1.0495342772366547e+00 1.4105519632825352e+00
1.4175501378250737e+00 -9.4435246449500743e-01 1.3597025901843893e+00
1.4175501378250737e+00 -8.3942441288445102e-01 1.3099120340691814e+00
1.4175501378250737e+00 -7.3449636127389473e-01 1.2643045687726242e+00
1.4175501378250737e+00 -6.2956830966333832e-01 1.2235006665900758e+00
1.4175501378250737e+00 -5.2464025805278192e-01 1.1880042617391895e+00
1.4175501378250737e+00 -4.1971220644222551e-01 1.1581954132529551e+00
1.4175501378250737e+00 -3.1478415483166911e-01 1.1343646637174909e+00
1.4175501378250737e+00 -2.0985610322111281e-01 1.1167725127263557e+00
1.4175501378250737e+00 -1.0492805161055641e-01 1.1056935154946310e+00
1.4175501378250737e+00 0.0000000000000000e+00 1.1014130621136835e+00
1.4175501378250737e+00 1.0492805161055641e-01 1.1041780772965859e+00
1.4175501378250737e+00 2.0985610322111281e-01 1.1141277708457247e+00
1.4175501378250737e+00 3.1478415483166922e-01 1.1312331456489551e+00
1.4175501378250737e+00 4.1971220644222562e-01 1.1552652369844785e+00
1.4175501378250737e+00 5.2464025805278203e-01 1.1858007562983177e+00
1.4175501378250737e+00 6.2956830966333843e-01 1.2222601742875630e+00
1.4175501378250737e+00 7.3449636127389484e-01 1.2639616738244335e+00
1.4175501378250737e+00 8.3942441288445102e-01 1.3101722981707267e+00
1.4175501378250737e+00 9.4435246449500743e-01 1.3601451140526695e+00
1.4197397034964065e+00 1.0454894252637017e+00 1.4127148472936537e+00
1.4230092402511119e+00 -1.0637739333216696e+00 1.4243506193817981e+00
1.4290346669618970e+00 1.0596100347439978e+00 1.4264712607748640e+00
1.4312237548978757e+00 -1.0739022092578745e+00 1.4353323515359242e+00
1.4349865967640283e+00 1.0713042382787226e+00 1.4366382057826730e+00
1.4350235114267376e+00 -1.0346814414588739e+00 1.4176785166509940e+00
1.4407854443998969e+00 1.0305133024439419e+00 1.4197590128718405e+00
1.4444377672193580e+00 -1.0487260724688297e+00 1.4314711106403450e+00
1.4503748020535998e+00 1.0444370745881142e+00 1.4335247642099218e+00
1.4528638395367355e+00 -1.0586817494820480e+00 1.4424391958738441e+00
1.4558364660457872e+00 -1.0193834411675511e+00 1.4246342674758599e+00
1.4565694612972913e+00 1.0560027738074977e+00 1.4437071418084393e+00
1.4615100151763976e+00 1.0150957822539213e+00 1.4266383375123191e+00
1.4655436649805951e+00 -1.0332289475632528e+00 1.4384225567939299e+00
1.4713883269858512e+00 1.0288149074477160e+00 1.4404097651107739e+00
1.4741748600493081e+00 -1.0430038609377232e+00 1.4493729547309548e+00
1.4763258694507368e+00 -1.0036547367977364e+00 1.4314265982967200e+00
1.4778253842687543e+00 1.0402502963303055e+00 1.4506086077157914e+00
1.4819090234933079e+00 9.9925000591165181e-01 1.4333597540872434e+00
1.4863202206648474e+00 -1.0172929922783356e+00 1.4452083397299862e+00
1.4920729493547831e+00 1.0127597780193469e+00 1.4471361542588908e+00
1.4951556120271059e+00 -1.0268866814357740e+00 1.4561450693006210e+00
1.4964799723761033e+00 -9.8749862503614594e-01 1.4380512796796387e+00
1.4987458106583438e+00 1.0240549026981463e+00 1.4573439341438390e+00
1.5019685920343706e+00 9.8297665168655246e-01 1.4399168745079056e+00
1.5067586899701912e+00 -1.0009256759259051e+00 1.4518287110269024e+00
1.5079750963949485e+00 -9.4435246449500743e-01 1.4261105418176165e+00
1.5079750963949485e+00 -8.3942441288445102e-01 1.3794591943050047e+00
1.5079750963949485e+00 -7.3449636127389473e-01 1.3368687824477024e+00
1.5079750963949485e+00 -6.2956830966333832e-01 1.2988904255593814e+00
1.5079750963949485e+00 -5.2464025805278192e-01 1.2659470773273132e+00
1.5079750963949485e+00 -4.1971220644222551e-01 1.2383421248740107e+00
1.5079750963949485e+00 -3.1478415483166911e-01 1.2163096933358295e+00
1.5079750963949485e+00 -2.0985610322111281e-01 1.2000756884755357e+00
1.5079750963949485e+00 -1.0492805161055641e-01 1.1898868004324776e+00
1.5079750963949485e+00 0.0000000000000000e+00 1.1859913935820259e+00
1.5079750963949485e+00 1.0492805161055641e-01 1.1885918513686089e+00
1.5079750963949485e+00 2.0985610322111281e-01 1.1977957749405659e+00
1.5079750963949485e+00 3.1478415483166922e-01 1.2135781387713762e+00
1.5079750963949485e+00 4.1971220644222562e-01 1.2357567239788678e+00
1.5079750963949485e+00 5.2464025805278203e-01 1.2639860512279510e+00
1.5079750963949485e+00 6.2956830966333843e-01 1.2977753457379313e+00
1.5079750963949485e+00 7.3449636127389484e-01 1.3365267219841834e+00
1.5079750963949485e+00 8.3942441288445102e-01 1.3795803834913842e+00
1.5079750963949485e+00 9.4435246449500743e-01 1.4262535259253146e+00
1.5124129365390711e+00 9.9627021195468479e-01 1.4536951594669043e+00
1.5157913843348116e+00 -1.0103301013581811e+00 1.4627481414621279e+00
1.5162924725586184e+00 -9.7092537441776472e-01 1.4445112644657643e+00
1.5193238883946112e+00 1.0074266728821941e+00 1.4639162813977111e+00
1.5216872075198706e+00 9.6629179179777036e-01 1.4463191096739472e+00
1.5268494031869198e+00 -9.8413331274834881e-01 1.4582825130455790e+00
1.5324071109116686e+00 9.7936301462205144e-01 1.4600968955575313e+00
1.5357560169405307e+00 -9.5394366005890485e-01 1.4508078558791038e+00
1.5360785076437848e+00 -9.9334811620063390e-01 1.4691892222242928e+00
1.5395477892743947e+00 9.9036943623804474e-01 1.4703220907314969e+00
1.5410507669714966e+00 9.4919614968409971e-01 1.4525591167599505e+00
1.5465882394495549e+00 -9.6692868270162446e-01 1.4645755252834460e+00
1.5520428352588647e+00 9.6204081013224796e-01 1.4663361579265732e+00
1.5548597485911868e+00 -9.3655815690334798e-01 1.4569379114064136e+00
1.5560065488627812e+00 -9.7594614622129772e-01 1.4754663512876696e+00
1.5594150355055556e+00 9.7289807107406812e-01 1.4765694288206312e+00
1.5600563438825898e+00 9.3170340748085967e-01 1.4586432119963706e+00
1.5659607552933095e+00 -9.4931259040722049e-01 1.4707003469966344e+00
1.5713144084464532e+00 9.4431436881148401e-01 1.4724161801321050e+00
1.5736014488911259e+00 -9.1878296697959161e-01 1.4629088205183916e+00
1.5755673435817279e+00 -9.5813236833501825e-01 1.4815801366850800e+00
1.5786949383231592e+00 9.1382014158297376e-01 1.4645696601447762e+00
1.5789104326015213e+00 9.5501272363948431e-01 1.4826501583798650e+00
1.5849663867088177e+00 -9.3130130110307052e-01 1.4766666371308841e+00
1.5902154602906442e+00 9.2619335399793279e-01 1.4783389019832938e+00
1.5919671917027167e+00 -9.0061958881698267e-01 1.4687137744706005e+00
1.5947566970297000e+00 -9.3991904830931083e-01 1.4875358777589947e+00
1.5969573141230593e+00 8.9555284827375103e-01 1.4703362020948114e+00
1.5980328839888385e+00 9.3672919842163449e-01 1.4885732737493864e+00
1.5984000549648232e+00 -8.3942441288445102e-01 1.4484020291585913e+00
1.5984000549648232e+00 -7.3449636127389473e-01 1.4085670759299431e+00
1.5984000549648232e+00 -6.2956830966333832e-01 1.3731458293560181e+00
1.5984000549648232e+00 -5.2464025805278192e-01 1.3424905799412867e+00
1.5984000549648232e+00 -4.1971220644222551e-01 1.3168453251705090e+00
1.5984000549648232e+00 -3.1478415483166911e-01 1.2964089095599105e+00
1.5984000549648232e+00 -2.0985610322111281e-01 1.2813905625845172e+00
1.5984000549648232e+00 -1.0492805161055641e-01 1.2720184415287743e+00
1.5984000549648232e+00 0.0000000000000000e+00 1.2685044943198971e+00
1.5984000549648232e+00 1.0492805161055641e-01 1.2710016174632637e+00
1.5984000549648232e+00 2.0985610322111281e-01 1.2795782110505416e+00
1.5984000549648232e+00 3.1478415483166922e-01 1.2942044051640980e+00
1.5984000549648232e+00 4.1971220644222562e-01 1.3147352035093036e+00
1.5984000549648232e+00 5.2464025805278203e-01 1.3408927449737624e+00
1.5984000549648232e+00 6.2956830966333843e-01 1.3722638603989223e+00
1.5984000549648232e+00 7.3449636127389484e-01 1.4083223750040084e+00
1.5984000549648232e+00 8.3942441288445102e-01 1.4484690314984636e+00
1.6035928162142921e+00 -9.1289812444509899e-01 1.4824695335492124e+00
1.6087338016958310e+00 9.0768141069843922e-01 1.4840990566279362e+00
1.6099551190770640e+00 -8.8208198879068023e-01 1.4743602642003883e+00
1.6135599981931681e+00 -9.2130743143620086e-01 1.4933261093413055e+00
1.6148410929821855e+00 8.7691473429537725e-01 1.4759481848246261e+00
1.6167718993906242e+00 9.1805287294340465e-01 1.4943359448992053e+00
1.6218345457626508e+00 -8.9411356221757032e-01 1.4881122689597344e+00
1.6268684079958136e+00 8.8879340276072505e-01 1.4897041479127269e+00
1.6275573507647330e+00 -8.6317774858139096e-01 1.4798485371581609e+00
1.6319772723250530e+00 -9.0231375743262532e-01 1.4989604209153811e+00
1.6323330787670289e+00 8.5790843461139021e-01 1.4813982956303917e+00
1.6351192832400230e+00 8.9899167644416866e-01 1.4999380534468816e+00
1.6396872139814691e+00 -8.7495882720467011e-01 1.4935990754425006e+00
1.6446073413829938e+00 8.6953330622313540e-01 1.4951488224513849e+00
1.6447633879672596e+00 -8.4391220637369402e-01 1.4851759658784149e+00
1.6494311935331931e+00 8.3854706203271290e-01 1.4866916013468243e+00
1.6499974683120380e+00 -8.8294293928269441e-01 1.5044353075733832e+00
1.6530722182407118e+00 8.7955849602371405e-01 1.5053852089488404e+00
1.6571364777331503e+00 -8.5543589406069687e-01 1.4989228898922837e+00
1.6615722327680373e+00 -8.2429916634024802e-01 1.4903503032253285e+00
1.6619455868545852e+00 8.4991173912825835e-01 1.5004353862782036e+00
1.6661296385855018e+00 8.1883992291140584e-01 1.4918286977992792e+00
1.6676133470603869e+00 -8.6320372363609166e-01 1.5097513911894025e+00
1.6706170459981311e+00 8.5975608336759379e-01 1.5106706977021487e+00
1.6741831476430891e+00 -8.3556048944579620e-01 1.5040933376499641e+00
1.6779733499981946e+00 -8.0434390611349460e-01 1.4953686433181033e+00
1.6788794060854666e+00 8.2994007341095355e-01 1.5055672227127246e+00
1.6824156805401762e+00 7.9879062658696509e-01 1.4968027632984298e+00
1.6848221355954185e+00 -8.4310859966515972e-01 1.5149139872895216e+00
1.6877523451064700e+00 8.3959827600711778e-01 1.5158011742687285e+00
1.6888250135346978e+00 -7.3449636127389473e-01 1.4791934577910775e+00
1.6888250135346978e+00 -6.2956830966333832e-01 1.4460915108512398e+00
1.6888250135346978e+00 -5.2464025805278192e-01 1.4174929548202342e+00
1.6888250135346978e+00 -4.1971220644222551e-01 1.3935970411601541e+00
1.6888250135346978e+00 -3.1478415483166911e-01 1.3745841369257186e+00
1.6888250135346978e+00 -2.0985610322111281e-01 1.3606593006214149e+00
1.6888250135346978e+00 -1.0492805161055641e-01 1.3520374912316495e+00
1.6888250135346978e+00 0.0000000000000000e+00 1.3488943275023093e+00
1.6888250135346978e+00 1.0492805161055641e-01 1.3513311108683739e+00
1.6888250135346978e+00 2.0985610322111281e-01 1.3593738500310097e+00
1.6888250135346978e+00 3.1478415483166922e-01 1.3729831808279935e+00
1.6888250135346978e+00 4.1971220644222562e-01 1.3920450488968501e+00
1.6888250135346978e+00 5.2464025805278203e-01 1.4163416222342071e+00
1.6888250135346978e+00 6.2956830966333843e-01 1.4455285173763013e+00
1.6888250135346978e+00 7.3449636127389484e-01 1.4791408978186200e+00
1.6908184105005490e+00 -8.1533947311980925e-01 1.5091091351014521e+00
1.6939608927490521e+00 -7.8405580262894436e-01 1.5002329962730225e+00
1.6953952079988639e+00 8.0962136070145885e-01 1.5105370492486521e+00
1.6982900493808561e+00 7.7841385298510235e-01 1.5016212773424049e+00
1.7016110083216065e+00 -8.2266134125206880e-01 1.5199172870914353e+00
1.7044720854973208e+00 8.1909444313324598e-01 1.5207777892215890e+00
1.7070325705690808e+00 -7.9477925980970598e-01 1.5139680161403732e+00
1.7095323680502130e+00 -7.6344662551273046e-01 1.5049484742589316e+00
1.7114929310181857e+00 7.8896987035314636e-01 1.5153518490752662e+00
1.7137450796518916e+00 7.5771719798706305e-01 1.5062827531169294e+00
1.7179779247254017e+00 -8.0187481070797828e-01 1.5247667857535057e+00
1.7207633147306993e+00 7.9824851373174865e-01 1.5255944190116555e+00
1.7228249615935820e+00 -7.7389334674002952e-01 1.5186769036328558e+00
1.7246769928544639e+00 -7.4252176574384743e-01 1.5095112713947938e+00
1.7271669807076844e+00 7.6799497349826840e-01 1.5200125643007374e+00
1.7287705121580306e+00 7.3670658672097089e-01 1.5107832556160647e+00
1.7339183692684679e+00 -7.8075943106402379e-01 1.5294650370671099e+00
1.7366269819599305e+00 7.7707541903394373e-01 1.5302592483827135e+00
1.7381865138381918e+00 -7.5268852602787539e-01 1.5232335971508641e+00
1.7393911090002190e+00 -7.2129198572458020e-01 1.5139245019224439e+00
1.7424040535727583e+00 7.4670051866114140e-01 1.5245123550954589e+00
1.7433666520008364e+00 7.1539552479557023e-01 1.5151295966795708e+00
1.7494189994907476e+00 -7.5931910396494795e-01 1.5340053510541951e+00
1.7520556612772722e+00 7.5558326084167360e-01 1.5347714080499428e+00
1.7531097498132833e+00 -7.3117298652026241e-01 1.5276373372529304e+00
1.7536719345772678e+00 -6.9976834340960148e-01 1.5181915569901434e+00
1.7572058952812399e+00 7.2510129694477543e-01 1.5288595157849021e+00
1.7575267452573053e+00 6.9379224762125968e-01 1.5193214649307714e+00
1.7644805306719884e+00 -7.3756809888587294e-01 1.5383950802247459e+00
1.7670384222620423e+00 7.3377789862124776e-01 1.5391265748219838e+00
1.7675097729914431e+00 -6.7795724751464048e-01 1.5223085419950184e+00
1.7675937157798087e+00 -7.0935932417087788e-01 1.5318934694954682e+00
1.7712404386561689e+00 6.7190288110000984e-01 1.5233552157673660e+00
1.7715669364585414e+00 7.0320648249118300e-01 1.5330548503999177e+00
1.7790979009350514e+00 -7.1551612150021671e-01 1.5426354162343137e+00
1.7792499721045727e+00 -6.2956830966333832e-01 1.5176138512923003e+00
1.7792499721045727e+00 -5.2464025805278192e-01 1.4908745359217712e+00
1.7792499721045727e+00 -4.1971220644222551e-01 1.4685504424366502e+00
1.7792499721045727e+00 -3.1478415483166911e-01 1.4508157466438936e+00
1.7792499721045727e+00 -2.0985610322111281e-01 1.4378790801323116e+00
1.7792499721045727e+00 -1.0492805161055641e-01 1.4299445632800540e+00
1.7792499721045727e+00 0.0000000000000000e+00 1.4271518517985560e+00
1.7792499721045727e+00 1.0492805161055641e-01 1.4295514957928723e+00
1.7792499721045727e+00 2.0985610322111281e-01 1.4371278192901515e+00
1.7792499721045727e+00 3.1478415483166922e-01 1.4498307205720895e+00
1.7792499721045727e+00 4.1971220644222562e-01 1.4675733592692930e+00
1.7792499721045727e+00 5.2464025805278203e-01 1.4901925361587034e+00
1.7792499721045727e+00 6.2956830966333843e-01 1.5174056574815955e+00
1.7809005365938069e+00 -6.5586886790862953e-01 1.5262766102824767e+00
1.7815760356290231e+00 7.1167328761315574e-01 1.5433318634106055e+00
1.7816304044909270e+00 -6.8725517511112100e-01 1.5359999030586837e+00
1.7845088758697358e+00 6.4974081175794218e-01 1.5272383892426389e+00
1.7854741699253118e+00 6.8102064589073952e-01 1.5370919873924960e+00
1.7932585791387192e+00 -6.9316813338254157e-01 1.5467200834463741e+00
1.7938424442666325e+00 -6.3351453804762037e-01 1.5300985482860103e+00
1.7952119708544096e+00 -6.6486850902913952e-01 1.5399544774169207e+00
1.7956622332205094e+00 6.8927827852234069e-01 1.5473870712031266e+00
1.7973271218883276e+00 6.2731531853821132e-01 1.5309725274160166e+00
1.7989298501737641e+00 6.5855810555812444e-01 1.5409792568975944e+00
1.8063282363062219e+00 -6.1090226314614338e-01 1.5337714996422402e+00
1.8069634337052634e+00 -6.7053777583554264e-01 1.5506555761596679e+00
1.8083384473958473e+00 -6.4221201436343378e-01 1.5437621576391261e+00
1.8092855402032584e+00 6.6659870878552996e-01 1.5512870284967186e+00
1.8096833828790158e+00 6.0463199622872854e-01 1.5345527477016394e+00
1.8119290632202678e+00 6.3582833322881915e-01 1.5447179097067885e+00
1.8183507278118900e+00 -5.8804029967749283e-01 1.5372924233657610e+00
1.8202081385372697e+00 -6.4763505130841470e-01 1.5544430505300215e+00
1.8210042253509005e+00 -6.1929475846114201e-01 1.5474221115462661e+00
1.8215796526336536e+00 5.8170411601791339e-01 1.5379869618850039e+00
1.8224478135227240e+00 6.4364853030619507e-01 1.5550390952997926e+00
1.8244611186544506e+00 6.1283768330105015e-01 1.5483037120593615e+00
1.8299104590214390e+00 -5.6494091609596264e-01 1.5406650792404661e+00
1.8329823205220479e+00 -6.2446658860900717e-01 1.5580778343544861e+00
1.8330119766479385e+00 5.5854139829605276e-01 1.5412772241525852e+00
1.8331984548527931e+00 -5.9612315325100163e-01 1.5509284899745224e+00
1.8351441540860356e+00 6.2043731833527838e-01 1.5586438550090791e+00
1.8365254385200371e+00 5.8959820096746940e-01 1.5517417452528475e+00
1.8410031759852281e+00 -5.4161363716964250e-01 1.5438885628554988e+00
1.8439722669397838e+00 5.3515160966323583e-01 1.5444215763504145e+00
1.8449234600989848e+00 -5.7271064695812901e-01 1.5542873021868424e+00
1.8452843440930458e+00 -6.0104402092702047e-01 1.5615632105490431e+00
1.8473632665487585e+00 5.9697136575914345e-01 1.5620959232229454e+00
1.8481193109884178e+00 5.6612047282960654e-01 1.5550348325146446e+00
1.8516182246254334e+00 -5.1806515060220337e-01 1.5469562314461343e+00
1.8544569064372012e+00 5.1154479137288034e-01 1.5474218193618219e+00
1.8561749171480058e+00 -5.4906689811370424e-01 1.5574981772675922e+00
1.8571119342464300e+00 -5.7737833481389222e-01 1.5649015680989853e+00
1.8591060519917737e+00 5.7326348996989052e-01 1.5654009850844903e+00
1.8592356818648947e+00 5.4241290397099606e-01 1.5581815716517835e+00
1.8617575223447511e+00 -4.9430796672692368e-01 1.5498726899197015e+00
1.8644655086247617e+00 4.8773225379951374e-01 1.5502821774564490e+00
1.8669436351679378e+00 -5.2519940333256510e-01 1.5605563486313669e+00
1.8684581920316883e+00 -5.5347812497173876e-01 1.5680909273146575e+00
1.8696749306744476e+00 -4.1971220644222551e-01 1.5417055810414926e+00
1.8696749306744476e+00 -3.1478415483166911e-01 1.5251275482165505e+00
1.8696749306744476e+00 -2.0985610322111281e-01 1.5130866047395051e+00
1.8696749306744476e+00 -1.0492805161055641e-01 1.5057768369545714e+00
1.8696749306744476e+00 0.0000000000000000e+00 1.5033031574227385e+00
1.8696749306744476e+00 1.0492805161055641e-01 1.5056690083784432e+00
1.8696749306744476e+00 2.0985610322111281e-01 1.5128209531787560e+00
1.8696749306744476e+00 3.1478415483166922e-01 1.5246994833764216e+00
1.8696749306744476e+00 4.1971220644222562e-01 1.5412437119672964e+00
1.8698685197535638e+00 5.1848457609013432e-01 1.5611812720319782e+00
1.8703692873362354e+00 5.4932405972982468e-01 1.5685606009071578e+00
1.8714181145960069e+00 -4.7035212514904051e-01 1.5526382140458785e+00
1.8739944199611449e+00 4.6372370494273690e-01 1.5530034450147765e+00
1.8772282644861709e+00 -5.0111936860345219e-01 1.5634639846840279e+00
1.8793163659719867e+00 -5.2935226119460566e-01 1.5711293653164871e+00
1.8800186184525942e+00 4.9434753376984641e-01 1.5640390039259844e+00
1.8805944846140641e+00 -4.4620663442299635e-01 1.5552510178914234e+00
1.8811455779707553e+00 5.2516150195306988e-01 1.5715723940790061e+00
1.8830334783679370e+00 4.3952647117427979e-01 1.5555802620973256e+00
1.8870274580857456e+00 -4.7683774401656670e-01 1.5662231422694894e+00
1.8892800815479420e+00 -4.2188029892666007e-01 1.5577086858055738e+00
1.8896822643855189e+00 4.7001162351086329e-01 1.5667554138406308e+00
1.8896875306859924e+00 -5.0501308900816122e-01 1.5740216829336786e+00
1.8914298626073980e+00 5.0078547649071370e-01 1.5744359446570022e+00
1.8915855497012319e+00 4.1515289233342528e-01 1.5580181506532735e+00
1.8963370915516118e+00 -4.5236421252953696e-01 1.5688334657573224e+00
1.8974769446555479e+00 -3.9738498195184874e-01 1.5600163814723109e+00
1.8988501024670101e+00 4.4548462557744190e-01 1.5693258494382774e+00
1.8995678832645362e+00 -4.8047054929123101e-01 1.5767681693586710e+00
1.8996480531367126e+00 3.9061301794563846e-01 1.5603173079496353e+00
1.9012226885709129e+00 4.7620790594697915e-01 1.5771555401544195e+00
1.9051475082792326e+00 -4.2770656588141365e-01 1.5712899681477341e+00
1.9051821049987288e+00 -3.7273056331198590e-01 1.5621751151411956e+00
1.9072170463035860e+00 3.6591643710129440e-01 1.5624762770253999e+00
1.9075230636569120e+00 4.2077832182130132e-01 1.5717542903249575e+00
1.9089479368072260e+00 -4.5573247066602535e-01 1.5793641481674914e+00
1.9105204741615762e+00 4.5143879280592580e-01 1.5797314939601066e+00
1.9123894067105904e+00 -3.4792601887099178e-01 1.5641833811938768e+00
1.9134622909519075e+00 -4.0287743209651855e-01 1.5735990251666132e+00
1.9142847544613444e+00 3.4107175703926224e-01 1.5644899579476359e+00
1.9156995297799218e+00 3.9590329417121883e-01 1.5740420608243675e+00
1.9178284961439513e+00 -4.3081074481847570e-01 1.5818136790581172e+00
1.9190959108669878e+00 -3.2298142423747062e-01 1.5660424981932237e+00
1.9193136679588436e+00 4.2648608181438075e-01 1.5821588311316535e+00
1.9208546795270789e+00 3.1609085730603076e-01 1.5663624364600743e+00
1.9212784207488920e+00 -3.7788683346735613e-01 1.5757613675939441e+00
1.9233762714527396e+00 3.7086949979787781e-01 1.5761887020530292e+00
1.9253028977974873e+00 -2.9790788214374675e-01 1.5677572804449655e+00
1.9262079438765800e+00 -4.0571609356448807e-01 1.5841185374088378e+00
1.9269244549288387e+00 2.9098373823237911e-01 1.5680924987920837e+00
1.9276039083708638e+00 4.0136181717515940e-01 1.5844420284310732e+00
1.9285909023449883e+00 -3.5274422782726966e-01 1.5777761154522707e+00
1.9305437889272057e+00 3.4568518100873080e-01 1.5781881576588213e+00
1.9310081339000615e+00 -2.7271541602916405e-01 1.5693294706598075e+00
1.9324905209001411e+00 2.6576014252552221e-01 1.5696777457260729e+00
1.9340827601797175e+00 -3.8045850998473879e-01 1.5862787446557816e+00
1.9353894769624922e+00 3.7607661147532850e-01 1.5865823755428390e+00
1.9353941823647247e+00 -3.2745909331732631e-01 1.5796419323354278e+00
1.9362059875773252e+00 -2.4741337865963489e-01 1.5707578040611978e+00
1.9372064579732964e+00 3.2036265199319702e-01 1.5800458161525095e+00
1.9375466577252272e+00 2.4042940769488619e-01 1.5711135055836876e+00
1.9408947914585692e+00 -2.2201209545488754e-01 1.5720439963281447e+00
1.9414436548809153e+00 -3.5504639767838969e-01 1.5882894193585801e+00
1.9416908610422183e+00 -3.0204308727643342e-01 1.5813641834662531e+00
1.9420966424122001e+00 2.1500290616895035e-01 1.5724033617977402e+00
1.9426671330271392e+00 3.5064053392170325e-01 1.5885796390639739e+00
1.9433618726726194e+00 2.9491205881143395e-01 1.5817610466721237e+00
1.9450762427162356e+00 -1.9652239694152271e-01 1.5731921052725553e+00
1.9461388442052769e+00 1.8949074775394872e-01 1.5735464609006686e+00
1.9474786668583135e+00 -2.7650637925783639e-01 1.5829440170200684e+00
1.9482948483732441e+00 -3.2949218454116758e-01 1.5901568066577811e+00
1.9487488436972458e+00 -1.7095440851236895e-01 1.5742030693052032e+00
1.9490069275170123e+00 2.6934339388276246e-01 1.5833324470551537e+00
1.9494277289195083e+00 3.2506217138380977e-01 1.5904285083900878e+00
1.9496710048249517e+00 1.6390295993718063e-01 1.5745415782650094e+00
1.9519083653706457e+00 -1.4531794401830253e-01 1.5750750756522574e+00
1.9526865948048908e+00 1.3824916626867453e-01 1.5753842090213708e+00
1.9527528768852660e+00 -2.5085865349558251e-01 1.5843803767761004e+00
1.9541342260376657e+00 2.4366589495454574e-01 1.5847549919637967e+00
1.9545526259328563e+00 -1.1962323253838164e-01 1.5758074399907271e+00
1.9546338612031591e+00 -3.0380612101986809e-01 1.5918813588631189e+00
1.9551906106048906e+00 1.1254042527578061e-01 1.5760794436773329e+00
1.9556757313329862e+00 2.9935382315304099e-01 1.5921348642741537e+00
1.9566846454857076e+00 -9.3880975157375285e-02 1.5764031433066026e+00
1.9571821576195425e+00 8.6786915456060654e-02 1.5766277581649970e+00
1.9575097435229611e+00 -2.2510996693693130e-01 1.5856727687899754e+00
1.9583036625931995e+00 -6.8101358589225017e-02 1.5768615545999931e+00
1.9586605246253814e+00 6.0998826418722805e-02 1.5770299634503206e+00
1.9587481663670214e+00 2.1789123224040258e-01 1.5860332791955953e+00
1.9594073888574104e+00 -4.2294522356617702e-02 1.5771803329368050e+00
1.9596186841543279e+00 3.5186172468738286e-02 1.5772818981558461e+00
1.9599920123548171e+00 -1.6470717541243782e-02 1.5773555078924666e+00
1.9600624524932095e+00 9.3595834154972801e-03 1.5773898472948846e+00
1.9604570180297030e+00 -2.7799819343844795e-01 1.5934623873662674e+00
1.9614088828442953e+00 2.7352577835575581e-01 1.5936987380315459e+00
1.9617520383913991e+00 -1.9927153580866405e-01 1.5868257215736681e+00
1.9628470906003392e+00 1.9202966403036292e-01 1.5871668580528679e+00
1.9654782381450389e+00 -1.7335363425051967e-01 1.5878398663898761e+00
1.9657577167013980e+00 -2.5207791849185313e-01 1.5948966558381286e+00
1.9664289234495789e+00 1.6609139331186842e-01 1.5881549638859593e+00
1.9666240960440660e+00 2.4758816249985041e-01 1.5951193280811937e+00
1.9686847557459386e+00 -1.4736630084352589e-01 1.5887137684367627e+00
1.9694865346571040e+00 1.4008611814546934e-01 1.5889928102462076e+00
1.9705399230199427e+00 -2.2605701926748778e-01 1.5961893811023760e+00
1.9713142882098442e+00 2.2155049161129670e-01 1.5963924555314459e+00
1.9713678955892868e+00 -1.2131973509890198e-01 1.5894455188016372e+00
1.9720252746057652e+00 1.1402510164331546e-01 1.5896857476842239e+00
1.9735314900322247e+00 -9.5224898132447916e-02 1.5900389052957913e+00
1.9740442339245237e+00 8.7918672523252181e-02 1.5902340975963929e+00
1.9748019149002871e+00 -1.9994586299429712e-01 1.5973408895871495e+00
1.9751747643465252e+00 -6.9092127018252070e-02 1.5904935754338267e+00
1.9754839856699460e+00 1.9542444388989305e-01 1.5975232605818284e+00
1.9755426896948909e+00 6.1777170884823283e-02 1.5906383880403336e+00
1.9762957960576977e+00 -4.2931724290261639e-02 1.5908078965010879e+00
1.9765133551858480e+00 3.5610754642344651e-02 1.5908938914960618e+00
1.9768898470344038e+00 -1.6754057529052839e-02 1.5909776670930342e+00
1.9769623753836241e+00 9.4302217776410548e-03 1.5910066269628795e+00
1.9785407812833984e+00 -1.7375465700738801e-01 1.5983503358237443e+00
1.9791316886058055e+00 1.6922041265650997e-01 1.5985118100807245e+00
1.9817507469410902e+00 -1.4749338753599156e-01 1.5992143527598564e+00
1.9822552910650879e+00 1.4294872451924689e-01 1.5993575665664572e+00
1.9844364640916174e+00 -1.2117336311893451e-01 1.5999377822169034e+00
1.9848480933631252e+00 1.1661935430335023e-01 1.6000561851267328e+00
1.9865969686984692e+00 -9.4805025127648046e-02 1.6005206808581831e+00
1.9869155347683982e+00 9.0243560212913937e-02 1.6006129448789277e+00
1.9882307140440889e+00 -6.8398787099264391e-02 1.6009624199582773e+00
1.9884568736314214e+00 6.3831797375367746e-02 1.6010280259849698e+00
1.9893315183482514e+00 -4.1964971151266711e-02 1.6012584493673347e+00
1.9894714803540365e+00 3.7394527815595067e-02 1.6013015715156069e+00
1.9899053531265261e+00 -1.5514497363836414e-02 1.6014137661043895e+00
1.9899520127198331e+00 1.0942160673331673e-02 1.6014282039652989e+00
2.0000000000000000e+00 0.0000000000000000e+00 1.6094379124341003e+00
1.9999317473670912e+00 1.3333093362771584e-02 1.6094188653537873e+00
1.9997306097736407e+00 2.6664832075493850e-02 1.6093646147349439e+00
1.9993966052884338e+00 3.9993895632119199e-02 1.6092751585757590e+00
1.9989297638997388e+00 5.3318963692338905e-02 1.6091504937119945e+00
1.9983301275149277e+00 6.6638716166960266e-02 1.6089906158171239e+00
1.9975977499598720e+00 7.9951833303310987e-02 1.6087955194025332e+00
1.9967326969781105e+00 9.3256995770678433e-02 1.6085651978177868e+00
1.9957350462297818e+00 1.0655288474579105e-01 1.6082996432509526e+00
1.9946018965851127e+00 1.1983791350659936e-01 1.6079964442928161e+00
1.9933357079690603e+00 1.3311091334097067e-01 1.6076574803881867e+00
1.9919372273253402e+00 1.4637061816750757e-01 1.6072832479042451e+00
1.9904065803696747e+00 1.5961571191513141e-01 1.6068737338701788e+00
1.9887439047301676e+00 1.7284487943917110e-01 1.6064289241559735e+00
1.9869493499451971e+00 1.8605680660736093e-01 1.6059488034731058e+00
1.9850230774610611e+00 1.9925018038594136e-01 1.6054333553753022e+00
1.9829652606293759e+00 2.1242368892587030e-01 1.6048825622593701e+00
1.9807733325674992e+00 2.2557555022910064e-01 1.6042941708226761e+00
1.9784493444294367e+00 2.3870471043727348e-01 1.6036696574444875e+00
1.9759944055379708e+00 2.5181000696423250e-01 1.6030097299332418e+00
1.9734087372949611e+00 2.6489013332948175e-01 1.6023143655476215e+00
1.9706925729986555e+00 2.7794378466205188e-01 1.6015835403941221e+00
1.9678461578398709e+00 2.9096965778769729e-01 1.6008172294283112e+00
1.9648697488978961e+00 3.0396645131626232e-01 1.6000154064561674e+00
1.9617636151361100e+00 3.1693286572921953e-01 1.5991780441355092e+00
1.9585247997315953e+00 3.2986677759510374e-01 1.5983024389659577e+00
1.9551563793376951e+00 3.4276753181199299e-01 1.5973908467709399e+00
1.9516591158975889e+00 3.5563394663912595e-01 1.5964436127560200e+00
1.9480333264065985e+00 3.6846473060013335e-01 1.5954607044778859e+00
1.9442793397288272e+00 3.8125859452445915e-01 1.5944420883528043e+00
1.9403974965912827e+00 3.9401425163632048e-01 1.5933877296585814e+00
1.9363881495776762e+00 4.0673041764389389e-01 1.5922975925366372e+00
1.9322506700049540e+00 4.1940548123264387e-01 1.5911708019505442e+00
1.9279836754036517e+00 4.3203752992244154e-01 1.5900058223769473e+00
1.9235903111093458e+00 4.4462617313174768e-01 1.5888049327315776e+00
1.9190709777078034e+00 4.5717013701146941e-01 1.5875680921036406e+00
1.9144260876188608e+00 4.6966815064170908e-01 1.5862952584570273e+00
1.9096560650883914e+00 4.8211894612271461e-01 1.5849863886330591e+00
1.9047613461798991e+00 4.9452125866610064e-01 1.5836414383533717e+00
1.8997423787657159e+00 5.0687382668634251e-01 1.5822603622229370e+00
1.8945959428193775e+00 5.1917383374191473e-01 1.5808399112504827e+00
1.8893260745213831e+00 5.3142145098079741e-01 1.5793831127385098e+00
1.8839333808170666e+00 5.4361547723728898e-01 1.5778900239839984e+00
1.8784183574960216e+00 5.5575466421787101e-01 1.5763605946211656e+00
1.8727815121224636e+00 5.6783776729220248e-01 1.5747947731836438e+00
1.8670233640241454e+00 5.7986354558670361e-01 1.5731925071084034e+00
1.8611444012564990e+00 5.9183074066481045e-01 1.5715537042083358e+00
1.8551413958757645e+00 6.0373619662392697e-01 1.5698749154199889e+00
1.8490187278019081e+00 6.1558054268195506e-01 1.5681594929950871e+00
1.8427769641942073e+00 6.2736255346832348e-01 1.5664073794829125e+00
1.8364166839305152e+00 6.3908100784293365e-01 1.5646185163569810e+00
1.8299384775934731e+00 6.5073468899202980e-01 1.5627928440200800e+00
1.8233429474562042e+00 6.6232238452440118e-01 1.5609303018095326e+00
1.8166291277707587e+00 6.7384195568426086e-01 1.5590293568877003e+00
1.8097969047628359e+00 6.8529169355791908e-01 1.5570892280022699e+00
1.8028492511260163e+00 6.9667174527214748e-01 1.5551120123313111e+00
1.7957868167880848e+00 7.0798091662424900e-01 1.5530976444541469e+00
1.7886102633064775e+00 7.1921801832440935e-01 1.5510460579127308e+00
1.7813202638507462e+00 7.3038186609434663e-01 1.5489571852183506e+00
1.7739169411830278e+00 7.4147090140618244e-01 1.5468304135333883e+00
1.7663981756177811e+00 7.5248198727832971e-01 1.5446629166194861e+00
1.7587680742814449e+00 7.6341620202374938e-01 1.5424578930769905e+00
1.7510273577909359e+00 7.7427238194767378e-01 1.5402152708047037e+00
1.7431767582980848e+00 7.8504936887261823e-01 1.5379349767066905e+00
1.7352170194683729e+00 7.9574601023955316e-01 1.5356169367007841e+00
1.7271480494838480e+00 8.0636050859784902e-01 1.5332602178089649e+00
1.7189683470009647e+00 8.1688990817489071e-01 1.5308624095706496e+00
1.7106818321131940e+00 8.2733543928123787e-01 1.5284265920995246e+00
1.7022892956464872e+00 8.3769597242978400e-01 1.5259526868874025e+00
1.6937915398439274e+00 8.4797038427345373e-01 1.5234406144855752e+00
1.6851893783402119e+00 8.5815755770891100e-01 1.5208902945155545e+00
1.6764812523297685e+00 8.6825430684708060e-01 1.5182991051154922e+00
1.6676688087408782e+00 8.7826012709424683e-01 1.5156677695918452e+00
1.6587545024489168e+00 8.8817529178061461e-01 1.5129979012419097e+00
1.6497391938658115e+00 8.9799870945871130e-01 1.5102894154989586e+00
1.6406237546761646e+00 9.0772929546224213e-01 1.5075422269243994e+00
1.6314079577155147e+00 9.1736489963531853e-01 1.5047550079416145e+00
1.6220909592521877e+00 9.2690267917281288e-01 1.5019256738678965e+00
1.6126765529854907e+00 9.3634430666543556e-01 1.4990573340252715e+00
1.6031656569899302e+00 9.4568872533755766e-01 1.4961498990320705e+00
1.5935592004725736e+00 9.5493488574561347e-01 1.4932032787050595e+00
1.5838572015940280e+00 9.6408075769986079e-01 1.4902162945562207e+00
1.5740585230742856e+00 9.7312296920303132e-01 1.4871863308128455e+00
1.5641671857409039e+00 9.8206370757757333e-01 1.4841168621030298e+00
1.5541841647137231e+00 9.9090195357531630e-01 1.4810077945988738e+00
1.5441104460814745e+00 9.9963669584401382e-01 1.4778590337560733e+00
1.5339453031856209e+00 1.0082648804774050e+00 1.4746683278220132e+00
1.5236893146575983e+00 1.0167848726313975e+00 1.4714349612336699e+00
1.5133457078790529e+00 1.0251982607662109e+00 1.4681615661778491e+00
1.5029155142732171e+00 1.0335040660974768e+00 1.4648480448280057e+00
1.4923997760425758e+00 1.0417013183128490e+00 1.4614942987441537e+00
1.4817961586497768e+00 1.0497845733908218e+00 1.4580957032994633e+00
1.4711087165617998e+00 1.0577566474849587e+00 1.4546560290630950e+00
1.4603389851814557e+00 1.0656171921520563e+00 1.4511757809260328e+00
1.4494880513548900e+00 1.0733652720845044e+00 1.4476548576053438e+00
1.4385549794574710e+00 1.0809970194828806e+00 1.4440902765166570e+00
1.4275412210336107e+00 1.0885118443310324e+00 1.4404823055499827e+00
1.4164496558830153e+00 1.0959113338788700e+00 1.4368332999044127e+00
1.4052814148738419e+00 1.1031945898373794e+00 1.4331431558687582e+00
1.3940361861571975e+00 1.1103584177860235e+00 1.4294095732289482e+00
1.3827143943919904e+00 1.1174006140552564e+00 1.4256312282842147e+00
1.3713194614218946e+00 1.1243238184249404e+00 1.4218113764363332e+00
1.3598525614282764e+00 1.1311271716784477e+00 1.4179499120284345e+00
1.3483133298489751e+00 1.1378071190105106e+00 1.4140442164359368e+00
1.3367025457453650e+00 1.1443618992945122e+00 1.4100933678217351e+00
1.3250234664622709e+00 1.1507941890887994e+00 1.4061005306441692e+00
1.3132773086920304e+00 1.1571031703392787e+00 1.4020655978617518e+00
1.3014630918501733e+00 1.1632837701281833e+00 1.3979845906621546e+00
1.2895831067630792e+00 1.1693369760957064e+00 1.3938590646934699e+00
1.2776398501649953e+00 1.1752643599226260e+00 1.3896910614048077e+00
1.2656345555771014e+00 1.1810650948166881e+00 1.3854804265813263e+00
1.2535652647286530e+00 1.1867314723811184e+00 1.3812208778600765e+00
1.2414366109249770e+00 1.1922696129464545e+00 1.3769184666938681e+00
1.2292498836246097e+00 1.1976787757663303e+00 1.3725730850754871e+00
1.2170047520723912e+00 1.2029543997141710e+00 1.3681812686170665e+00
1.2047027255181699e+00 1.2080959445431458e+00 1.3637430991496222e+00
1.1923466648165988e+00 1.2131062349744690e+00 1.3592615722251760e+00
1.1799374074125579e+00 1.2179833061298964e+00 1.3547354820588395e+00
1.1674743523135009e+00 1.2227212099014737e+00 1.3501601949934612e+00
1.1549614004735598e+00 1.2273256910530301e+00 1.3455411633223171e+00
1.1423999108314664e+00 1.2317960929226073e+00 1.3408782806594826e+00
1.1297886686420142e+00 1.2361241500322100e+00 1.3361649549633583e+00
1.1171315822510968e+00 1.2403162105503722e+00 1.3314070565915854e+00
1.1044302207418024e+00 1.2443721745836227e+00 1.3266049231829460e+00
1.0916838639235948e+00 1.2482844387295233e+00 1.3217525596370541e+00
1.0788957094246814e+00 1.2520578071921742e+00 1.3168544355314284e+00
1.0660676360728136e+00 1.2556931803665146e+00 1.3119116964457074e+00
1.0531991306690116e+00 1.2591827306407097e+00 1.3069181865516117e+00
1.0402932792403847e+00 1.2625314901804092e+00 1.3018784866783482e+00
1.0273519566027065e+00 1.2657404784305903e+00 1.2967937981684707e+00
1.0143746532490474e+00 1.2688007103494610e+00 1.2916570293303535e+00
1.0013647750048651e+00 1.2717193134766829e+00 1.2864744194536655e+00
9.8832372964598947e-01 1.2744953737539058e+00 1.2812455336326669e+00
9.7525159432669895e-01 1.2771211423706856e+00 1.2759643190525323e+00
9.6215165181188766e-01 1.2796044259660151e+00 1.2706374883366327e+00
9.4902471264725996e-01 1.2819408107155772e+00 1.2652617176570720e+00
9.3587207885304080e-01 1.2841279219479200e+00 1.2598353481280598e+00
9.2269631980739419e-01 1.2861711223902164e+00 1.2543630176356306e+00
9.0949786439003233e-01 1.2880621609048271e+00 1.2488382757213825e+00
8.9627917553238112e-01 1.2898061265375773e+00 1.2432654969694608e+00
8.8304185392044321e-01 1.2914025421406934e+00 1.2376445276636907e+00
8.6978690451694118e-01 1.2928453104870929e+00 1.2319706576925546e+00
8.5651687566775048e-01 1.2941420678577351e+00 1.2262502637861665e+00
8.4323266787692119e-01 1.2952844359419031e+00 1.2204767918424266e+00
8.2993646074285798e-01 1.2962774170363938e+00 1.2146544530838146e+00
8.1662984620964185e-01 1.2971195101779680e+00 1.2087822193479356e+00
8.0331435073033763e-01 1.2978070854175823e+00 1.2028573355367009e+00
7.8999203726563505e-01 1.2983467956355488e+00 1.1968852933567391e+00
7.7666423153208419e-01 1.2987274750355562e+00 1.1908572855813486e+00
7.6333302094535249e-01 1.2989598824048711e+00 1.1847820573434376e+00
7.5000000148840273e-01 1.2990352567132326e+00 1.1786527195441676e+00
7.3666698635997363e-01 1.2989589205591989e+00 1.1724736313448314e+00
7.2333576813201228e-01 1.2987273798414214e+00 1.1662421020249167e+00
7.1000812953958903e-01 1.2983411752362843e+00 1.1599586425462294e+00
6.9668584454737048e-01 1.2978010822201695e+00 1.1536239527606249e+00
6.8337084391324410e-01 1.2971040372377072e+00 1.1472356432840329e+00
6.7006474532839122e-01 1.2962538999474555e+00 1.1407968540064961e+00
6.5676972186728422e-01 1.2952451996005856e+00 1.1343032522226433e+00
6.4348718212816558e-01 1.2940836773400963e+00 1.1277594584729158e+00
6.3021955013109388e-01 1.2927626675077122e+00 1.1211601625820959e+00
6.1696805879483818e-01 1.2912885768713946e+00 1.1145104978604072e+00
6.0373530474724979e-01 1.2896547682081738e+00 1.1078051509851434e+00
5.9052246608833492e-01 1.2878670891097239e+00 1.1010487920372374e+00
5.7733214562103696e-01 1.2859201609325359e+00 1.0942370869699245e+00
5.6416567597323541e-01 1.2838180426419445e+00 1.0873732589073979e+00
5.5102541064482602e-01 1.2815578467863877e+00 1.0804549432174266e+00
5.3791313548364494e-01 1.2791406139652595e+00 1.0734829250198115e+00
5.2483060939342308e-01 1.2765671786057495e+00 1.0664578065461454e+00
5.1178046015653289e-01 1.2738343373308556e+00 1.0593769369728920e+00
4.9876341638708716e-01 1.2709478707575992e+00 1.0522448897296595e+00
4.8578342703061067e-01 1.2678991145224241e+00 1.0450545736719592e+00
4.7284034295488631e-01 1.2646973292756847e+00 1.0378133707931378e+00
4.5993796720844210e-01 1.2613352245524447e+00 1.0305152595005056e+00
4.4707724176655328e-01 1.2578172143734154e+00 1.0231636969601923e+00
4.3426015798012396e-01 1.2541433332589034e+00 1.0157585784698639e+00
4.2149007917004488e-01 1.2503092865628509e+00 1.0082962569183351e+00
4.0876709242386200e-01 1.2463217568699392e+00 1.0007820372308607e+00
3.9609515871195283e-01 1.2421748168012603e+00 9.9321090189740102e-01
3.8347541718671790e-01 1.2378717123260377e+00 9.8558533929262382e-01
3.7090904637647221e-01 1.2334151060419605e+00 9.7790736764535324e-01
3.5840092677435037e-01 1.2287975317164577e+00 9.7017062546860455e-01
3.4595062849453173e-01 1.2240263072426161e+00 9.6238096428788522e-01
3.3356024026873993e-01 1.2191015417829558e+00 9.5453828052786382e-01
3.2123465594556705e-01 1.2140167638657713e+00 9.4663695494186839e-01
3.0897326758603227e-01 1.2087791299738360e+00 9.3868273526926305e-01
2.9677824706556771e-01 1.2033887327366593e+00 9.3067548149322277e-01
2.8465439326486786e-01 1.1978401147895776e+00 9.2261034665877029e-01
2.7260171341008438e-01 1.1921385937623521e+00 9.1449156269622489e-01
2.6062210019477489e-01 1.1862850966490353e+00 9.0631966950127518e-01
2.4871895145334671e-01 1.1802776013567806e+00 8.9809268045252966e-01
2.3689507885743505e-01 1.1741155651727297e+00 8.8980984316552780e-01
2.2515109021616600e-01 1.1678026383060216e+00 8.8147400933390241e-01
2.1348927776768767e-01 1.1613391477581110e+00 8.7308518554878178e-01
2.0191311258353231e-01 1.1547234597451008e+00 8.6464165779140456e-01
1.9042521867848866e-01 1.1479556739239327e+00 8.5614319334662037e-01
1.7902646663954402e-01 1.1410388317762388e+00 8.4759214195872989e-01
1.6771920826205455e-01 1.1339734084916551e+00 8.3898861574061478e-01
1.5650581182189416e-01 1.1267599185194417e+00 8.3033275613134849e-01
1.4539005845252703e-01 1.1193968397210941e+00 8.2162286944458796e-01
1.3437372051691851e-01 1.1118858577347974e+00 8.1286011161240723e-01
1.2345836668355523e-01 1.1042288832217344e+00 8.0404585991990862e-01
1.1264641283182489e-01 1.0964265914770213e+00 7.9518038502202348e-01
1.0194028801101881e-01 1.0884797005115943e+00 7.8626399339517472e-01
9.1342433699524272e-02 1.0803889717816180e+00 7.7729702877670703e-01
8.0855303041881835e-02 1.0721552109056500e+00 7.6827987364806560e-01
7.0482170843870665e-02 1.0637782788457955e+00 7.5921201891581092e-01
6.0225110347518880e-02 1.0552596311654430e+00 7.5009443884214388e-01
5.0086046608320701e-02 1.0466008918883201e+00 7.4092828292450885e-01
4.0067460526600145e-02 1.0378030440459434e+00 7.3171410293479511e-01
3.0171840687309322e-02 1.0288671178846995e+00 7.2245249739271422e-01
2.0401682477270922e-02 1.0197941915012665e+00 7.1314411332447003e-01
1.0759487181825157e-02 1.0105853914621521e+00 7.0378964806944833e-01
1.2477610611556717e-03 1.0012418934068175e+00 6.9438985113520568e-01
-8.1309855934155739e-03 9.9176492263385274e-01 6.8494552610091231e-01
-1.7374239422867907e-02 9.8215575466968008e-01 6.7545753256927421e-01
-2.6479484983339178e-02 9.7241571581926922e-01 6.6592678816681306e-01
-3.5444205748077426e-02 9.6254618369834810e-01 6.5635427059220786e-01
-4.4265885128151293e-02 9.5254858774660212e-01 6.4674101971222997e-01
-5.2942007511568530e-02 9.4242440972135721e-01 6.3708813970459210e-01
-6.1470059320439759e-02 9.3217518417125855e-01 6.2739680124682973e-01
-6.9846379957030830e-02 9.2180158337877727e-01 6.1766724703509612e-01
-7.8068703413902873e-02 9.1130551337996069e-01 6.0790104162196879e-01
-8.6135147976459561e-02 9.0068919396365499e-01 5.9810012444744931e-01
-9.4043211514468816e-02 8.8995438581783248e-01 5.8826595806077275e-01
-1.0179039975265053e-01 8.7910290473244834e-01 5.7840008323292602e-01
-1.0937422743502785e-01 8.6813662193680985e-01 5.6850412139134177e-01
-1.1679042148178519e-01 8.5705627928443240e-01 5.5857837481461781e-01
-1.2403625327307589e-01 8.4586379886911645e-01 5.4862449486729403e-01
-1.3111099724922565e-01 8.3456240882227295e-01 5.3864573544944117e-01
-1.3801221040637324e-01 8.2315421726620031e-01 5.2864406953671006e-01
-1.4473462684877741e-01 8.1163975854346648e-01 5.1861949837997479e-01
-1.5127629462108513e-01 8.0002166894198623e-01 5.0857460497775020e-01
-1.5763683611636245e-01 7.8830344006332131e-01 4.9851314678521796e-01
-1.6381085223117034e-01 7.7648587096637633e-01 4.8843540504975547e-01
-1.6979571422286352e-01 7.6457139587228073e-01 4.7834375597179690e-01
-1.7559199822124980e-01 7.5256404350964912e-01 4.6824282332579725e-01
-1.8119090049012954e-01 7.4046339701620167e-01 4.5813104366206386e-01
-1.8659563549883146e-01 7.2827479485511171e-01 4.4801495815136555e-01
-1.9179932923520487e-01 7.1599902093672496e-01 4.3789459548744153e-01
-1.9680186323252061e-01 7.0363990508752272e-01 4.2777445331528258e-01
-2.0159814912488982e-01 6.9119930503733562e-01 4.1765602467286622e-01
-2.0618801043712834e-01 6.7868106950484575e-01 4.0754393900931202e-01
-2.1056480643958334e-01 6.6608676525627120e-01 3.9743906311289934e-01
-2.1473065081701584e-01 6.5342111796184588e-01 3.8734757889956722e-01
-2.1867713030806935e-01 6.4068541026677139e-01 3.7726964723823969e-01
-2.2240520171304626e-01 6.2788408512184768e-01 3.6721099299661109e-01
-2.2591254676851402e-01 6.1502052118591832e-01 3.5717552281528236e-01
-2.2919212346633200e-01 6.0209700759831786e-01 3.4716475027560267e-01
-2.3224389464908535e-01 5.8911783312571842e-01 3.3718416022097059e-01
-2.3506540260893058e-01 5.7608667058207930e-01 3.2723801464465613e-01
-2.3765334701729365e-01 5.6300711225165967e-01 3.1733027977021933e-01
-2.4000442479563450e-01 5.4988289398483581e-01 3.0746508265747441e-01
-2.4211378365330624e-01 5.3671766605422799e-01 2.9764597050718467e-01
-2.4398052427552214e-01 5.2351586698822916e-01 2.8787857255501803e-01
-2.4560153004132898e-01 5.1028165688043470e-01 2.7816756340175974e-01
-2.4697374046169823e-01 4.9701934631751671e-01 2.6851779956908456e-01
-2.4809415670130286e-01 4.8373339618714256e-01 2.5893431905970243e-01
-2.4895984712513181e-01 4.7042841730954338e-01 2.4942234041668687e-01
-2.4956684834611789e-01 4.5710912996849462e-01 2.3998679885984431e-01
-2.4991188502686493e-01 4.4378049698644700e-01 2.3063309833329068e-01
-2.4999321721482831e-01 4.3044766389437883e-01 2.2136741492184311e-01
-2.4980823878935784e-01 4.1711587034257191e-01 2.1219568589945162e-01
-2.4935310541758079e-01 4.0379056020206333e-01 2.0312351114034782e-01
-2.4862264163000095e-01 3.9047751242656115e-01 1.9415617202840452e-01
-2.4761801571810874e-01 3.7718234793720984e-01 1.8530145025103378e-01
-2.4633135295052963e-01 3.6391151665386584e-01 1.7656395305838854e-01
-2.4476447764948847e-01 3.5067084709169061e-01 1.6795188288396284e-01
-2.4290874732275383e-01 3.3746757129665428e-01 1.5946995411509710e-01
-2.4076560623656901e-01 3.2430791389562802e-01 1.5112642580199523e-01
-2.3833097145035448e-01 3.1119904539171284e-01 1.4292779343284173e-01
-2.3559927489567489e-01 2.9814884726421431e-01 1.3488026675893605e-01
-2.3256905648864451e-01 2.8516473915469626e-01 1.2699143633591589e-01
-2.2923730245472834e-01 2.7225473122257016e-01 1.1926849138478603e-01
-2.2560075752086423e-01 2.5942725204590161e-01 1.1171864068233439e-01
-2.2165639825610098e-01 2.4669105413499931e-01 1.0434923605723172e-01
-2.1739861374086078e-01 2.3405619979514952e-01 9.7167056485782666e-02
-2.1282688568076777e-01 2.2153155144558692e-01 9.0180236438473602e-02
-2.0793810464886212e-01 2.0912723388756749e-01 8.3396267724562781e-02
-2.0272646510538322e-01 1.9685507968243138e-01 7.6822088937256325e-02
-1.9719079352587909e-01 1.8472567457943564e-01 7.0465717956073162e-02
-1.9132756101251128e-01 1.7275119202158315e-01 6.4334634680271785e-02
-1.8513280886240477e-01 1.6094482226171161e-01 5.8436245754458840e-02
-1.7860316609048604e-01 1.4932034909862066e-01 5.2778066280874461e-02
-1.7173588785503527e-01 1.3789212435918999e-01 4.7367679715734329e-02
-1.6452773583674996e-01 1.2667580822544636e-01 4.2212518093258579e-02
-1.5697447965939146e-01 1.1568895708738017e-01 3.7319794143621625e-02
-1.4907309363980711e-01 1.0494979872334943e-01 3.2696832208608279e-02
-1.4082085594882204e-01 9.4477886306218173e-02 2.8350873446545032e-02
-1.3221307001748303e-01 8.4296285086512768e-02 2.4288784294733742e-02
-1.2324798607382909e-01 7.4427912720884087e-02 2.0517646376984656e-02
-1.1392062145295334e-01 6.4901313477648881e-02 1.7044010597151268e-02
-1.0422822335686520e-01 5.5746492991233951e-02 1.3874496506051312e-02
-9.4167556697986946e-02 4.6998159245340350e-02 1.1015462119129866e-02
-8.3735093534981250e-02 3.8696914193959264e-02 8.4730194306082279e-03
-7.2926945928241046e-02 3.0891382052804658e-02 6.2530259477864515e-03
-6.1740097214956331e-02 2.3639457444197747e-02 4.3611399420052932e-03
-5.0171053380373407e-02 1.7014917434211570e-02 2.8027107469483438e-03
-3.8215877560487603e-02 1.1116853949190639e-02 1.5827844749700883e-03
-2.5871256197518257e-02 6.0871825814100659e-03 7.0612632313361856e-04
-1.3133923764653914e-02 2.1646502576696280e-03 1.7716996866808018e-04
-2.2204350917972752e-15 -6.9757255213957794e-18 0.0000000000000000e+00
-1.3133923764660374e-02 -2.1646502576712213e-03 1.7716996866808029e-04
-2.5871256197523101e-02 -6.0871825814118128e-03 7.0612632313406232e-04
-3.8215877560491072e-02 -1.1116853949192223e-02 1.5827844749705317e-03
-5.0171053380376453e-02 -1.7014917434213218e-02 2.8027107469485654e-03
-6.1740097214958232e-02 -2.3639457444198902e-02 4.3611399420055144e-03
-7.2926945928241602e-02 -3.0891382052805033e-02 6.2530259477866727e-03
-8.3735093534982291e-02 -3.8696914193960069e-02 8.4730194306084482e-03
-9.4167556697987903e-02 -4.6998159245341134e-02 1.1015462119130305e-02
-1.0422822335686575e-01 -5.5746492991234443e-02 1.3874496506051531e-02
-1.1392062145295467e-01 -6.4901313477650172e-02 1.7044010597151486e-02
-1.2324798607382922e-01 -7.4427912720884240e-02 2.0517646376984656e-02
-1.3221307001748331e-01 -8.4296285086513101e-02 2.4288784294733742e-02
-1.4082085594882168e-01 -9.4477886306217729e-02 2.8350873446545032e-02
-1.4907309363980684e-01 -1.0494979872334906e-01 3.2696832208608063e-02
-1.5697447965939124e-01 -1.1568895708737981e-01 3.7319794143621410e-02
-1.6452773583675026e-01 -1.2667580822544686e-01 4.2212518093258787e-02
-1.7173588785503566e-01 -1.3789212435919063e-01 4.7367679715734752e-02
-1.7860316609048618e-01 -1.4932034909862094e-01 5.2778066280874461e-02
-1.8513280886240471e-01 -1.6094482226171147e-01 5.8436245754458840e-02
-1.9132756101251056e-01 -1.7275119202158173e-01 6.4334634680271161e-02
-1.9719079352587809e-01 -1.8472567457943351e-01 7.0465717956071913e-02
-2.0272646510538270e-01 -1.9685507968243021e-01 7.6822088937255714e-02
-2.0793810464886200e-01 -2.0912723388756721e-01 8.3396267724562781e-02
-2.1282688568076802e-01 -2.2153155144558753e-01 9.0180236438473810e-02
-2.1739861374086131e-01 -2.3405619979515110e-01 9.7167056485783679e-02
-2.2165639825610103e-01 -2.4669105413499950e-01 1.0434923605723193e-01
-2.2560075752086470e-01 -2.5942725204590322e-01 1.1171864068233538e-01
-2.2923730245472856e-01 -2.7225473122257099e-01 1.1926849138478662e-01
-2.3256905648864462e-01 -2.8516473915469670e-01 1.2699143633591609e-01
-2.3559927489567489e-01 -2.9814884726421431e-01 1.3488026675893605e-01
-2.3833097145035467e-01 -3.1119904539171367e-01 1.4292779343284212e-01
-2.4076560623656909e-01 -3.2430791389562852e-01 1.5112642580199562e-01
-2.4290874732275378e-01 -3.3746757129665395e-01 1.5946995411509673e-01
-2.4476447764948833e-01 -3.5067084709168961e-01 1.6795188288396209e-01
-2.4633135295052949e-01 -3.6391151665386462e-01 1.7656395305838779e-01
-2.4761801571810871e-01 -3.7718234793720934e-01 1.8530145025103359e-01
-2.4862264163000086e-01 -3.9047751242655993e-01 1.9415617202840360e-01
-2.4935310541758071e-01 -4.0379056020206161e-01 2.0312351114034671e-01
-2.4980823878935782e-01 -4.1711587034256997e-01 2.1219568589945037e-01
-2.4999321721482831e-01 -4.3044766389437639e-01 2.2136741492184150e-01
-2.4991188502686498e-01 -4.4378049698644362e-01 2.3063309833328841e-01
-2.4956684834611803e-01 -4.5710912996849062e-01 2.3998679885984134e-01
-2.4895984712513217e-01 -4.7042841730953749e-01 2.4942234041668274e-01
-2.4809415670130336e-01 -4.8373339618713668e-01 2.5893431905969816e-01
-2.4697374046169876e-01 -4.9701934631751116e-01 2.6851779956908051e-01
-2.4560153004132948e-01 -5.1028165688043015e-01 2.7816756340175641e-01
-2.4398052427552283e-01 -5.2351586698822405e-01 2.8787857255501403e-01
-2.4211378365330702e-01 -5.3671766605422278e-01 2.9764597050718089e-01
-2.4000442479563519e-01 -5.4988289398483170e-01 3.0746508265747130e-01
-2.3765334701729457e-01 -5.6300711225165478e-01 3.1733027977021561e-01
-2.3506540260893147e-01 -5.7608667058207497e-01 3.2723801464465291e-01
-2.3224389464908618e-01 -5.8911783312571453e-01 3.3718416022096770e-01
-2.2919212346633291e-01 -6.0209700759831430e-01 3.4716475027560001e-01
-2.2591254676851519e-01 -6.1502052118591366e-01 3.5717552281527881e-01
-2.2240520171304751e-01 -6.2788408512184324e-01 3.6721099299660753e-01
-2.1867713030807090e-01 -6.4068541026676629e-01 3.7726964723823558e-01
-2.1473065081701748e-01 -6.5342111796184077e-01 3.8734757889956317e-01
-2.1056480643958542e-01 -6.6608676525626509e-01 3.9743906311289456e-01
-2.0618801043713059e-01 -6.7868106950483931e-01 4.0754393900930680e-01
-2.0159814912489266e-01 -6.9119930503732818e-01 4.1765602467286006e-01
-1.9680186323252308e-01 -7.0363990508751639e-01 4.2777445331527736e-01
-1.9179932923520779e-01 -7.1599902093671774e-01 4.3789459548743564e-01
-1.8659563549883446e-01 -7.2827479485510493e-01 4.4801495815136000e-01
-1.8119090049013267e-01 -7.4046339701619479e-01 4.5813104366205809e-01
-1.7559199822125315e-01 -7.5256404350964212e-01 4.6824282332579131e-01
-1.6979571422286657e-01 -7.6457139587227441e-01 4.7834375597179141e-01
-1.6381085223117325e-01 -7.7648587096637067e-01 4.8843540504975069e-01
-1.5763683611636548e-01 -7.8830344006331565e-01 4.9851314678521297e-01
-1.5127629462108866e-01 -8.0002166894197990e-01 5.0857460497774465e-01
-1.4473462684878072e-01 -8.1163975854346071e-01 5.1861949837996968e-01
-1.3801221040637665e-01 -8.2315421726619453e-01 5.2864406953670506e-01
-1.3111099724922906e-01 -8.3456240882226729e-01 5.3864573544943617e-01
-1.2403625327307956e-01 -8.4586379886911056e-01 5.4862449486728859e-01
-1.1679042148178861e-01 -8.5705627928442718e-01 5.5857837481461314e-01
-1.0937422743503172e-01 -8.6813662193680430e-01 5.6850412139133655e-01
-1.0179039975265393e-01 -8.7910290473244346e-01 5.7840008323292158e-01
-9.4043211514472536e-02 -8.8995438581782738e-01 5.8826595806076809e-01
-8.6135147976463544e-02 -9.0068919396364955e-01 5.9810012444744420e-01
-7.8068703413906287e-02 -9.1130551337995613e-01 6.0790104162196468e-01
-6.9846379957034882e-02 -9.2180158337877205e-01 6.1766724703509113e-01
-6.1470059320443464e-02 -9.3217518417125389e-01 6.2739680124682529e-01
-5.2942007511571999e-02 -9.4242440972135311e-01 6.3708813970458811e-01
-4.4265885128154540e-02 -9.5254858774659834e-01 6.4674101971222620e-01
-3.5444205748080472e-02 -9.6254618369834477e-01 6.5635427059220464e-01
-2.6479484983341607e-02 -9.7241571581926667e-01 6.6592678816681050e-01
-1.7374239422870846e-02 -9.8215575466967697e-01 6.7545753256927121e-01
-8.1309855934182437e-03 -9.9176492263384997e-01 6.8494552610090942e-01
1.2477610611523252e-03 -1.0012418934068141e+00 6.9438985113520235e-01
1.0759487181821853e-02 -1.0105853914621488e+00 7.0378964806944500e-01
2.0401682477267504e-02 -1.0197941915012632e+00 7.1314411332446659e-01
3.0171840687306186e-02 -1.0288671178846966e+00 7.2245249739271122e-01
4.0067460526596307e-02 -1.0378030440459400e+00 7.3171410293479178e-01
5.0086046608316545e-02 -1.0466008918883163e+00 7.4092828292450486e-01
6.0225110347514897e-02 -1.0552596311654396e+00 7.5009443884214011e-01
7.0482170843865960e-02 -1.0637782788457917e+00 7.5921201891580670e-01
8.0855303041877657e-02 -1.0721552109056467e+00 7.6827987364806194e-01
9.1342433699520109e-02 -1.0803889717816149e+00 7.7729702877670359e-01
1.0194028801101458e-01 -1.0884797005115912e+00 7.8626399339517150e-01
1.1264641283182053e-01 -1.0964265914770182e+00 7.9518038502202004e-01
1.2345836668355063e-01 -1.1042288832217311e+00 8.0404585991990485e-01
1.3437372051691313e-01 -1.1118858577347936e+00 8.1286011161240290e-01
1.4539005845252242e-01 -1.1193968397210909e+00 8.2162286944458451e-01
1.5650581182188930e-01 -1.1267599185194384e+00 8.3033275613134438e-01
1.6771920826205064e-01 -1.1339734084916528e+00 8.3898861574061190e-01
1.7902646663954003e-01 -1.1410388317762363e+00 8.4759214195872679e-01
1.9042521867848472e-01 -1.1479556739239305e+00 8.5614319334661781e-01
2.0191311258352840e-01 -1.1547234597450986e+00 8.6464165779140179e-01
2.1348927776768331e-01 -1.1613391477581085e+00 8.7308518554877879e-01
2.2515109021616189e-01 -1.1678026383060194e+00 8.8147400933389952e-01
2.3689507885743019e-01 -1.1741155651727273e+00 8.8980984316552458e-01
2.4871895145334227e-01 -1.1802776013567784e+00 8.9809268045252644e-01
2.6062210019477067e-01 -1.1862850966490333e+00 9.0631966950127230e-01
2.7260171341008022e-01 -1.1921385937623501e+00 9.1449156269622200e-01
2.8465439326486353e-01 -1.1978401147895756e+00 9.2261034665876729e-01
2.9677824706556372e-01 -1.2033887327366575e+00 9.3067548149322021e-01
3.0897326758602783e-01 -1.2087791299738340e+00 9.3868273526925994e-01
3.2123465594556366e-01 -1.2140167638657700e+00 9.4663695494186628e-01
3.3356024026873626e-01 -1.2191015417829545e+00 9.5453828052786160e-01
3.4595062849452879e-01 -1.2240263072426150e+00 9.6238096428788356e-01
3.5840092677434660e-01 -1.2287975317164563e+00 9.7017062546860244e-01
3.7090904637646915e-01 -1.2334151060419594e+00 9.7790736764535124e-01
3.8347541718671507e-01 -1.2378717123260368e+00 9.8558533929262215e-01
3.9609515871194984e-01 -1.2421748168012592e+00 9.9321090189739913e-01
4.0876709242385978e-01 -1.2463217568699385e+00 1.0007820372308593e+00
4.2149007917004283e-01 -1.2503092865628502e+00 1.0082962569183338e+00
4.3426015798012330e-01 -1.2541433332589031e+00 1.0157585784698635e+00
4.4707724176655200e-01 -1.2578172143734152e+00 1.0231636969601916e+00
4.5993796720844154e-01 -1.2613352245524445e+00 1.0305152595005052e+00
4.7284034295488525e-01 -1.2646973292756845e+00 1.0378133707931372e+00
4.8578342703060995e-01 -1.2678991145224241e+00 1.0450545736719588e+00
4.9876341638708632e-01 -1.2709478707575990e+00 1.0522448897296588e+00
5.1178046015653300e-01 -1.2738343373308556e+00 1.0593769369728920e+00
5.2483060939342352e-01 -1.2765671786057495e+00 1.0664578065461454e+00
5.3791313548364661e-01 -1.2791406139652599e+00 1.0734829250198126e+00
5.5102541064482835e-01 -1.2815578467863882e+00 1.0804549432174280e+00
5.6416567597323797e-01 -1.2838180426419448e+00 1.0873732589073990e+00
5.7733214562103918e-01 -1.2859201609325364e+00 1.0942370869699256e+00
5.9052246608833692e-01 -1.2878670891097241e+00 1.1010487920372383e+00
6.0373530474725245e-01 -1.2896547682081740e+00 1.1078051509851448e+00
6.1696805879484062e-01 -1.2912885768713949e+00 1.1145104978604083e+00
6.3021955013109676e-01 -1.2927626675077124e+00 1.1211601625820973e+00
6.4348718212816769e-01 -1.2940836773400961e+00 1.1277594584729165e+00
6.5676972186728755e-01 -1.2952451996005858e+00 1.1343032522226451e+00
6.7006474532839422e-01 -1.2962538999474555e+00 1.1407968540064972e+00
6.8337084391324698e-01 -1.2971040372377072e+00 1.1472356432840343e+00
6.9668584454737303e-01 -1.2978010822201695e+00 1.1536239527606260e+00
7.1000812953959180e-01 -1.2983411752362843e+00 1.1599586425462305e+00
7.2333576813201450e-01 -1.2987273798414214e+00 1.1662421020249176e+00
7.3666698635997674e-01 -1.2989589205591989e+00 1.1724736313448327e+00
7.5000000148840529e-01 -1.2990352567132326e+00 1.1786527195441687e+00
7.6333302094535571e-01 -1.2989598824048709e+00 1.1847820573434391e+00
7.7666423153208697e-01 -1.2987274750355560e+00 1.1908572855813500e+00
7.8999203726563771e-01 -1.2983467956355488e+00 1.1968852933567404e+00
8.0331435073034096e-01 -1.2978070854175821e+00 1.2028573355367023e+00
8.1662984620964418e-01 -1.2971195101779678e+00 1.2087822193479367e+00
8.2993646074286054e-01 -1.2962774170363935e+00 1.2146544530838159e+00
8.4323266787692297e-01 -1.2952844359419029e+00 1.2204767918424275e+00
8.5651687566775248e-01 -1.2941420678577349e+00 1.2262502637861672e+00
8.6978690451694296e-01 -1.2928453104870929e+00 1.2319706576925555e+00
8.8304185392044543e-01 -1.2914025421406929e+00 1.2376445276636914e+00
8.9627917553238212e-01 -1.2898061265375771e+00 1.2432654969694610e+00
9.0949786439003333e-01 -1.2880621609048268e+00 1.2488382757213830e+00
9.2269631980739519e-01 -1.2861711223902166e+00 1.2543630176356311e+00
9.3587207885304180e-01 -1.2841279219479198e+00 1.2598353481280600e+00
9.4902471264726040e-01 -1.2819408107155770e+00 1.2652617176570720e+00
9.6215165181188800e-01 -1.2796044259660151e+00 1.2706374883366327e+00
9.7525159432669850e-01 -1.2771211423706856e+00 1.2759643190525320e+00
9.8832372964598858e-01 -1.2744953737539060e+00 1.2812455336326665e+00
1.0013647750048642e+00 -1.2717193134766829e+00 1.2864744194536650e+00
1.0143746532490461e+00 -1.2688007103494612e+00 1.2916570293303529e+00
1.0273519566027054e+00 -1.2657404784305906e+00 1.2967937981684703e+00
1.0402932792403836e+00 -1.2625314901804094e+00 1.3018784866783473e+00
1.0531991306690109e+00 -1.2591827306407100e+00 1.3069181865516113e+00
1.0660676360728114e+00 -1.2556931803665150e+00 1.3119116964457063e+00
1.0788957094246794e+00 -1.2520578071921746e+00 1.3168544355314276e+00
1.0916838639235926e+00 -1.2482844387295238e+00 1.3217525596370530e+00
1.1044302207418004e+00 -1.2443721745836234e+00 1.3266049231829451e+00
1.1171315822510948e+00 -1.2403162105503729e+00 1.3314070565915848e+00
1.1297886686420122e+00 -1.2361241500322109e+00 1.3361649549633576e+00
1.1423999108314642e+00 -1.2317960929226082e+00 1.3408782806594819e+00
1.1549614004735582e+00 -1.2273256910530306e+00 1.3455411633223164e+00
1.1674743523134989e+00 -1.2227212099014746e+00 1.3501601949934605e+00
1.1799374074125557e+00 -1.2179833061298975e+00 1.3547354820588386e+00
1.1923466648165977e+00 -1.2131062349744695e+00 1.3592615722251757e+00
1.2047027255181679e+00 -1.2080959445431467e+00 1.3637430991496213e+00
1.2170047520723895e+00 -1.2029543997141716e+00 1.3681812686170658e+00
1.2292498836246075e+00 -1.1976787757663312e+00 1.3725730850754863e+00
1.2414366109249757e+00 -1.1922696129464552e+00 1.3769184666938676e+00
1.2535652647286510e+00 -1.1867314723811193e+00 1.3812208778600759e+00
1.2656345555770998e+00 -1.1810650948166892e+00 1.3854804265813259e+00
1.2776398501649937e+00 -1.1752643599226269e+00 1.3896910614048070e+00
1.2895831067630776e+00 -1.1693369760957073e+00 1.3938590646934694e+00
1.3014630918501715e+00 -1.1632837701281842e+00 1.3979845906621540e+00
1.3132773086920293e+00 -1.1571031703392791e+00 1.4020655978617513e+00
1.3250234664622700e+00 -1.1507941890887998e+00 1.4061005306441687e+00
1.3367025457453645e+00 -1.1443618992945119e+00 1.4100933678217349e+00
1.3483133298489749e+00 -1.1378071190105110e+00 1.4140442164359368e+00
1.3598525614282764e+00 -1.1311271716784477e+00 1.4179499120284345e+00
1.3713194614218960e+00 -1.1243238184249398e+00 1.4218113764363338e+00
1.3827143943919917e+00 -1.1174006140552555e+00 1.4256312282842150e+00
1.3940361861571990e+00 -1.1103584177860224e+00 1.4294095732289485e+00
1.4052814148738433e+00 -1.1031945898373789e+00 1.4331431558687586e+00
1.4164496558830164e+00 -1.0959113338788691e+00 1.4368332999044129e+00
1.4275412210336118e+00 -1.0885118443310318e+00 1.4404823055499829e+00
1.4385549794574721e+00 -1.0809970194828797e+00 1.4440902765166572e+00
1.4494880513548911e+00 -1.0733652720845033e+00 1.4476548576053441e+00
1.4603389851814570e+00 -1.0656171921520554e+00 1.4511757809260333e+00
1.4711087165618002e+00 -1.0577566474849582e+00 1.4546560290630950e+00
1.4817961586497774e+00 -1.0497845733908213e+00 1.4580957032994635e+00
1.4923997760425762e+00 -1.0417013183128490e+00 1.4614942987441539e+00
1.5029155142732178e+00 -1.0335040660974764e+00 1.4648480448280059e+00
1.5133457078790535e+00 -1.0251982607662107e+00 1.4681615661778493e+00
1.5236893146575987e+00 -1.0167848726313973e+00 1.4714349612336701e+00
1.5339453031856218e+00 -1.0082648804774039e+00 1.4746683278220134e+00
1.5441104460814752e+00 -9.9963669584401349e-01 1.4778590337560737e+00
1.5541841647137240e+00 -9.9090195357531552e-01 1.4810077945988740e+00
1.5641671857409047e+00 -9.8206370757757255e-01 1.4841168621030303e+00
1.5740585230742870e+00 -9.7312296920303032e-01 1.4871863308128459e+00
1.5838572015940284e+00 -9.6408075769986001e-01 1.4902162945562205e+00
1.5935592004725743e+00 -9.5493488574561280e-01 1.4932032787050595e+00
1.6031656569899309e+00 -9.4568872533755688e-01 1.4961498990320707e+00
1.6126765529854921e+00 -9.3634430666543444e-01 1.4990573340252722e+00
1.6220909592521886e+00 -9.2690267917281177e-01 1.5019256738678965e+00
1.6314079577155161e+00 -9.1736489963531676e-01 1.5047550079416148e+00
1.6406237546761659e+00 -9.0772929546224057e-01 1.5075422269243999e+00
1.6497391938658132e+00 -8.9799870945870930e-01 1.5102894154989590e+00
1.6587545024489188e+00 -8.8817529178061216e-01 1.5129979012419101e+00
1.6676688087408800e+00 -8.7826012709424450e-01 1.5156677695918457e+00
1.6764812523297710e+00 -8.6825430684707838e-01 1.5182991051154933e+00
1.6851893783402134e+00 -8.5815755770890911e-01 1.5208902945155547e+00
1.6937915398439298e+00 -8.4797038427345106e-01 1.5234406144855759e+00
1.7022892956464892e+00 -8.3769597242978155e-01 1.5259526868874032e+00
1.7106818321131965e+00 -8.2733543928123499e-01 1.5284265920995255e+00
1.7189683470009665e+00 -8.1688990817488816e-01 1.5308624095706500e+00
1.7271480494838507e+00 -8.0636050859784614e-01 1.5332602178089660e+00
1.7352170194683749e+00 -7.9574601023954994e-01 1.5356169367007846e+00
1.7431767582980873e+00 -7.8504936887261467e-01 1.5379349767066912e+00
1.7510273577909383e+00 -7.7427238194767067e-01 1.5402152708047043e+00
1.7587680742814473e+00 -7.6341620202374616e-01 1.5424578930769914e+00
1.7663981756177831e+00 -7.5248198727832627e-01 1.5446629166194865e+00
1.7739169411830302e+00 -7.4147090140617877e-01 1.5468304135333888e+00
1.7813202638507484e+00 -7.3038186609434352e-01 1.5489571852183515e+00
1.7886102633064791e+00 -7.1921801832440702e-01 1.5510460579127312e+00
1.7957868167880864e+00 -7.0798091662424645e-01 1.5530976444541473e+00
1.8028492511260179e+00 -6.9667174527214470e-01 1.5551120123313114e+00
1.8097969047628377e+00 -6.8529169355791586e-01 1.5570892280022703e+00
1.8166291277707605e+00 -6.7384195568425864e-01 1.5590293568877007e+00
1.8233429474562057e+00 -6.6232238452439851e-01 1.5609303018095331e+00
1.8299384775934744e+00 -6.5073468899202758e-01 1.5627928440200807e+00
1.8364166839305163e+00 -6.3908100784293143e-01 1.5646185163569812e+00
1.8427769641942084e+00 -6.2736255346832182e-01 1.5664073794829130e+00
1.8490187278019095e+00 -6.1558054268195261e-01 1.5681594929950873e+00
1.8551413958757659e+00 -6.0373619662392441e-01 1.5698749154199894e+00
1.8611444012565004e+00 -5.9183074066480734e-01 1.5715537042083363e+00
1.8670233640241467e+00 -5.7986354558670150e-01 1.5731925071084041e+00
1.8727815121224651e+00 -5.6783776729219937e-01 1.5747947731836445e+00
1.8784183574960225e+00 -5.5575466421786868e-01 1.5763605946211656e+00
1.8839333808170677e+00 -5.4361547723728709e-01 1.5778900239839986e+00
1.8893260745213838e+00 -5.3142145098079518e-01 1.5793831127385098e+00
1.8945959428193779e+00 -5.1917383374191373e-01 1.5808399112504830e+00
1.8997423787657159e+00 -5.0687382668634151e-01 1.5822603622229368e+00
1.9047613461798991e+00 -4.9452125866610047e-01 1.5836414383533717e+00
1.9096560650883914e+00 -4.8211894612271455e-01 1.5849863886330591e+00
1.9144260876188606e+00 -4.6966815064170986e-01 1.5862952584570273e+00
1.9190709777078037e+00 -4.5717013701146952e-01 1.5875680921036406e+00
1.9235903111093455e+00 -4.4462617313174818e-01 1.5888049327315772e+00
1.9279836754036517e+00 -4.3203752992244204e-01 1.5900058223769475e+00
1.9322506700049538e+00 -4.1940548123264443e-01 1.5911708019505442e+00
1.9363881495776765e+00 -4.0673041764389395e-01 1.5922975925366376e+00
1.9403974965912825e+00 -3.9401425163632142e-01 1.5933877296585814e+00
1.9442793397288272e+00 -3.8125859452445959e-01 1.5944420883528043e+00
1.9480333264065983e+00 -3.6846473060013413e-01 1.5954607044778859e+00
1.9516591158975884e+00 -3.5563394663912740e-01 1.5964436127560198e+00
1.9551563793376949e+00 -3.4276753181199388e-01 1.5973908467709399e+00
1.9585247997315947e+00 -3.2986677759510530e-01 1.5983024389659575e+00
1.9617636151361098e+00 -3.1693286572922014e-01 1.5991780441355092e+00
1.9648697488978959e+00 -3.0396645131626260e-01 1.6000154064561671e+00
1.9678461578398709e+00 -2.9096965778769746e-01 1.6008172294283112e+00
1.9706925729986557e+00 -2.7794378466205183e-01 1.6015835403941223e+00
1.9734087372949611e+00 -2.6489013332948125e-01 1.6023143655476215e+00
1.9759944055379703e+00 -2.5181000696423272e-01 1.6030097299332413e+00
1.9784493444294367e+00 -2.3870471043727312e-01 1.6036696574444875e+00
1.9807733325674992e+00 -2.2557555022910061e-01 1.6042941708226761e+00
1.9829652606293759e+00 -2.1242368892586952e-01 1.6048825622593701e+00
1.9850230774610613e+00 -1.9925018038594089e-01 1.6054333553753022e+00
1.9869493499451971e+00 -1.8605680660736010e-01 1.6059488034731058e+00
1.9887439047301678e+00 -1.7284487943917057e-01 1.6064289241559735e+00
1.9904065803696747e+00 -1.5961571191513077e-01 1.6068737338701788e+00
1.9919372273253404e+00 -1.4637061816750660e-01 1.6072832479042451e+00
1.9933357079690603e+00 -1.3311091334097039e-01 1.6076574803881867e+00
1.9946018965851129e+00 -1.1983791350659909e-01 1.6079964442928159e+00
1.9957350462297816e+00 -1.0655288474579201e-01 1.6082996432509524e+00
1.9967326969781105e+00 -9.3256995770679210e-02 1.6085651978177868e+00
1.9975977499598723e+00 -7.9951833303312292e-02 1.6087955194025334e+00
1.9983301275149274e+00 -6.6638716166961334e-02 1.6089906158171239e+00
1.9989297638997385e+00 -5.3318963692340772e-02 1.6091504937119943e+00
1.9993966052884338e+00 -3.9993895632119907e-02 1.6092751585757590e+00
1.9997306097736407e+00 -2.6664832075494353e-02 1.6093646147349439e+00
1.9999317473670912e+00 -1.3333093362771779e-02 1.6094188653537873e+00
