# x y correction
-9.7110451192078084e-01 -8.4833745318681986e-01 2.4886984502155455e-04
-9.7097032703676855e-01 -7.9612097421333261e-01 2.1970282874867435e-04
-9.5403391416333594e-01 -8.0814307199348279e-01 1.5839659758481756e-04
-9.1000157242815705e-01 -8.2411706245457694e-01 4.6105191430711472e-06
-8.8473907947372799e-01 -7.6802202737674818e-01 -2.3205721924942094e-05
-8.7879055417630769e-01 -7.0766321248841635e-01 -1.2389783763495407e-05
-8.9740477213118708e-01 -6.4793697571145137e-01 -3.0273671387843798e-05
-8.6100783035898776e-01 -6.0824454981185117e-01 8.6748040840152021e-06
-8.3269256049759210e-01 -5.8175667196521474e-01 2.6500724819773669e-05
-7.8542119251582387e-01 -5.4177381859545526e-01 5.5016702734073857e-05
-7.7193282963654075e-01 -4.8317616937504582e-01 4.0069862073046739e-06
-7.5819586846078912e-01 -4.2573721852471191e-01 -1.5996992518043508e-05
-7.8120945603408865e-01 -3.6973371606164179e-01 -7.0447462521050741e-05
-8.0438876413871474e-01 -3.1303036108920806e-01 -9.5431001499333618e-05
-7.6464092316209853e-01 -2.9445968689219143e-01 2.5447286316461824e-05
-7.2899821440482848e-01 -2.4856698341956482e-01 7.6634231309496851e-05
-7.2876318923041883e-01 -1.9075966130825711e-01 5.3892623051599319e-05
-7.7246983470942654e-01 -1.4565565025138882e-01 2.9390940996400563e-05
-8.2449616583616459e-01 -1.1776368142240182e-01 3.8463938898350012e-05
-8.1837594416431525e-01 -5.7572808917780022e-02 1.6109386465314301e-05
-8.0722071034955056e-01 4.4343843780255948e-03 -8.0491318170038261e-05
-8.2388550091438251e-01 6.3455761989654191e-02 -2.3809722682185018e-05
-8.3442521493628619e-01 1.2125817483191759e-01 5.7994660931640594e-05
-8.3041068523271988e-01 1.8008440056712471e-01 2.5646056273925889e-05
-8.3484892348425332e-01 2.3354214019646610e-01 2.3908404715963581e-05
-8.3632245801034344e-01 2.8660113307728941e-01 -1.6310213387612669e-05
-8.2576167592529137e-01 3.4265526339091207e-01 -8.0724851362070287e-05
-7.8430049233834231e-01 3.8929231771693612e-01 -1.7718903839049701e-05
-7.4276513011146206e-01 4.3585870547724093e-01 3.6606043097973413e-05
-6.8456524603294311e-01 4.5748793134315369e-01 1.1421553784900626e-04
-6.2244213723250585e-01 4.5175590647152070e-01 7.3970438302584939e-05
-5.6077013301832668e-01 4.3927550780914598e-01 -6.9912949155962029e-05
-5.2342283599417416e-01 4.8757957116590955e-01 -1.3514543654395117e-04
-5.2708496644406055e-01 5.5016540386031387e-01 -1.0642628051286074e-04
-5.7067280862892511e-01 5.8331259714623107e-01 -3.9301423594443398e-06
-5.7186505356866701e-01 6.2429414178761311e-01 -1.8990243182661396e-05
-5.3374999092058562e-01 6.7447175221388034e-01 6.7560413716700476e-06
-4.9433293074243440e-01 7.2320060911462203e-01 3.5027545098811577e-05
-4.6706782395399316e-01 7.7612802240382861e-01 6.9197925169969072e-05
-4.6514378150385283e-01 8.3852100752566994e-01 1.2299379936149486e-04
-4.4934114287055543e-01 8.9831677506656593e-01 1.3952882300234050e-04
-4.6238831036582645e-01 9.5975349425046308e-01 -1.0330040721000625e-05
-4.0613677716854363e-01 9.6911303176121999e-01 1.1948919368132434e-04
-3.4792857271066652e-01 9.9143244255517959e-01 -1.1242433100833624e-05
-3.2477503010933029e-01 1.0365455287067966e+00 -6.7940235915749735e-05
-2.9930285552017871e-01 1.0815354828506720e+00 -5.2463999238203502e-05
-2.5923948192284302e-01 1.1300777507248074e+00 -5.7156896237742826e-05
-2.1540948366800572e-01 1.1747617790575373e+00 -5.0482289289331621e-05
-1.7777519047638451e-01 1.2175907876121626e+00 -3.9938584672845582e-05
-2.0014570655531594e-01 1.2729555454324686e+00 1.7435137048654869e-04
-1.9982746893997946e-01 1.3109293235929664e+00 2.0965031057353567e-04
-1.5331320962758593e-01 1.3477786020682432e+00 1.8835247019968415e-04
-1.2862410645003350e-01 1.4057604622339008e+00 1.6729607256645484e-04
-7.4318014112008765e-02 1.4357456977251557e+00 1.4692587496869264e-04
-2.0071809620015296e-02 1.4449514464264361e+00 5.2721893269702929e-05
3.7799141315469999e-02 1.4203780687284639e+00 -8.3631759290618186e-05
7.8721864608295625e-02 1.4643124834606696e+00 -9.9820857982867509e-05
8.5136481472570774e-02 1.5233326478702138e+00 -4.0895919983458724e-05
1.0857605396651857e-01 1.5679394382594909e+00 -1.9818304144110558e-05
1.6714013795847926e-01 1.5539336146595273e+00 -3.3326108605603158e-06
2.2949864010657023e-01 1.5490468113132512e+00 6.1457714568067197e-05
2.9033182721856765e-01 1.5323409790464557e+00 1.7426671849515496e-04
3.5123870659029688e-01 1.5160444373191861e+00 3.0872172018992340e-04
4.0377118960566227e-01 1.5500082915233928e+00 8.5034290767974882e-05
3.9280539101395384e-01 1.5877324349474213e+00 -8.5712043265081427e-05
4.2448011916639844e-01 1.6400929128093586e+00 -2.5400355221000774e-04
4.0521898470949996e-01 1.6878572730438262e+00 -2.1853222642439609e-04
4.6726352704312696e-01 1.6842459725401422e+00 1.2156548905277890e-04
5.0686938572296714e-01 1.6471793396571905e+00 -1.0630797588303668e-04
5.5980350454276151e-01 1.6172158550458426e+00 -2.6235566946243399e-05
6.0963310844933305e-01 1.5898023091501754e+00 4.6733482854884427e-05
6.5969939113273413e-01 1.5634037155868792e+00 1.4359326252187841e-04
7.1392253812812134e-01 1.5447111949668602e+00 1.9119569965102506e-04
7.7003717648320513e-01 1.5280778599609510e+00 5.7935911102136119e-05
8.2568027293728830e-01 1.5020892385682751e+00 -1.4612333233604286e-04
8.5727075824935961e-01 1.4594051038126945e+00 -5.2956686966454932e-06
9.0155557201744552e-01 1.4249348472507763e+00 2.1447768841515951e-04
8.8788974891973826e-01 1.3739256010100225e+00 1.3644667977268354e-04
8.8305905078063807e-01 1.3217386751667553e+00 7.1327172047207078e-06
9.1074938088096080e-01 1.2902339504090430e+00 1.0943230068341014e-04
9.0293320577753244e-01 1.2591549296391893e+00 -1.8123311468248548e-05
9.1689702813147489e-01 1.2032978779833572e+00 -4.1429358671987604e-05
9.5475105087388235e-01 1.1548777621352084e+00 2.2545655215688241e-04
9.4748228741951224e-01 1.1010969241651301e+00 2.9905737377321887e-05
9.1386194490846617e-01 1.0551950527054446e+00 -9.6971299041277638e-06
9.1992503061439146e-01 9.9410234547161824e-01 4.5281201442410267e-05
9.5991898399682152e-01 9.5274821469726134e-01 4.0589978234550497e-06
9.8021471343140720e-01 9.0756798080051437e-01 -1.4114762275039270e-04
9.2321028735633748e-01 9.1057581601104831e-01 1.3686132377442831e-04
8.6463832582994271e-01 9.0520426274271781e-01 2.1797112509237235e-04
8.2230792346083470e-01 9.0498468811207511e-01 1.5673034593741418e-04
8.0792269709118969e-01 9.0347697297054719e-01 1.2423547300665041e-04
7.5696185693026397e-01 9.2169207980650747e-01 3.5552704695963639e-05
7.2817927539208349e-01 9.1943501175326547e-01 1.1078762412440626e-05
7.0158313289526308e-01 8.7341131500931690e-01 -5.1861125930661254e-05
6.6332579597043284e-01 8.6640665027881014e-01 -5.3146302510535985e-05
6.2772338506868941e-01 8.6234660259749785e-01 -4.2057758774680214e-06
6.4900734186041398e-01 8.3457011371108281e-01 -1.1132296965742376e-04
6.2327609400344197e-01 8.0651670289927258e-01 -1.2527544912805384e-04
5.7507773263043960e-01 7.8619220556371661e-01 -9.5377122760792219e-05
5.8682954323005787e-01 7.5143170026718253e-01 -1.5524055814449594e-04
5.6530058002710670e-01 7.0251071807328669e-01 -1.5283928115155130e-04
5.2347204665133651e-01 6.7122453955413686e-01 -1.2036664984951897e-04
5.3088431058049301e-01 6.2970144355863922e-01 -1.1997682251634135e-04
5.5893382074788334e-01 5.8226526388968514e-01 3.1974854572839565e-05
5.7046992409473540e-01 5.3943078787893972e-01 3.1904954777906805e-04
5.2282912975487894e-01 5.1043076713798774e-01 9.8987257092782101e-05
4.9187468547258023e-01 4.6069076006061538e-01 -4.9580275847080085e-06
4.5720034660590220e-01 4.1564792149107838e-01 -1.5310052946980129e-04
4.1682281151529538e-01 3.9702995523922063e-01 -1.7918606133086564e-04
3.6870538563983007e-01 3.7509008970056051e-01 -1.8774721055867839e-04
3.1986613507488976e-01 3.4108824000520871e-01 -1.0673858988778721e-04
2.7347418708247495e-01 3.4892284051017358e-01 5.0736799563499540e-05
2.4065336997413259e-01 3.1445454520863858e-01 4.8736379844771307e-05
2.1008416368338181e-01 2.7239785475598127e-01 7.5426129655568202e-05
1.5858710130965906e-01 2.7019470153434622e-01 1.2697488424152014e-04
1.2541734866805099e-01 2.2629197334327306e-01 7.4813548622601481e-05
7.8416383489594260e-02 1.9918130654057417e-01 3.0373397055583239e-05
7.8914694298752974e-02 1.7280214105632985e-01 1.2432918430836211e-05
4.0421731984041240e-02 1.9354038597165210e-01 -4.9430826576323798e-06
1.1737178699827074e-02 2.1010991922925257e-01 -2.6695960248241722e-05
2.6020326207969988e-02 1.6817283313361811e-01 -2.9734287194680459e-05
2.4938830966825285e-02 1.2251495672993062e-01 -1.3453749956984434e-05
7.5122885711540353e-03 8.3937607307186177e-02 -6.8803261798727965e-06
-3.8844899346970080e-02 8.4353302979586917e-02 -5.5433868260032078e-05
-5.2481635257408815e-02 3.9026836727317459e-02 -1.8981795862207744e-05
-3.1279062722369688e-02 -1.1371906860741474e-02 6.8962264670250568e-05
-5.5885090062568178e-02 -6.6897004518634368e-02 1.0253137270888895e-04
-6.2338775529936774e-02 -1.0712620297570688e-01 1.7529556508616363e-04
-9.5643154914303627e-02 -1.4150969121501772e-01 1.2920174963348502e-04
-9.3204652243402603e-02 -1.9471440451894062e-01 1.4372147628279432e-04
-8.5927360904577033e-02 -2.4932371389364749e-01 1.4214094501242589e-04
-8.4914853028709991e-02 -3.0874476573472148e-01 5.4596240547741140e-05
-6.1586360266954528e-02 -3.5862947627045871e-01 2.0434100781642642e-05
-5.1388273679904999e-02 -3.9097557987289533e-01 -1.2997467100386627e-05
-9.6597858734788853e-03 -4.1491937824319880e-01 6.2979243213047081e-05
3.6325329296601989e-02 -4.0958077487684230e-01 1.2692698020730860e-04
7.1361161495763284e-02 -4.4756927952223158e-01 -4.8027042024267509e-06
1.1580744269255827e-01 -4.7189417968223291e-01 -1.7107878468174690e-04
1.2816130348164850e-01 -5.1482808357301579e-01 -1.1897067422081252e-04
1.6735062718832613e-01 -5.3594506650502594e-01 -2.9208341452405305e-04
1.8731656219715476e-01 -5.8466388886670029e-01 -1.1467867217432445e-04
1.5899375315758335e-01 -6.2159754297048353e-01 1.7032641887082127e-04
1.1750084322889333e-01 -6.6311719360536170e-01 2.3259988062497117e-04
6.5393406883361704e-02 -6.7823790720008992e-01 8.3244852627627143e-05
7.5244035673071794e-02 -7.2391612335321120e-01 1.8282535932596889e-04
8.7796302545392640e-02 -7.5479770459172579e-01 3.0600696972488649e-04
4.4142093361094550e-02 -7.9274020288396707e-01 1.7919470239767185e-04
3.2248471142795568e-02 -7.6190189353134907e-01 6.3133208999127324e-05
-5.0787717719772496e-03 -7.5188623627449336e-01 -5.2132609525714943e-05
-1.8914162743643374e-02 -8.0876133232436043e-01 -8.1773602417409513e-06
-5.4987916535677438e-02 -8.4329273747732014e-01 -5.5835429620640478e-05
-1.0361373765429033e-01 -8.5647158608678131e-01 -8.6377990707654372e-05
-1.4888752350400974e-01 -8.7268962928908311e-01 -7.1321444563372067e-05
-2.1123864035635920e-01 -8.6518418825695531e-01 -4.9744605942398657e-05
-2.1015931909271748e-01 -8.9976195851910090e-01 1.1228879460604055e-05
-1.5341301503555019e-01 -8.9616052117995815e-01 -5.2337471559080525e-05
-1.5000258376126724e-01 -9.2000068574966998e-01 -3.5684523418494690e-05
-1.9224162288297070e-01 -9.2938718273531407e-01 1.6441392067545151e-05
-1.5375636292346631e-01 -9.6487609094393156e-01 -1.9407690704120362e-05
-1.5483777321516295e-01 -9.7993806037759423e-01 -1.7804323909461977e-05
-1.5798460817234766e-01 -1.0253316666061871e+00 -1.6966659480707660e-05
-1.8974796394823434e-01 -1.0549419185967710e+00 8.0360395034923145e-05
-1.7132581424956014e-01 -1.0980564262674763e+00 3.0886352659048166e-06
-1.8094428507657606e-01 -1.1415196027053767e+00 1.0526756934332962e-05
-1.6610579074091919e-01 -1.1850231145355361e+00 -1.1746373174636719e-05
-1.9023423789449656e-01 -1.2366085672847242e+00 -5.7955938128136328e-06
-1.9248926685242501e-01 -1.2882357646479321e+00 -1.0439554154378444e-05
-2.0354943094131603e-01 -1.3471802032820619e+00 -5.2841899147327372e-05
-2.2844192725197318e-01 -1.3980877923421975e+00 -9.8759662884701524e-05
-2.5190617968391898e-01 -1.4553424942416868e+00 -1.2598075014585907e-04
-2.9024846802169163e-01 -1.4827266669235790e+00 8.1524673573335807e-05
-3.4642161749012379e-01 -1.4827844780906272e+00 2.3141581480587862e-04
-4.0431923914865092e-01 -1.4776721365994008e+00 1.9368887472572465e-04
-4.6029562194799867e-01 -1.4920850376351908e+00 9.3553387026521891e-05
-4.9413029292971711e-01 -1.5257575126806011e+00 3.1120726221115972e-05
-5.3110373921021703e-01 -1.5744051248900304e+00 -1.6399219232887739e-04
-5.2161903717612701e-01 -1.6321614358948540e+00 -1.5512394306543698e-05
-5.3692724355792532e-01 -1.6784124535678902e+00 1.3666473814687234e-04
-5.9650799480758554e-01 -1.6677466073513543e+00 -2.5412995399760840e-05
-6.5437075453649673e-01 -1.6884367826886797e+00 9.6257077253985229e-05
-7.0376094049838533e-01 -1.6658884630960009e+00 8.3803618547375399e-05
-6.8895145942894109e-01 -1.6166068863239247e+00 -8.7387699016166343e-05
-7.1879297254815278e-01 -1.5642017605171397e+00 -2.2740829022842246e-05
-7.4990213593424815e-01 -1.5134872581759629e+00 2.1088585759531788e-04
-7.4874411677669728e-01 -1.4901473611401543e+00 9.5312932068641735e-05
-7.3671832455703801e-01 -1.4493588397444130e+00 -4.2155134745278471e-05
-7.1846373981884515e-01 -1.4332125211520772e+00 -6.7146773786847867e-05
-7.1465908638141495e-01 -1.3748057588309954e+00 5.1539440251222321e-05
-7.5733087406543531e-01 -1.3394713865048209e+00 1.1830184276907739e-04
-7.9693186480215594e-01 -1.2969184000853280e+00 9.2792250128111693e-05
-8.1915728534130783e-01 -1.2403439609170046e+00 1.7109187039567958e-05
-8.3399640538849151e-01 -1.1842348687384670e+00 -4.2766330601607590e-05
-8.6320012987743922e-01 -1.1385248777842656e+00 -1.0935085040612326e-04
-8.8117164502248635e-01 -1.0862420301453177e+00 -1.2196368644099779e-04
-8.8009250265132355e-01 -1.0402573655213259e+00 -8.0026670372783051e-05
-8.6473872546483621e-01 -9.8128239835775566e-01 -2.8624221484038642e-05
-8.8331590073097166e-01 -9.4496027656473913e-01 -2.1873869386438656e-05
-9.1556161659776647e-01 -9.2100452624853268e-01 1.9662873295622288e-05
-9.6098216046159191e-01 -9.0510554364462803e-01 1.8960616592478486e-04
-9.5480698839522737e-01 -8.3834380205070957e-01 1.4854930636756683e-04
-9.0266206266824589e-01 -8.3371370631596398e-01 1.6788801573825904e-06
-8.7845934160778494e-01 -7.8529826722588070e-01 -1.6921677910536757e-05
-8.6474088877685262e-01 -7.3326891168644115e-01 -9.2458468055798507e-06
-8.7591460639230734e-01 -6.7954739585575341e-01 -1.0187592839752881e-05
-8.5975391605705931e-01 -6.3935883882637556e-01 1.1345883071663590e-05
-8.4439152342948176e-01 -5.9382666671722228e-01 9.3135370916303550e-06
-7.9635474884954682e-01 -5.7111322330141434e-01 3.2600272848958169e-05
-7.6349220315494892e-01 -5.2719831762994174e-01 2.9602979415850111e-05
-7.6172488753037348e-01 -4.7352463623459656e-01 -4.6028715815307989e-06
-7.4616223030622741e-01 -4.2259812031435978e-01 -9.9624994914032104e-06
-7.6475198551322676e-01 -3.7172630569229081e-01 -3.6846590016005589e-05
-7.8783797923215515e-01 -3.2299547639023390e-01 -5.6073091044320388e-05
-7.5499560368286189e-01 -3.0540816346598149e-01 1.3612690350171391e-05
-7.2405987030206798e-01 -2.6318431949483367e-01 5.0719366680701014e-05
-7.0567536949167542e-01 -2.1132170630899383e-01 3.4730257802252962e-05
-7.3481546975626111e-01 -1.6577198970473456e-01 3.0904559085826857e-05
-7.7737781256502514e-01 -1.3359984885602863e-01 2.0726588957373229e-05
-8.1415940638391571e-01 -1.0168776153037072e-01 3.1755937073466291e-05
-8.0448603568501997e-01 -4.6969447559762602e-02 1.3038535978055453e-06
-7.9417222067003135e-01 7.6249642515525771e-03 -5.2386470119338210e-05
-8.0941904936503772e-01 6.0008093871759684e-02 -2.7342359177078735e-05
-8.2537800452069254e-01 1.1094039953223418e-01 4.4771262764029782e-05
-8.2481573302902889e-01 1.6471790275313297e-01 2.2139482130690622e-05
-8.0887873740110583e-01 2.1199674949416827e-01 -1.4673422961296607e-05
-8.3642864294192498e-01 2.6022085482962126e-01 2.1299594144500262e-05
-8.0890297307029169e-01 3.0629704456523660e-01 -1.0128811070747091e-05
-7.9622965248811362e-01 3.5386871195076192e-01 -4.3757888480141762e-05
-7.6203543685373720e-01 3.9715105388771632e-01 2.8347859294484849e-08
-7.2157435424584360e-01 4.3368673160041421e-01 4.4028851308194138e-05
-6.6862166583147520e-01 4.4639961104390369e-01 8.2158961215308596e-05
-6.1370606264414052e-01 4.3798460711138626e-01 3.4436628423853869e-05
-5.5940495689366365e-01 4.2734031127164296e-01 -4.3880980985491237e-05
-5.2265039095181554e-01 4.6539294931451125e-01 -7.7444959297030645e-05
-5.1071202335396781e-01 5.1748964805865849e-01 -9.6761816631734692e-05
-5.1791929924676872e-01 5.7230810887294614e-01 -4.5801749706320595e-05
-5.6695062813833741e-01 5.9498732141699684e-01 -6.7570563004279680e-06
-5.4845019101673165e-01 6.3536716354495704e-01 -7.5698888259380303e-06
-5.1399359189065441e-01 6.7891317331404433e-01 9.9092034763463808e-06
-4.8193557372506218e-01 7.2346260874921309e-01 2.5499644295271385e-05
-4.5545973902477815e-01 7.6924993525970398e-01 3.6251824378442249e-05
-4.5541070763633923e-01 8.2445172570360004e-01 8.0986226553004980e-05
-4.4268652419752186e-01 8.7783038699350036e-01 9.5962757211178186e-05
-4.4485957607756915e-01 9.3120547180535385e-01 6.8355080265837453e-05
-4.1822518413801363e-01 9.5646014442587324e-01 8.6535233044678225e-05
-3.6522927399994681e-01 9.7002354285598680e-01 3.9886808732829658e-05
-3.1543073478343092e-01 9.9438269877131291e-01 -3.7892968239865857e-05
-3.1475166963071011e-01 1.0460668971223974e+00 -4.0244026509661507e-05
-2.8205194739751777e-01 1.0842312793914846e+00 -4.1355315471826159e-05
-2.4658287336988324e-01 1.1269036632223011e+00 -3.7462535674304564e-05
-2.0751857422612227e-01 1.1656749968365001e+00 -3.5728401800459347e-05
-1.6726993590519976e-01 1.2000934430299506e+00 -3.2436290168849756e-05
-1.6950227615538019e-01 1.2547770043776620e+00 3.7452196207597241e-05
-2.0479413489347373e-01 1.2975940565057325e+00 2.0429576498999099e-04
-1.5802550576075217e-01 1.3199831398387492e+00 1.1372519406848033e-04
-1.3159146496375071e-01 1.3683501763685315e+00 1.2263099710330559e-04
-9.9655787410558153e-02 1.4099503775643532e+00 1.0954669968712777e-04
-5.0726402299736954e-02 1.4357989450084394e+00 9.6594145002585016e-05
1.6998382070071601e-05 1.4252213861014620e+00 -1.9771795496787862e-05
5.1563279897951356e-02 1.4099910706740550e+00 -4.3084738537215991e-05
8.5385311476475823e-02 1.4533034598833376e+00 -6.8768689533697775e-05
9.9992888818002654e-02 1.5036456849892608e+00 -3.8971865213158406e-05
1.0297062751008243e-01 1.5541211460169324e+00 -1.8565471526532083e-05
1.5378740112194664e-01 1.5417746378236621e+00 -4.6209648467161512e-06
2.0921544923674107e-01 1.5422300786373617e+00 2.6415128978931482e-05
2.6275792065008197e-01 1.5273059026668776e+00 8.5712972466017850e-05
3.1625593088418180e-01 1.5122130129948039e+00 1.6958851049061951e-04
3.6897479389885635e-01 1.5110976446673823e+00 2.0287626723753706e-04
4.1394592244040651e-01 1.5433748673334269e+00 4.6180413926854078e-05
4.1208939885206819e-01 1.5877399107032804e+00 -7.5936070084448701e-05
4.3645395716970298e-01 1.6368681328740202e+00 -1.4978143720554557e-04
4.4543377360259412e-01 1.6768063991043836e+00 -8.6010116895106057e-06
4.8280257956359224e-01 1.6479460561185004e+00 -7.1184863312900986e-05
5.3094261513516317e-01 1.6242224198169042e+00 -3.2182945795145853e-06
5.7116563691577238e-01 1.5881007512001928e+00 -1.7066827589330103e-05
6.1598241050775271e-01 1.5628213727249247e+00 3.6878830973039837e-05
6.6204855191418277e-01 1.5402363308263449e+00 7.9310922537932912e-05
7.1418101136544421e-01 1.5277111995647128e+00 1.1560188355647528e-04
7.6710713538385411e-01 1.5155009410807405e+00 3.6727746376752770e-05
8.1631722842874321e-01 1.4920797185064001e+00 -9.3478332687293758e-05
8.4281149179748738e-01 1.4476821885437963e+00 3.2408044044082782e-06
8.8655861885423082e-01 1.4208073925467091e+00 1.0807100174488337e-04
8.7544389524247057e-01 1.3682612762510105e+00 8.3958596135106351e-05
8.6445733234272026e-01 1.3179917511435166e+00 -2.5468438014180462e-05
8.9153283493560642e-01 1.2779421661928274e+00 -2.4739713758600802e-05
8.8878655309567023e-01 1.2573694812549987e+00 -3.2081392095035103e-05
8.9992837230319589e-01 1.2059560419115989e+00 -3.6501969072746943e-05
9.3446020191546297e-01 1.1636502101896065e+00 9.1818721410047728e-05
9.3790051048353285e-01 1.1144285534438760e+00 3.9080890103389011e-05
9.0999208054888336e-01 1.0712643224250631e+00 -7.7410343768936260e-06
9.0196367618860662e-01 1.0185603487983368e+00 1.7871668105489764e-05
9.2399589403809124e-01 9.6984764111013333e-01 2.8945371607778791e-05
9.5984448124642274e-01 9.3218883996628255e-01 -2.4250220519443722e-05
9.3207165523940827e-01 9.2320210276242121e-01 5.5528620724375492e-05
8.7815055107255369e-01 9.2038263790415498e-01 1.3339385383436708e-04
8.2659050229136088e-01 9.3434239471433789e-01 7.4606126965708817e-05
7.8393521843471559e-01 9.3679793690890778e-01 3.0126284231122399e-05
7.3453316026407123e-01 9.3007084362111803e-01 1.4965335037833097e-05
6.9767611235456439e-01 9.0058897536060178e-01 -1.6124222530456325e-05
6.6626300470191335e-01 8.7855835458151377e-01 -2.4670708075037679e-05
6.1732609745949096e-01 8.8855385843867918e-01 1.3733839265308960e-05
6.3072460191115698e-01 8.4103704143180491e-01 -5.9163186141852972e-05
5.9537709656389193e-01 8.2203343158389608e-01 -5.6295523839566135e-05
5.6271234198554410e-01 7.8287944441677881e-01 -6.2696737742262433e-05
5.7243146049035465e-01 7.3245010230353136e-01 -1.2361649598719934e-04
5.3511130218102831e-01 6.9452666074374214e-01 -8.3188592986677547e-05
4.9545230512810245e-01 6.6249630525343461e-01 -6.4681916550274302e-05
5.1740498460037221e-01 6.1603124819820620e-01 -6.5324948821805318e-05
5.5000084048870568e-01 5.7397951445863393e-01 1.5770538615623490e-05
5.4328496329916864e-01 5.4317491445397326e-01 1.0075242001896512e-04
5.0395513586479124e-01 5.0691585438840492e-01 4.0872691759953327e-05
4.7905661801681476e-01 4.5960305283978753e-01 -1.2311946126905067e-05
4.4255988982066297e-01 4.2749977565967789e-01 -6.5955342684623490e-05
3.9691216646771849e-01 4.0460261815413384e-01 -7.6014179641955561e-05
3.5302491887248727e-01 3.8262098844731884e-01 -9.0725647045259938e-05
3.1025481577655006e-01 3.4891976940927966e-01 -3.4143804495955701e-05
2.6114129949164533e-01 3.5458805486397305e-01 4.4438489097390881e-05
2.2845221059832707e-01 3.1507116363839521e-01 3.4890183564133362e-05
1.9390888157191408e-01 2.9312782361644479e-01 5.7878682255508603e-05
1.4294550527842428e-01 2.7492633945076728e-01 8.6769690146584855e-05
1.0925220257842520e-01 2.3643238697073701e-01 5.1168997350971086e-05
6.6473686866279927e-02 2.0593682548163986e-01 2.2027408449217497e-05
5.1882594167237978e-02 2.0533100562850432e-01 1.0939310897406101e-05
1.3844079860784300e-02 2.3602742782034652e-01 -2.1805124546575392e-06
-1.1936007092907409e-02 1.9158638866662242e-01 -2.8919323173489914e-05
1.4526787389785994e-02 1.4826038997348834e-01 -1.8565919724880337e-05
1.8737098876018432e-02 1.0028219570914348e-01 -7.5573320885624028e-06
-3.1843378027212703e-02 9.9213342159719511e-02 -3.2644766586365148e-05
-6.7009400631031960e-02 6.4599998491799399e-02 -2.4154589280227793e-05
-5.4903469431831053e-02 1.3718198849104961e-02 1.0412551800625322e-05
-5.2039729497563789e-02 -3.3644568837672806e-02 7.0769602770003574e-05
-7.1397486972884297e-02 -8.3566262647943243e-02 7.9132044029392315e-05
-1.0280014277143036e-01 -1.1600657324728073e-01 6.1201635144404951e-05
-1.0903216886582137e-01 -1.6850892521774041e-01 9.0169975031237698e-05
-9.9880204947875528e-02 -2.1841516018794188e-01 7.8098402529257427e-05
-9.3535561643324175e-02 -2.7180905265677890e-01 8.6911735872521618e-05
-9.1223341828708449e-02 -3.2574378859161557e-01 8.4939930085293079e-06
-9.1256334205890841e-02 -3.7154209203562966e-01 -2.5363093968192772e-05
-5.3641092200903649e-02 -4.0278611316866403e-01 -1.9224663329137950e-05
-1.1691948300135622e-02 -4.3123375016298915e-01 3.1078605326309663e-05
3.5982424394838709e-02 -4.2892274887875270e-01 7.4544782373696668e-05
7.1118027222538141e-02 -4.6667275685314685e-01 -1.6554745619752604e-05
1.0214537940038543e-01 -4.9938164817061548e-01 -6.7886685476164742e-06
1.3266048534772901e-01 -5.4267271158016450e-01 -5.3147261482564799e-05
1.6809374824040391e-01 -5.6553525745374844e-01 -7.6789888994832352e-05
1.4460440072782002e-01 -6.0330591346588369e-01 5.4044281646261922e-05
1.2058026016101021e-01 -6.4544793526062705e-01 1.3987342118067619e-04
6.9633436197940504e-02 -6.5997465313858872e-01 6.4310849828416567e-05
4.3151722024779959e-02 -7.0453420835760627e-01 2.2439169023142426e-05
7.8386959761630043e-02 -7.3959620876749710e-01 1.9476905092562311e-04
4.3219803268340698e-02 -7.5644576649402495e-01 8.5407741238699561e-05
1.6416549614878811e-03 -7.2500885898719070e-01 -2.7146454725356199e-05
-2.3538296168973374e-02 -7.6856255862712108e-01 -3.3069961247785435e-05
-4.7496594887833830e-02 -8.1276329768943700e-01 -2.6391795721965720e-05
-8.6421634883572185e-02 -8.2771223001669758e-01 -5.5210840163057514e-05
-1.2563697082357195e-01 -8.6299027517223525e-01 -7.3176856350093368e-05
-1.8045693362019216e-01 -8.5508174818874738e-01 -5.5130124255001737e-05
-2.3279805884793889e-01 -8.6267163248076817e-01 -1.9747251892712708e-05
-2.2949728309416439e-01 -9.1003881202963144e-01 1.7954289616548108e-05
-1.9947268051577746e-01 -9.3901084913500665e-01 1.3533982062205058e-05
-1.7224151244273112e-01 -9.7449389387255614e-01 7.0689235735503479e-06
-1.7523542407495946e-01 -1.0186558156838361e+00 2.7373189485068177e-05
-2.0725596213462461e-01 -1.0591397444915223e+00 8.0942644721148307e-05
-1.9105709759812606e-01 -1.1080390984259991e+00 3.5571524332053553e-05
-1.8842745016941156e-01 -1.1610599514930577e+00 1.0430969365908879e-05
-1.9026672375087048e-01 -1.1999595249689989e+00 -5.4882417344524090e-06
-1.9982500761744351e-01 -1.2514668978014603e+00 -1.6435696005821100e-05
-2.0464908066145984e-01 -1.3037769310210570e+00 -1.2069870106109663e-05
-2.1969781829651508e-01 -1.3553727200357011e+00 -6.1424139146457337e-05
-2.4469324374871090e-01 -1.4030256016754008e+00 -6.8369980673364586e-05
-2.6406832821333120e-01 -1.4544786575148609e+00 -8.2319412656049504e-05
-3.0460903414818430e-01 -1.4621733498713723e+00 7.2902620729765454e-05
-3.5725499518291587e-01 -1.4689654872148254e+00 1.1284201550640913e-04
-4.1012511659134909e-01 -1.4671460505960965e+00 1.0624916222289613e-04
-4.6272174781144487e-01 -1.4762255833265847e+00 4.3422738179824191e-05
-5.0003784192721212e-01 -1.5122061264557598e+00 2.5266835947983946e-05
-5.3510677797963435e-01 -1.5538234950958536e+00 -1.0422764859654011e-04
-5.4702499047820197e-01 -1.6073265992489782e+00 -1.0304442193407630e-04
-5.3071741282842666e-01 -1.6543696175620899e+00 9.6994868967643162e-05
-5.7697797371882087e-01 -1.6541220112649635e+00 -2.9611849059688417e-07
-6.3010716650983334e-01 -1.6655924215233120e+00 3.0440517569649075e-05
-6.8210117330567777e-01 -1.6694769899106510e+00 6.8476918541971691e-05
-6.7958796403832433e-01 -1.6309256472779783e+00 -4.4287616283011803e-05
-6.9673350793092748e-01 -1.5826581423515880e+00 -6.5794129455574760e-05
-7.2465549747132130e-01 -1.5362248289432807e+00 8.3704169133548377e-05
-7.2584767934710170e-01 -1.4969392784387903e+00 -8.4868518648168149e-06
-7.2029957785525134e-01 -1.4486703836996038e+00 -6.6348324780635880e-05
-6.9419886907351003e-01 -1.4026183344475931e+00 4.8424114681648929e-06
-7.1750421116450647e-01 -1.3547424798060648e+00 3.6193945233909628e-05
-7.5082362211555820e-01 -1.3186521204001853e+00 6.2431328025367420e-05
-7.8640971980605123e-01 -1.2808386858063880e+00 4.6182329171998035e-05
-8.0672203575599433e-01 -1.2310282727297173e+00 2.3950075377497321e-05
-8.2263692952122791e-01 -1.1790494235029150e+00 -2.5566573353475461e-05
-8.5032560508968780e-01 -1.1373277813678608e+00 -5.1560292091148782e-05
-8.6793910370007432e-01 -1.0883441757807379e+00 -7.4972113653841194e-05
-8.6735776353628524e-01 -1.0363523375118830e+00 -4.4894819624682883e-05
-8.5232597044838565e-01 -9.8382936211955552e-01 -1.4606069066812862e-05
-8.6398056534830558e-01 -9.3408943963234115e-01 -1.1856423948583982e-05
-9.0621516557819271e-01 -9.0968076322777758e-01 9.1731205125995352e-06
-9.4507018378644569e-01 -8.9108945695227904e-01 7.8492567060537598e-05
-9.3826605670055385e-01 -8.5897647718154613e-01 5.7685494756633151e-05
-8.9024565093504104e-01 -8.4228083963658884e-01 -3.3769731515227245e-07
-8.6865902619114455e-01 -7.9626288244072885e-01 -8.1503201493432371e-06
-8.5418384888006404e-01 -7.4804947046319292e-01 -4.7472907430959657e-06
-8.5391555106637351e-01 -6.9702221755869864e-01 -2.8493777320109177e-06
-8.5246537198327332e-01 -6.5231765518128904e-01 4.5618983286507739e-06
-8.3266542294040002e-01 -6.0827468046059219e-01 1.0069961959467294e-05
-7.8855555658659748e-01 -5.8326505048029509e-01 1.2850793911958297e-05
-7.5523694326904056e-01 -5.4399886796883290e-01 1.3052289787565583e-05
-7.4152169985552885e-01 -4.9434258200376685e-01 2.3559959760514778e-06
-7.3207381955947348e-01 -4.4654993163767970e-01 -3.1006742513544283e-06
-7.3720113313157831e-01 -3.9557860638894476e-01 -6.4071583857903380e-06
-7.6240209425208527e-01 -3.5096452523973409e-01 -2.3606521911457893e-05
-7.5384651943209180e-01 -3.1986820206856936e-01 9.9165264011696668e-07
-7.1996781872827420e-01 -2.8509684074977276e-01 1.7276526878224760e-05
-6.9720836449035539e-01 -2.3942120290036492e-01 1.8763068382061833e-05
-6.9646856749629305e-01 -1.8906794383602751e-01 1.2371794155859203e-05
-7.3023981691231743e-01 -1.4973864396968334e-01 1.1962360847127198e-05
-7.7048574225196520e-01 -1.1927722162861355e-01 8.0050188205974332e-06
-7.9698244349379144e-01 -8.8038408157239789e-02 1.1386886359305228e-05
-7.8783864180162011e-01 -3.6969222040125788e-02 -4.6634518793103935e-06
-7.7888072148813992e-01 1.4106799480559064e-02 -1.9916776028665455e-05
-7.9486069003470650e-01 6.3040147470728183e-02 -1.2338778023080370e-05
-8.1026007117788490e-01 1.1064731381462761e-01 1.7402628548976895e-05
-8.0843249119770544e-01 1.6130777849818675e-01 7.7441937813676027e-06
-7.9133188700631163e-01 2.0683057934371393e-01 -5.9674900603527613e-06
-8.1535984647474535e-01 2.5263300901963387e-01 8.2751977423566954e-06
-7.9815593226498160e-01 2.9636006338062443e-01 -3.3653218158681836e-06
-7.8621463868601627e-01 3.4276957056136037e-01 -1.7468325188267162e-05
-7.5457810183270158e-01 3.8347953610769148e-01 -1.0833019907177911e-06
-7.1816091766667767e-01 4.1929021869404909e-01 1.7780889464914675e-05
-6.6884747529509270e-01 4.3183411755479578e-01 3.5622339499704424e-05
-6.1754201850669121e-01 4.2405585785959504e-01 1.5535427970294755e-05
-5.6697641361621953e-01 4.1267510714487182e-01 -1.6043396792734177e-05
-5.2399116628138209e-01 4.3579459758100919e-01 -2.5411086530909043e-05
-4.9751743909731805e-01 4.8034977650539762e-01 -3.0345579876622219e-05
-4.9805136537748323e-01 5.3173415419734649e-01 -3.7593549745078138e-05
-5.0710007210248875e-01 5.8214097568422296e-01 -1.6244502016435816e-05
-5.5188834340234816e-01 6.0538796071989986e-01 -6.6301532718803214e-06
-5.2214456490225036e-01 6.4581700682126908e-01 -4.9285933687755944e-07
-4.8911725697345598e-01 6.8577921696372302e-01 6.1915076332670059e-06
-4.6537458870972637e-01 7.3072751875079611e-01 1.5391272342441678e-05
-4.4051540334116301e-01 7.7344195500402879e-01 1.4997353812069975e-05
-4.4079306159253628e-01 8.2507757452412833e-01 3.4965875702888121e-05
-4.2789126352367124e-01 8.7461918331533595e-01 3.8271371701910238e-05
-4.2928311649462669e-01 9.2476168242651624e-01 4.1324504586896584e-05
-3.9654994315338743e-01 9.4318109206424738e-01 2.8330351815389648e-05
-3.4852287803793408e-01 9.6183950471985968e-01 9.4764397227317953e-06
-3.0299334017861407e-01 9.8615482610109939e-01 -1.3280034908358551e-05
-2.9607203786492098e-01 1.0348069240204123e+00 -2.5661354608739308e-05
-2.7247515256575761e-01 1.0726951521927564e+00 -1.6690741977015267e-05
-2.3938428930697273e-01 1.1126081478756888e+00 -1.6467160721166790e-05
-2.0429656226579301e-01 1.1502625977490657e+00 -1.3911792634689561e-05
-1.6098422714123969e-01 1.1782248346776902e+00 -1.0515047095793160e-05
-1.5061582737584492e-01 1.2281379282314098e+00 -5.3387225179838733e-06
-1.6747321969624307e-01 1.2754612611055851e+00 3.7611528027946064e-05
-1.4852009364921143e-01 1.3086135945251980e+00 4.3304683208485124e-05
-1.2218591315745758e-01 1.3529121869996215e+00 5.0605317588361528e-05
-9.6352109201136044e-02 1.3956297816323260e+00 5.2735802496381219e-05
-4.9850754325337102e-02 1.4185154806776581e+00 3.9963207316005559e-05
-2.4911943184747418e-03 1.4100866007340882e+00 -1.1003227736239305e-05
4.5936152410706040e-02 1.3940273032254800e+00 -1.4333203481014132e-05
8.3883785625413224e-02 1.4259050516493752e+00 -2.8492680259437563e-05
1.1294203600866608e-01 1.4688135864800316e+00 -1.6618031360584627e-05
1.1299844568452529e-01 1.5196944343584966e+00 -1.3562290388644740e-05
1.3671617120782237e-01 1.5297918955032019e+00 -3.0559703552912016e-06
1.8835185895257886e-01 1.5278807447771332e+00 3.8310708411243233e-06
2.3889536789448715e-01 1.5192764537924224e+00 2.6335202912389549e-05
2.8884282352872725e-01 1.5051942524678883e+00 5.4559918619910517e-05
3.3874305060900844e-01 1.4909512669054645e+00 8.3957893403072384e-05
3.8578269224348460e-01 1.5061265719654662e+00 8.2853912287588152e-05
4.2709457696707326e-01 1.5369580918302030e+00 1.3974632980487585e-05
4.2769963411268636e-01 1.5853862455003214e+00 -3.5807739028366421e-05
4.5071253622879021e-01 1.6314126770864603e+00 -5.6848660566868818e-05
4.6471953064047500e-01 1.6475860047255728e+00 -3.2247183676151076e-05
5.0610405639335942e-01 1.6207381351917935e+00 -3.8014578766009231e-05
5.4877758145540378e-01 1.5924045427106290e+00 -1.0486478276837864e-05
5.9141874136450501e-01 1.5673148868587168e+00 7.8264718839068234e-06
6.3504673237717868e-01 1.5443290467946664e+00 3.4137976316961814e-05
6.7747127612857183e-01 1.5190515313510458e+00 3.5628196572717893e-05
7.2765865067705349e-01 1.5102174808767308e+00 4.3688241836368733e-05
7.7689655625779364e-01 1.4961865115239401e+00 -3.7425054116663341e-06
8.1130530830444714e-01 1.4642272703708223e+00 -1.4677611846170586e-05
8.4764355108778211e-01 1.4322897796467986e+00 5.2481576537965011e-06
8.6099480522909932e-01 1.3902438892580373e+00 2.5233761019967035e-05
8.6103675685065084e-01 1.3392192287206117e+00 1.6475465623754482e-05
8.5175257622102751e-01 1.2911847319228811e+00 -2.2495327762590100e-05
8.7357619166954426e-01 1.2516744491216432e+00 -1.6918398418060302e-05
8.8321456963358880e-01 1.2022612743454084e+00 -1.2846580299901485e-05
9.1501043811276794e-01 1.1619021310433628e+00 2.0065351853885063e-05
9.2301387329946216e-01 1.1155888861223948e+00 1.2429036059480516e-05
8.9441893471754030e-01 1.0756214059066460e+00 -4.2318263241346995e-06
8.8812538308870381e-01 1.0254870183080276e+00 5.4322861777142078e-06
8.9930204663039970e-01 9.7594010628738359e-01 1.0821456437141345e-05
9.3566655231702056e-01 9.4162099466629290e-01 1.4693825102780519e-05
8.9408223912442852e-01 9.3383229023206682e-01 5.0012416549832613e-05
8.4547121346186793e-01 9.4675055774555106e-01 3.8951484622097057e-05
7.9764419326445146e-01 9.4540368562605182e-01 1.8384050588586179e-05
7.4863784137636114e-01 9.5042364562844750e-01 9.8659049545742128e-06
7.0074943728553452e-01 9.3755233419343154e-01 2.8580288037074004e-06
6.7862602041449238e-01 8.9196406869366240e-01 -1.5185777686892888e-05
6.3516929535553535e-01 9.0964038780173961e-01 6.9232376202216174e-06
5.9749151219410146e-01 8.8047939772885597e-01 4.9566811848939491e-06
6.0944218696243069e-01 8.3595103804220627e-01 -3.6268027559560596e-05
5.6267455060366556e-01 8.1893891253280493e-01 -1.9661752565793839e-05
5.5021526872880167e-01 7.7159748609850431e-01 -3.1291937249986039e-05
5.5030613912065196e-01 7.2617336951546041e-01 -5.3069198686561022e-05
5.1112295557861065e-01 6.9507954160580765e-01 -3.0087188655309980e-05
4.7980057337054383e-01 6.5741145488705111e-01 -2.6296622722950168e-05
5.0311512355189580e-01 6.1316573766664673e-01 -3.2157686645654605e-05
5.2935023593396835e-01 5.6956615080349215e-01 -9.5380532130201744e-08
5.2100281473037824e-01 5.3900573698133525e-01 3.1757515166369112e-05
4.8207255250282033e-01 5.0650030287540238e-01 4.3290888606401566e-06
4.6127695182704409e-01 4.6017308882542202e-01 -1.0416829192684123e-05
4.2041855022102886e-01 4.3702231925070067e-01 -1.2458214641341469e-05
3.7999940044361269e-01 4.0689069148451074e-01 -3.8212550197341144e-05
3.3552501960611580e-01 3.8666828685537602e-01 -3.2214077009887928e-05
2.9413123153069382e-01 3.7471705600703814e-01 1.3295927721516125e-05
2.4766175033287793e-01 3.6081465952930292e-01 2.2641746331994634e-05
2.1540980779216121e-01 3.2219690688426483e-01 1.5774916369758837e-05
1.7373765946917175e-01 3.0461914858905248e-01 3.1023660340177074e-05
1.2892782012137358e-01 2.8093050409784343e-01 3.9002038095628259e-05
9.3611332400911143e-02 2.4547360354463077e-01 2.0829521248799569e-05
5.4739946578640689e-02 2.3273402056585854e-01 7.8892661154451065e-06
1.0141102454993070e-02 2.5002383660257671e-01 2.6932360591740644e-07
-2.4592276814184601e-02 2.1328385769485306e-01 -1.1336897250316279e-05
-1.2388440749066736e-02 1.6609025442864689e-01 -1.3795080587974601e-05
-2.5248744120528670e-03 1.2176762310562594e-01 -6.4475362806555002e-06
-3.9937239158102981e-02 1.1200981258206437e-01 -1.5393939607529318e-05
-7.9526342196522035e-02 8.2370432603896732e-02 -1.0151547479562043e-05
-8.0154572076218927e-02 3.1640058533401336e-02 -2.9706848658761699e-06
-5.9667633598308657e-02 -1.1517502094100037e-02 2.4551347004167855e-05
-8.1001086623070678e-02 -5.7835403318381710e-02 2.1859272124508232e-05
-1.0848418172008059e-01 -9.5968060935884628e-02 1.9903801532466473e-05
-1.2510651539181347e-01 -1.4398181637439086e-01 2.9420383050570612e-05
-1.1957737123599955e-01 -1.9378455639629144e-01 3.0564046587541395e-05
-1.1287568121914517e-01 -2.4428411674274500e-01 2.2560100469328618e-05
-1.1036345855258013e-01 -2.9531963839890674e-01 1.0536667976349887e-05
-9.5662415482385618e-02 -3.4275254204440803e-01 -8.2406603699978568e-06
-1.0225527030296383e-01 -3.9144322931946607e-01 -1.0257559475985661e-05
-5.9231321163019456e-02 -4.1617390009311989e-01 -1.2536772582843146e-05
-1.9001406160287664e-02 -4.4434519000507011e-01 1.0715423723872133e-05
2.9630748410633598e-02 -4.5324807443290249e-01 1.6732971686312760e-05
6.3169051040209825e-02 -4.8276620127690895e-01 -4.6711586641193777e-06
9.3077200027273835e-02 -5.1950960268032009e-01 6.1804605885651803e-06
1.2746494181252457e-01 -5.5665545563496588e-01 -1.4115507700141086e-05
1.4053142824327364e-01 -5.7958719339630571e-01 8.5840255651840685e-06
1.2338696457203165e-01 -6.2629067438495389e-01 6.4430853114688964e-05
7.6496927898468806e-02 -6.4378903403171894e-01 2.8547705829683874e-05
3.6176454691123669e-02 -6.7304867250763734e-01 5.6882693926362422e-06
3.3454099882989440e-02 -7.2233400773570278e-01 1.1437844639775635e-05
-6.9607313637411444e-03 -7.1215848531470272e-01 -1.0377319813828643e-05
-3.2700862129906715e-02 -7.5254562639826117e-01 -2.0335453707759362e-05
-5.3894395952187507e-02 -7.9541614460214305e-01 -9.3396613694106937e-06
-8.9741004388326009e-02 -8.1368244531901168e-01 -2.4148652970026072e-05
-1.2840915864043009e-01 -8.4508628983413103e-01 -4.3687898878190472e-05
-1.7813795332435897e-01 -8.4079677524892316e-01 -2.6505613441569702e-05
-2.2933178811238814e-01 -8.4208750828565948e-01 -1.3326061416636295e-05
-2.5747086806862690e-01 -8.8258553530752160e-01 7.0618944457569478e-07
-2.3277838296006298e-01 -9.2477519683700760e-01 1.0074180480573514e-05
-1.9645964058320664e-01 -9.5701936212716920e-01 7.5449671960914759e-06
-1.9111752009967761e-01 -1.0010021596687790e+00 1.6195339909331859e-05
-2.1438279145925729e-01 -1.0417711550994957e+00 3.6936494455909370e-05
-2.1669011946156544e-01 -1.0905769522860624e+00 5.3673742440455732e-05
-2.0833165236869472e-01 -1.1382312141505435e+00 1.5485931044828773e-05
-1.9897631895128284e-01 -1.1854550867358264e+00 -1.8264958375894158e-06
-2.1630428659600018e-01 -1.2323548592967892e+00 -4.4488485874751455e-06
-2.1834023253609286e-01 -1.2828974063444278e+00 -9.1811017651180294e-06
-2.2729373469921399e-01 -1.3329538236561331e+00 -3.0280084120175738e-05
-2.5080475087909432e-01 -1.3778960382149257e+00 -2.3269511680346751e-05
-2.7092273642020831e-01 -1.4250878506774380e+00 -2.5814770829286869e-05
-2.9587535845526075e-01 -1.4502047617160059e+00 1.8896544609775805e-05
-3.4543861820339522e-01 -1.4548031630140841e+00 3.8052081596174025e-05
-3.9561782730035655e-01 -1.4506013973734968e+00 2.7992884362488919e-05
-4.4564133439067666e-01 -1.4581185489000179e+00 3.2819328880209204e-05
-4.8582145989035974e-01 -1.4843788190555500e+00 1.5870274285590228e-05
-5.2495009120531377e-01 -1.5164061573389715e+00 -6.5041106422522205e-06
-5.5341359207959195e-01 -1.5591721704111021e+00 -4.4196527665653672e-05
-5.6119390103657751e-01 -1.6099029321511278e+00 -4.2933365166205885e-05
-5.5634359224913565e-01 -1.6408959963319087e+00 2.7533226543559637e-06
-6.0780621199939067e-01 -1.6422776700473596e+00 -7.2545851671979449e-06
-6.5631044447957665e-01 -1.6594911342100023e+00 3.3409651178796938e-05
-6.6465841218843269e-01 -1.6308425507933988e+00 -1.8239431989558335e-05
-6.7674281323913899e-01 -1.5829967382184427e+00 -2.2449826446568195e-05
-7.0524743176319749e-01 -1.5410440057737607e+00 1.1490440759923883e-05
-7.0832286037208092e-01 -1.4995652883428359e+00 -7.9155782692620558e-06
-6.9921918405468286e-01 -1.4512976811977094e+00 -2.7085839817722725e-05
-6.7989268596730579e-01 -1.4042846793656043e+00 1.9067112369342693e-06
-6.9526969765471125e-01 -1.3557812585678979e+00 1.1171025672526317e-05
-7.3244202002380954e-01 -1.3252742095912484e+00 2.7056731810416417e-05
-7.6443135198679268e-01 -1.2858320357817605e+00 2.4345275243424899e-05
-7.9064285688500191e-01 -1.2434832590074221e+00 1.4394514231184325e-05
-8.0285705872821811e-01 -1.1936526690828269e+00 -1.5378573225270748e-06
-8.2505675339159357e-01 -1.1480029241615726e+00 -1.0406439472943634e-05
-8.4920641461698276e-01 -1.1050955183108635e+00 -2.6956107585505003e-05
-8.5640012665315579e-01 -1.0561097576464635e+00 -2.5895931920054054e-05
-8.4474428088966047e-01 -1.0061170762023517e+00 -8.2992937937001017e-06
-8.3870638264521180e-01 -9.5625638508872413e-01 -6.3505943860240494e-06
-8.6669291453463415e-01 -9.1768352697259437e-01 -2.8577360972971084e-06
-9.0834017069617445e-01 -8.9021943227914557e-01 3.8112880192284364e-06
-8.6004794522217898e-01 -8.3106046853737237e-01 -8.0063637343651814e-07
-7.8182983374380399e-01 -1.2462242002461648e+00 8.7787608620149699e-06
-7.8182983374380399e-01 -1.1078362896765674e+00 -4.7251929433858345e-09
-7.8182983374380399e-01 -9.6944837910696979e-01 -1.3646686618964559e-09
-7.8182983374380399e-01 -8.3106046853737237e-01 -1.8151624509727328e-12
-7.8182983374380399e-01 -6.9267255796777483e-01 5.6914866642998789e-12
-7.8182983374380399e-01 1.3765490544981018e-01 4.8023779278463643e-07
-7.8182983374380399e-01 2.7604281601940772e-01 -2.5140935133012503e-07
-7.0361172226542912e-01 -1.5230000213853598e+00 1.2791809183486555e-05
-7.0361172226542912e-01 -1.2462242002461648e+00 7.0269198920757902e-10
-7.0361172226542912e-01 -1.1078362896765674e+00 -2.9330071730263531e-16
-7.0361172226542912e-01 -9.6944837910696979e-01 -3.5881791746267785e-20
-7.0361172226542912e-01 -8.3106046853737237e-01 -3.7550378690714746e-23
-7.0361172226542912e-01 -6.9267255796777483e-01 1.3051859009537791e-18
-7.0361172226542912e-01 -5.5428464739817729e-01 1.7449064439760885e-08
-7.0361172226542912e-01 -4.1589673682857975e-01 -1.8755989533772065e-07
-7.0361172226542912e-01 -2.7750882625898221e-01 8.6534261647149217e-06
-7.0361172226542912e-01 -1.3912091568938467e-01 8.6676093158859298e-07
-7.0361172226542912e-01 -7.3300511978735550e-04 -1.8296118705586832e-10
-7.0361172226542912e-01 1.3765490544981018e-01 1.3238054673060734e-14
-7.0361172226542912e-01 2.7604281601940772e-01 -6.3750791409135447e-14
-7.0361172226542912e-01 4.1443072658900548e-01 1.0273744849377301e-05
-6.2539361078705413e-01 -1.5230000213853598e+00 -6.0467385633961058e-10
-6.2539361078705413e-01 -1.3846121108157623e+00 4.8341049959320846e-09
-6.2539361078705413e-01 -1.2462242002461648e+00 2.6354630870565125e-17
-6.2539361078705413e-01 -1.1078362896765674e+00 -1.1249032983004490e-28
-6.2539361078705413e-01 -9.6944837910696979e-01 1.0835298337228618e-33
-6.2539361078705413e-01 -8.3106046853737237e-01 -5.6722865891541350e-39
-6.2539361078705413e-01 -6.9267255796777483e-01 2.9077305078282286e-28
-6.2539361078705413e-01 -5.5428464739817729e-01 9.4761164714277807e-17
-6.2539361078705413e-01 -4.1589673682857975e-01 -1.3968877811149417e-14
-6.2539361078705413e-01 -2.7750882625898221e-01 7.4797966293083563e-11
-6.2539361078705413e-01 -1.3912091568938467e-01 8.7754423387121077e-12
-6.2539361078705413e-01 -7.3300511978735550e-04 -7.5037625848390499e-21
-6.2539361078705413e-01 1.3765490544981018e-01 -7.5961752619187737e-26
-6.2539361078705413e-01 2.7604281601940772e-01 -1.8583333464216626e-20
-6.2539361078705413e-01 4.1443072658900548e-01 7.7437205365124321e-06
-5.4717549930867926e-01 -1.5230000213853598e+00 -9.9817462785730348e-06
-5.4717549930867926e-01 -1.3846121108157623e+00 2.1963515292422916e-15
-5.4717549930867926e-01 -1.2462242002461648e+00 7.5543259275696767e-27
-5.4717549930867926e-01 -1.1078362896765674e+00 2.5250292046645220e-46
-5.4717549930867926e-01 -9.6944837910696979e-01 2.4546665733570525e-53
-5.4717549930867926e-01 -8.3106046853737237e-01 -3.0395021419759194e-55
-5.4717549930867926e-01 -6.9267255796777483e-01 1.5173529320715938e-42
-5.4717549930867926e-01 -5.5428464739817729e-01 2.6846652615429463e-30
-5.4717549930867926e-01 -4.1589673682857975e-01 -6.0112099043695051e-27
-5.4717549930867926e-01 -2.7750882625898221e-01 6.0968116738800086e-21
-5.4717549930867926e-01 -1.3912091568938467e-01 1.9320354673243345e-21
-5.4717549930867926e-01 -7.3300511978735550e-04 -1.2691835565429625e-36
-5.4717549930867926e-01 1.3765490544981018e-01 -1.9977471325912942e-42
-5.4717549930867926e-01 2.7604281601940772e-01 -5.0374228456728340e-18
-5.4717549930867926e-01 4.1443072658900548e-01 -1.7745463145061050e-05
-4.6895738783030438e-01 -1.3846121108157623e+00 1.5264782847515498e-10
-4.6895738783030438e-01 -1.2462242002461648e+00 2.6052071503660898e-32
-4.6895738783030438e-01 -1.1078362896765674e+00 3.6799378743188122e-40
-4.6895738783030438e-01 -9.6944837910696979e-01 1.6961027840558298e-36
-4.6895738783030438e-01 -8.3106046853737237e-01 -5.7410425749189952e-35
-4.6895738783030438e-01 -6.9267255796777483e-01 -1.3893405788937973e-48
-4.6895738783030438e-01 -5.5428464739817729e-01 3.6253851497609804e-49
-4.6895738783030438e-01 -4.1589673682857975e-01 -1.3004200125960903e-44
-4.6895738783030438e-01 -2.7750882625898221e-01 4.1838955080626846e-36
-4.6895738783030438e-01 -1.3912091568938467e-01 2.3133367386718789e-36
-4.6895738783030438e-01 -7.3300511978735550e-04 4.4822920783712937e-53
-4.6895738783030438e-01 1.3765490544981018e-01 -9.9391695481995890e-51
-4.6895738783030438e-01 2.7604281601940772e-01 -1.3904369278725519e-21
-4.6895738783030438e-01 4.1443072658900548e-01 -1.1687030734000355e-08
-4.6895738783030438e-01 5.5281863715860280e-01 -1.2234882450431972e-06
-4.6895738783030438e-01 6.9120654772820012e-01 2.3587649420480431e-06
-3.9073927635192940e-01 -1.3846121108157623e+00 3.2962353794257615e-10
-3.9073927635192940e-01 -1.2462242002461648e+00 -5.8354706585888236e-25
-3.9073927635192940e-01 -1.1078362896765674e+00 2.5497005905306114e-23
-3.9073927635192940e-01 -9.6944837910696979e-01 1.1815954002458070e-21
-3.9073927635192940e-01 -8.3106046853737237e-01 -5.0949217864269540e-20
-3.9073927635192940e-01 -6.9267255796777483e-01 -1.0995005444420319e-33
-3.9073927635192940e-01 -5.5428464739817729e-01 -3.0893614873274681e-64
-3.9073927635192940e-01 -4.1589673682857975e-01 -2.5590471700488481e-52
-3.9073927635192940e-01 -2.7750882625898221e-01 6.9417636189583832e-49
-3.9073927635192940e-01 -1.3912091568938467e-01 6.4656343252297340e-46
-3.9073927635192940e-01 -7.3300511978735550e-04 4.5794691470340839e-54
-3.9073927635192940e-01 1.3765490544981018e-01 -1.4467055692784107e-59
-3.9073927635192940e-01 2.7604281601940772e-01 -1.8811120567497028e-30
-3.9073927635192940e-01 4.1443072658900548e-01 -1.9943998432836348e-16
-3.9073927635192940e-01 5.5281863715860280e-01 -8.4161544805365205e-14
-3.9073927635192940e-01 6.9120654772820012e-01 2.9533374002688960e-11
-3.9073927635192940e-01 8.2959445829779788e-01 9.1954180785524427e-08
-3.1252116487355452e-01 -1.3846121108157623e+00 -1.6388356516280536e-08
-3.1252116487355452e-01 -1.2462242002461648e+00 -6.0969081714732057e-13
-3.1252116487355452e-01 -1.1078362896765674e+00 7.8787974196039899e-12
-3.1252116487355452e-01 -9.6944837910696979e-01 4.0172259066578547e-12
-3.1252116487355452e-01 -8.3106046853737237e-01 -2.1491463900349128e-10
-3.1252116487355452e-01 -6.9267255796777483e-01 -4.2214871924234242e-24
-3.1252116487355452e-01 -5.5428464739817729e-01 -5.7329886552826094e-46
-3.1252116487355452e-01 -4.1589673682857975e-01 -1.0464106910302216e-32
-3.1252116487355452e-01 -2.7750882625898221e-01 3.4789648122802082e-30
-3.1252116487355452e-01 -1.3912091568938467e-01 1.6940140807276554e-27
-3.1252116487355452e-01 -7.3300511978735550e-04 2.2747878234199850e-35
-3.1252116487355452e-01 1.3765490544981018e-01 -2.3815003004980813e-39
-3.1252116487355452e-01 2.7604281601940772e-01 -1.4422225022837774e-44
-3.1252116487355452e-01 4.1443072658900548e-01 -5.0203755678507533e-29
-3.1252116487355452e-01 5.5281863715860280e-01 -3.4644863054278617e-26
-3.1252116487355452e-01 6.9120654772820012e-01 8.5806991059952789e-21
-3.1252116487355452e-01 8.2959445829779788e-01 7.8045387020886294e-16
-3.1252116487355452e-01 9.6798236886739519e-01 -3.7855897655353086e-06
-2.3430305339517965e-01 -1.2462242002461648e+00 -1.8130620072749575e-06
-2.3430305339517965e-01 -1.1078362896765674e+00 7.6266373914183857e-06
-2.3430305339517965e-01 -9.6944837910696979e-01 2.7733825968192230e-07
-2.3430305339517965e-01 -8.3106046853737237e-01 -4.8012835829584221e-06
-2.3430305339517965e-01 -6.9267255796777483e-01 -8.4427037495552253e-20
-2.3430305339517965e-01 -5.5428464739817729e-01 -1.1526695284622879e-31
-2.3430305339517965e-01 -4.1589673682857975e-01 -2.0935997509661735e-18
-2.3430305339517965e-01 -2.7750882625898221e-01 1.6533237223773760e-16
-2.3430305339517965e-01 -1.3912091568938467e-01 1.9354045817634283e-14
-2.3430305339517965e-01 -7.3300511978735550e-04 7.2365780212570578e-22
-2.3430305339517965e-01 1.3765490544981018e-01 -2.2976090921662473e-23
-2.3430305339517965e-01 2.7604281601940772e-01 -1.5755105953535179e-33
-2.3430305339517965e-01 4.1443072658900548e-01 -1.1567082540751411e-46
-2.3430305339517965e-01 5.5281863715860280e-01 -8.2698417522532672e-44
-2.3430305339517965e-01 6.9120654772820012e-01 4.1561356615597038e-35
-2.3430305339517965e-01 8.2959445829779788e-01 -1.7947560120750869e-25
-2.3430305339517965e-01 9.6798236886739519e-01 -4.8834098813152820e-10
-2.3430305339517965e-01 1.1063702794369930e+00 -8.7209478107336451e-06
-1.5608494191680466e-01 -8.3106046853737237e-01 -1.0292242394587179e-05
-1.5608494191680466e-01 -6.9267255796777483e-01 -1.0082410783222367e-17
-1.5608494191680466e-01 -5.5428464739817729e-01 -1.1844329119339146e-22
-1.5608494191680466e-01 -4.1589673682857975e-01 -2.0432743769612794e-09
-1.5608494191680466e-01 -2.7750882625898221e-01 5.4779802050332340e-08
-1.5608494191680466e-01 -1.3912091568938467e-01 8.3068384190417239e-07
-1.5608494191680466e-01 -7.3300511978735550e-04 2.9778041980156782e-12
-1.5608494191680466e-01 1.3765490544981018e-01 -1.0702852002135184e-12
-1.5608494191680466e-01 2.7604281601940772e-01 -1.3317718952659884e-19
-1.5608494191680466e-01 4.1443072658900548e-01 4.8202494577536642e-37
-1.5608494191680466e-01 5.5281863715860280e-01 -1.0633206314446211e-66
-1.5608494191680466e-01 6.9120654772820012e-01 1.8826935329042585e-54
-1.5608494191680466e-01 8.2959445829779788e-01 -5.0049597209775417e-34
-1.5608494191680466e-01 9.6798236886739519e-01 -2.7403596233210704e-19
-1.5608494191680466e-01 1.1063702794369930e+00 -3.1688596301181656e-09
-7.7866830438429790e-02 -6.9267255796777483e-01 -1.3857383186468067e-09
-7.7866830438429790e-02 -5.5428464739817729e-01 2.1599451409294255e-16
-7.7866830438429790e-02 -4.1589673682857975e-01 -1.0634800463708912e-05
-7.7866830438429790e-02 -7.3300511978735550e-04 3.6695593332010485e-06
-7.7866830438429790e-02 1.3765490544981018e-01 -2.4181904861813835e-07
-7.7866830438429790e-02 2.7604281601940772e-01 -4.4923799191184918e-11
-7.7866830438429790e-02 4.1443072658900548e-01 2.3969082484755970e-27
-7.7866830438429790e-02 5.5281863715860280e-01 1.1791225889884811e-59
-7.7866830438429790e-02 6.9120654772820012e-01 4.4446733390250389e-79
-7.7866830438429790e-02 8.2959445829779788e-01 -1.3714046365570214e-48
-7.7866830438429790e-02 9.6798236886739519e-01 -9.3914551415286318e-33
-7.7866830438429790e-02 1.1063702794369930e+00 -2.9128034886357693e-15
-7.7866830438429790e-02 1.2447581900065903e+00 -3.3173588836821755e-11
-7.7866830438429790e-02 1.3831461005761880e+00 8.6120093199033948e-06
3.5128103994508386e-04 -6.9267255796777483e-01 -1.7197373156717401e-06
3.5128103994508386e-04 -5.5428464739817729e-01 5.3202200722940329e-13
3.5128103994508386e-04 1.3765490544981018e-01 -7.4866219987941755e-06
3.5128103994508386e-04 2.7604281601940772e-01 9.0480424646518480e-08
3.5128103994508386e-04 4.1443072658900548e-01 4.0184045842070396e-23
3.5128103994508386e-04 5.5281863715860280e-01 1.8429801863289629e-53
3.5128103994508386e-04 6.9120654772820012e-01 7.0737856146500603e-92
3.5128103994508386e-04 8.2959445829779788e-01 -1.7909838892496188e-68
3.5128103994508386e-04 9.6798236886739519e-01 -1.6512004310429115e-45
3.5128103994508386e-04 1.1063702794369930e+00 -7.6124436100081999e-26
3.5128103994508386e-04 1.2447581900065903e+00 -6.3593697636216139e-21
3.5128103994508386e-04 1.3831461005761880e+00 -1.9602722897065867e-06
7.8569392518319958e-02 -5.5428464739817729e-01 9.2410429182606419e-08
7.8569392518319958e-02 2.7604281601940772e-01 7.9796402049710633e-07
7.8569392518319958e-02 4.1443072658900548e-01 4.9402004703842155e-18
7.8569392518319958e-02 5.5281863715860280e-01 9.0117770886845018e-42
7.8569392518319958e-02 6.9120654772820012e-01 1.1127440036915296e-75
7.8569392518319958e-02 8.2959445829779788e-01 -1.1343364154913497e-93
7.8569392518319958e-02 9.6798236886739519e-01 -2.9453115304665056e-62
7.8569392518319958e-02 1.1063702794369930e+00 -2.0511555317977071e-41
7.8569392518319958e-02 1.2447581900065903e+00 -1.0707279205375461e-21
7.8569392518319958e-02 1.3831461005761880e+00 -1.1268784141473386e-06
1.5678750399669505e-01 4.1443072658900548e-01 1.9540328465330006e-13
1.5678750399669505e-01 5.5281863715860280e-01 6.8623434041230960e-31
1.5678750399669505e-01 6.9120654772820012e-01 -4.5380065813937724e-62
1.5678750399669505e-01 8.2959445829779788e-01 -5.8140710681252014e-75
1.5678750399669505e-01 9.6798236886739519e-01 -9.8111282336841076e-84
1.5678750399669505e-01 1.1063702794369930e+00 -6.3564759097003171e-59
1.5678750399669505e-01 1.2447581900065903e+00 -4.4735990783021753e-27
1.5678750399669505e-01 1.3831461005761880e+00 -4.4268009682995555e-11
1.5678750399669505e-01 1.5215340111457853e+00 -1.1622802387113984e-06
2.3500561547506993e-01 4.1443072658900548e-01 4.8164948948410037e-08
2.3500561547506993e-01 5.5281863715860280e-01 2.5400644987723777e-25
2.3500561547506993e-01 6.9120654772820012e-01 -3.7428041903619366e-40
2.3500561547506993e-01 8.2959445829779788e-01 -4.7863726232717108e-53
2.3500561547506993e-01 9.6798236886739519e-01 -2.7427727204420224e-73
2.3500561547506993e-01 1.1063702794369930e+00 -2.2493928559418234e-69
2.3500561547506993e-01 1.2447581900065903e+00 -7.2215478911220529e-37
2.3500561547506993e-01 1.3831461005761880e+00 7.9667893059895561e-17
3.1322372695344480e-01 4.1443072658900548e-01 -3.1043977701345438e-07
3.1322372695344480e-01 5.5281863715860280e-01 4.0387455194622327e-22
3.1322372695344480e-01 6.9120654772820012e-01 -1.4945244450865648e-23
3.1322372695344480e-01 8.2959445829779788e-01 -1.9591523452649627e-36
3.1322372695344480e-01 9.6798236886739519e-01 -5.7248818614117070e-52
3.1322372695344480e-01 1.1063702794369930e+00 7.5240143636326802e-77
3.1322372695344480e-01 1.2447581900065903e+00 3.0763794893742381e-39
3.1322372695344480e-01 1.3831461005761880e+00 1.0643620846628120e-13
3.9144183843181968e-01 5.5281863715860280e-01 -6.8941662876028910e-14
3.9144183843181968e-01 6.9120654772820012e-01 -2.8851351877724365e-12
3.9144183843181968e-01 8.2959445829779788e-01 -4.0620594237820235e-22
3.9144183843181968e-01 9.6798236886739519e-01 -1.0203800606410969e-35
3.9144183843181968e-01 1.1063702794369930e+00 3.8350020079661125e-57
3.9144183843181968e-01 1.2447581900065903e+00 2.2111772182237276e-39
3.9144183843181968e-01 1.3831461005761880e+00 6.9461514994217511e-14
4.6965994991019455e-01 5.5281863715860280e-01 9.4509397305352479e-08
4.6965994991019455e-01 6.9120654772820012e-01 -2.6580844325435011e-06
4.6965994991019455e-01 8.2959445829779788e-01 -1.5937667581578119e-11
4.6965994991019455e-01 9.6798236886739519e-01 2.7716320640889226e-22
4.6965994991019455e-01 1.1063702794369930e+00 9.4830265136274498e-43
4.6965994991019455e-01 1.2447581900065903e+00 7.7865584141702585e-45
4.6965994991019455e-01 1.3831461005761880e+00 3.5828802311804014e-19
4.6965994991019455e-01 1.5215340111457853e+00 2.1772110868203166e-08
5.4787806138856965e-01 8.2959445829779788e-01 -3.4875648274562283e-06
5.4787806138856965e-01 9.6798236886739519e-01 3.3191368713549911e-13
5.4787806138856965e-01 1.1063702794369930e+00 1.1375785992127853e-33
5.4787806138856965e-01 1.2447581900065903e+00 2.0842017184783656e-55
5.4787806138856965e-01 1.3831461005761880e+00 1.5571532756230194e-25
5.4787806138856965e-01 1.5215340111457853e+00 -2.9331955970528874e-09
6.2609617286694452e-01 9.6798236886739519e-01 1.8362372792552731e-09
6.2609617286694452e-01 1.1063702794369930e+00 5.1263603671274974e-28
6.2609617286694452e-01 1.2447581900065903e+00 -5.0677132933307836e-36
6.2609617286694452e-01 1.3831461005761880e+00 1.6590831009042740e-19
6.2609617286694452e-01 1.5215340111457853e+00 3.3351621583968642e-06
7.0431428434531940e-01 9.6798236886739519e-01 2.4631028229324080e-07
7.0431428434531940e-01 1.1063702794369930e+00 2.4162002649363803e-22
7.0431428434531940e-01 1.2447581900065903e+00 -6.9401245692582754e-21
7.0431428434531940e-01 1.3831461005761880e+00 1.6339440455406127e-16
7.8253239582369427e-01 9.6798236886739519e-01 2.8486299252081619e-06
7.8253239582369427e-01 1.1063702794369930e+00 -2.4819863401385928e-15
7.8253239582369427e-01 1.2447581900065903e+00 -4.7905309608571574e-11
7.8253239582369427e-01 1.3831461005761880e+00 1.9813504096330567e-10
8.6075050730206915e-01 9.6798236886739519e-01 3.6215693809722037e-06
8.6075050730206915e-01 1.1063702794369930e+00 -2.1696429922637185e-08
8.6075050730206915e-01 1.2447581900065903e+00 -5.4143388195598552e-06
8.6075050730206915e-01 1.3831461005761880e+00 2.7332540168007114e-05
-6.3348949721354664e-01 -1.6885780495092084e+00 6.9476131794976554e-05
-6.7458552018574769e-01 -1.6945198207890115e+00 1.0075575288359673e-04
-7.0924058880182561e-01 -1.6863395624104407e+00 2.7031318802550608e-05
-7.3518180609279093e-01 -1.6831158147878444e+00 -5.7081194433039579e-05
-7.1587404917219410e-01 -1.6754894712033437e+00 4.1984657707994089e-05
-7.2509827985055975e-01 -1.6536547980300351e+00 9.5966734944497007e-05
-7.1329102053903626e-01 -1.6338368780656016e+00 1.0291513129590007e-05
-7.0752686740907145e-01 -1.6250614427104768e+00 -6.1054393105997016e-05
-7.1077991982531952e-01 -1.6024700445336191e+00 -1.0785988869099762e-04
-7.2110203730080036e-01 -1.5782765430030892e+00 -6.9935467773563076e-05
-7.4086699351097340e-01 -1.5529039773790181e+00 1.0910455114376832e-04
-7.5892955168995935e-01 -1.5182648120365736e+00 2.6074112547691547e-04
-7.7911013591198008e-01 -1.4852702355168645e+00 4.2424130649931785e-04
-7.8208866423002410e-01 -1.4628520061353811e+00 3.7450402609062738e-04
-7.4784804599745203e-01 -1.4792607114198018e+00 4.3466217912846398e-05
-7.4498679406664114e-01 -1.4573887079648540e+00 2.7883809377016042e-06
-7.6501008993877795e-01 -1.4279368577614255e+00 1.2733890604832429e-04
-7.2873143517359729e-01 -1.4283237291758211e+00 -5.6025140085513881e-05
-7.2002537177819692e-01 -1.3881916353883323e+00 4.9773215105020079e-05
-7.4049682937302652e-01 -1.3762707047446940e+00 8.7593139308617105e-05
-7.6309619941250795e-01 -1.3551305370717799e+00 1.2600154969699687e-04
-7.7807887806969211e-01 -1.3262882231250666e+00 1.3812271618518496e-04
-8.0569288386959814e-01 -1.3083479894544179e+00 1.0157546132233410e-04
-8.1406742620703865e-01 -1.2810422742689307e+00 6.4503621847289443e-05
-8.2462886979996264e-01 -1.2653986328261024e+00 2.5923986920362039e-05
-8.2931221236737218e-01 -1.2500615732133245e+00 9.8828515343596379e-07
-8.2865531241206081e-01 -1.2338105685938370e+00 -3.1652277048266477e-06
-8.4722827581121340e-01 -1.2240830502613991e+00 -7.4669713275465912e-05
-8.4500197547385036e-01 -1.2031777449411849e+00 -7.2086110896041347e-05
-8.4674173179241519e-01 -1.1867707425058471e+00 -7.7040151519880445e-05
-8.5820241908059602e-01 -1.1919126504090811e+00 -1.2473794416151268e-04
-8.7046089030138019e-01 -1.1979291251929665e+00 -1.6506783042657944e-04
-8.7293064031059786e-01 -1.1841817621455435e+00 -1.7755689244727821e-04
-8.7413745585052505e-01 -1.1685072399783627e+00 -1.8069168074960634e-04
-8.7209377175515457e-01 -1.1584209056409738e+00 -1.6938654253326191e-04
-8.7413314264638398e-01 -1.1424627258712039e+00 -1.6657121227736654e-04
-8.7928444939784745e-01 -1.1360887484859492e+00 -1.7978242070329487e-04
-8.8974032910389944e-01 -1.1157619579440128e+00 -1.9269934352743323e-04
-9.0173787485855650e-01 -1.1145267267017607e+00 -2.2253641821987069e-04
-8.9204952441294016e-01 -1.0991785269383743e+00 -1.7832465849751378e-04
-9.0218217268770484e-01 -1.0908785156731378e+00 -1.9058760515844325e-04
-9.0893783597773936e-01 -1.0768466453643255e+00 -1.8021032560724959e-04
-9.0621971286505065e-01 -1.0658384970996961e+00 -1.5757635805037351e-04
-8.9942627616306525e-01 -1.0537434875862721e+00 -1.2811693675997960e-04
-8.8938485795937861e-01 -1.0294473351277937e+00 -8.2687483928048366e-05
-8.8621169198960414e-01 -1.0088031474383561e+00 -6.0665727367540875e-05
-8.7745575826629052e-01 -9.8454780573704515e-01 -4.2458994143634160e-05
-8.8482445348840166e-01 -9.5992437880648662e-01 -3.6669518620032157e-05
-8.9164658419349230e-01 -9.6000968182505853e-01 -3.4055281942072009e-05
-9.0722857347599972e-01 -9.6397116175112529e-01 -2.3828783009598203e-05
-9.2378062163159547e-01 -9.7602495438869352e-01 -1.3829355371770211e-05
-9.4084886844542137e-01 -9.8128813945739579e-01 1.3076756702890338e-05
-9.4879052703159306e-01 -9.8195956588949784e-01 3.4018676032814986e-05
-9.3359838941558460e-01 -9.6923972749347509e-01 1.5046321971065455e-05
-9.1567358642784191e-01 -9.4329747480519333e-01 3.3300074689172188e-06
-9.2178859093169152e-01 -9.3879831134543201e-01 1.9473966943329911e-05
-9.2786408502342299e-01 -9.4143557686270196e-01 3.2627732388851278e-05
-9.4105579031171538e-01 -9.7003559326644617e-01 3.3093947806976665e-05
-9.4964115704407981e-01 -9.6496466052572993e-01 6.8928582608610093e-05
-9.4574450209868233e-01 -9.4892857774568296e-01 8.0083140889839507e-05
-9.5799063371471971e-01 -9.5560049493386789e-01 1.1839020311147833e-04
-9.4839006351519983e-01 -9.3421458204982277e-01 1.0882261929667813e-04
-9.6001461017462386e-01 -9.5016002718931269e-01 1.3693944430764193e-04
-9.7774981742650235e-01 -9.5120935002190787e-01 2.3013480689703313e-04
-9.8065108884470908e-01 -9.4220418694577324e-01 2.6652252169137060e-04
-9.7100755138342509e-01 -9.3099647703004551e-01 2.2568419420645330e-04
-9.6582830831085498e-01 -9.2051154581266426e-01 2.0971635634264868e-04
-9.7180082279474933e-01 -9.0590287572747341e-01 2.6087309617425070e-04
-9.6986978198773399e-01 -8.9496124042987402e-01 2.5702472080964278e-04
-9.7492709035367908e-01 -8.7093710554645498e-01 2.9962067264999517e-04
-9.8727155572590930e-01 -8.5641550724384496e-01 3.9167116503043692e-04
-9.8249980526120795e-01 -8.5609375415072120e-01 3.5419455687224358e-04
-9.8250146466304111e-01 -8.4563409629069974e-01 3.5073379020047427e-04
-9.8389617927422335e-01 -8.3098979849406507e-01 3.5247915379300638e-04
-9.8803483306548789e-01 -8.2805546043605704e-01 3.8261891933566482e-04
-9.8431257048500076e-01 -8.1854283630888669e-01 3.4455509373956111e-04
-9.9564606730981042e-01 -8.2236289847767208e-01 4.4065740389086206e-04
-9.9988273990881593e-01 -8.1641108031392051e-01 4.7122572513885871e-04
-9.8902259783207791e-01 -8.1011850987310863e-01 3.7179965388656547e-04
-9.8123696826491802e-01 -7.9077805388152478e-01 2.8801903858142401e-04
-9.9223769395427441e-01 -7.8224488154011418e-01 3.5571890081943607e-04
-9.5991964661449236e-01 -7.6603612936446497e-01 1.3033408260967883e-04
-9.4426143838172694e-01 -7.9724785859668412e-01 8.9959246033235991e-05
-9.3015397884143047e-01 -8.1905421647858445e-01 4.9361925714419613e-05
-9.0865860823237843e-01 -8.0124616499816492e-01 -1.1627709382122651e-05
-8.9679804586808087e-01 -7.7251076742714320e-01 -2.6567133409649554e-05
-8.9363852888253170e-01 -7.3944063097554458e-01 -2.2717391879284444e-05
-8.9085897650975998e-01 -7.0373467272618462e-01 -1.4649609121397678e-05
-9.0190712001685291e-01 -6.6672817281047403e-01 -2.3929294284796843e-05
-8.9953991661904809e-01 -6.3548380575162111e-01 -2.9592891006680049e-05
-8.7064223802420682e-01 -6.1972168103220948e-01 1.0967786231552701e-05
-8.8219129936396856e-01 -5.8665456560789830e-01 -3.3186764304138354e-05
-8.6307517978044324e-01 -5.6909214015759468e-01 -1.6849179911071488e-05
-8.3035057777436638e-01 -5.6608066972868898e-01 4.2839881535694506e-05
-8.0415325093521339e-01 -5.4635257159876083e-01 6.4394258218025704e-05
-7.8563882277858321e-01 -5.2048800655550365e-01 5.6123595273072091e-05
-7.8192045311130953e-01 -4.8780759282239911e-01 1.1683834185483022e-05
-7.7461480033348418e-01 -4.5320761813652416e-01 -1.4857564943904224e-05
-7.6798987975693722e-01 -4.1800819204320966e-01 -2.2627527100915760e-05
-7.8246081366144893e-01 -3.8575630894286511e-01 -5.9335863149101442e-05
-8.0223264970350128e-01 -3.5683985248797756e-01 -1.0076678760584379e-04
-8.1330825139712259e-01 -3.2014506882438509e-01 -1.0708836024020396e-04
-8.2187270470077733e-01 -2.9069330921131253e-01 -1.0357297873675453e-04
-7.8211016910916031e-01 -2.8372136682474303e-01 1.0030861545551332e-05
-7.5469882495365659e-01 -2.6899876812028040e-01 6.9548560990950734e-05
-7.3737875557089394e-01 -2.4236073085558596e-01 8.8077987005941188e-05
-7.2767321799754581e-01 -2.0960277389958187e-01 6.9208481406235492e-05
-7.4951106686858948e-01 -1.8347903608239527e-01 5.5522313622102810e-05
-7.7256273520679908e-01 -1.5862566198490491e-01 3.8023397282593852e-05
-8.0484123021900900e-01 -1.4803359416434678e-01 3.3225774313860874e-05
-8.3080235100934519e-01 -1.2686001418940529e-01 3.4734046332196566e-05
-8.3617323753005979e-01 -9.6322321270018427e-02 4.6061888506337960e-05
-8.2994876169774401e-01 -6.1257022148420728e-02 2.3898009661557636e-05
-8.2366223130007543e-01 -2.6275781113658365e-02 -2.6716389113307096e-05
-8.1729449050343184e-01 8.5708571861004210e-03 -9.5232235042125288e-05
-8.2731675423962125e-01 4.3405415603424966e-02 -6.5961282174065148e-05
-8.4210902190985915e-01 7.9292381446723126e-02 2.5787411980698887e-05
-8.4936584365060785e-01 1.1434341853545646e-01 7.7915949769191695e-05
-8.4300573007576030e-01 1.4903648648777285e-01 3.1589600454684521e-05
-8.4256680168465958e-01 1.8312532184008359e-01 3.3623256985304557e-05
-8.3286361748348792e-01 2.0735097112701936e-01 -5.4873203518268700e-06
-8.5052234657830428e-01 2.3976564252638885e-01 4.7753833893826578e-05
-8.6174349939469763e-01 2.6955292823144761e-01 8.9301807811859035e-06
-8.4288266895309694e-01 2.9450084058597881e-01 -2.1708705887968364e-05
-8.3035761505831651e-01 3.2159117843448831e-01 -3.5668848436087863e-05
-8.2814190566807866e-01 3.5407312055602780e-01 -9.6626828046897373e-05
-8.0873009589055178e-01 3.7851554692882122e-01 -6.0264294780898453e-05
-7.8748808750617294e-01 4.0155495791222967e-01 -1.1891097771110637e-05
-7.6788522695290440e-01 4.2586948207432129e-01 1.2810125811557604e-05
-7.4456829654750645e-01 4.4722426311830504e-01 4.5205764768296845e-05
-7.1287836792384163e-01 4.6198891290019589e-01 9.9273651697706660e-05
-6.7378681270343321e-01 4.7011805731063422e-01 1.3133082185168288e-04
-6.3504488871206188e-01 4.6436122272308600e-01 1.0761368549661032e-04
-5.9676909532203004e-01 4.5806608641041763e-01 2.1180991817693062e-05
-5.6046768400649560e-01 4.4931860935860224e-01 -8.9360138040173190e-05
-5.4331929916196953e-01 4.7596105872732730e-01 -1.4236382298682404e-04
-5.3152815665431352e-01 5.0700041706083210e-01 -1.7210405272205517e-04
-5.3749532299668490e-01 5.5265421790569613e-01 -1.1059970487803385e-04
-5.6382681182593164e-01 5.6994800025290426e-01 -2.4015166814495004e-05
-5.9545999688065532e-01 5.8454441250592926e-01 -6.8391144636414597e-07
-5.9902065833913110e-01 6.0667553604041569e-01 -2.7805479447029481e-05
-5.7985859803214501e-01 6.3144723418893489e-01 -2.1972780413936906e-05
-5.6117615711873758e-01 6.5667589278365035e-01 -9.7284561003663262e-06
-5.4177117552091558e-01 6.8132721210081970e-01 7.7497156594219501e-06
-5.2182362257391057e-01 7.0554333732691854e-01 2.5596354729873202e-05
-5.0362772755459384e-01 7.3122903630685643e-01 4.3506535177151313e-05
-4.9053619195533898e-01 7.6106726347025622e-01 7.0718914639278388e-05
-4.7858766288149573e-01 7.9194386869008571e-01 1.0193772192856884e-04
-4.7768022498438656e-01 8.3194609763401306e-01 1.3585556950879152e-04
-4.7235289180477719e-01 8.6827496764104140e-01 1.4853781116253018e-04
-4.5942051612813906e-01 8.9830213236453749e-01 1.6295700850721406e-04
-4.6971357445492345e-01 9.3870227539106976e-01 6.4187296671541771e-05
-4.6901829815552615e-01 9.7581709145790219e-01 -6.4500375260873044e-05
-4.2303982728385098e-01 9.7823717865520665e-01 1.3359467156792701e-04
-3.8385673590790420e-01 9.8633702961903436e-01 9.3514931360387521e-05
-3.5230103027287946e-01 1.0007680428665873e+00 -1.9664567092696559e-05
-3.3143596873927295e-01 1.0212943196689177e+00 -9.5588058733199463e-05
-3.4317117398127661e-01 1.0593032375398355e+00 3.4601873837303287e-06
-3.2063361321861528e-01 1.0796491191520461e+00 -3.7340387668949302e-05
-2.9693958262210068e-01 1.1008640647589454e+00 -7.0697397455909958e-05
-2.7690102797437682e-01 1.1252157561629406e+00 -6.8201087269514904e-05
-2.5668391935251073e-01 1.1494025540100952e+00 -5.3969236753437206e-05
-2.3599662412387984e-01 1.1732892812055293e+00 -3.6586340351973945e-05
-2.0837646003259080e-01 1.1910801124882464e+00 -7.5152230263331177e-05
-1.8928423546773479e-01 1.2164125527388054e+00 -5.1598788850359956e-05
-1.9606057048664208e-01 1.2515427385074416e+00 1.0895495025309287e-04
-2.1809622093503125e-01 1.2772242169009345e+00 2.1167282998746373e-04
-2.3155419455776344e-01 1.3048853827554177e+00 1.5722925410832639e-04
-2.0195792288709080e-01 1.3208605110914535e+00 2.1495768985946301e-04
-1.7299778084014275e-01 1.3374845150665382e+00 2.2352129481278959e-04
-1.5738849920809467e-01 1.3659301053532689e+00 2.1634626326599854e-04
-1.4431672881261343e-01 1.3965806866065644e+00 1.8544600261011243e-04
-1.2485710529055920e-01 1.4216527914897377e+00 1.6259687544634144e-04
-9.4688770869704370e-02 1.4371759189678639e+00 1.7278827786942899e-04
-6.5343831013459711e-02 1.4534824303203191e+00 1.5126202740656236e-04
-3.6635716235827592e-02 1.4620270482847608e+00 1.1054757502421132e-04
-2.0720948800828048e-03 1.4505501323329926e+00 6.0087148030379939e-06
2.9273115741274894e-02 1.4356076446049646e+00 -1.0898946715327817e-04
5.3264182845374486e-02 1.4463933571573797e+00 -1.3401237625002005e-04
7.1407822596416315e-02 1.4732365137909211e+00 -1.1292985956684601e-04
7.7770600455845953e-02 1.5076518376853050e+00 -6.5977186512328187e-05
7.3876265203606614e-02 1.5480143368974755e+00 -2.2391920172892821e-05
9.1698282732342151e-02 1.5751592997701054e+00 -2.4043828445396990e-05
1.2866753915160031e-01 1.5779329261113209e+00 -1.2900352297395834e-05
1.6075604751804920e-01 1.5638587096629517e+00 -6.6982794203473964e-06
2.0564940357223357e-01 1.5654720570330629e+00 3.1087446024979926e-05
2.4186762032666487e-01 1.5557277022131468e+00 8.4113995191925639e-05
2.7807129893174365e-01 1.5459180477356742e+00 1.5958993672604560e-04
3.1420018334297661e-01 1.5360128656847716e+00 2.5359255022316946e-04
3.5026846060327710e-01 1.5260444373191862e+00 3.6426304130332543e-04
3.7731635458053570e-01 1.5450098476860439e+00 2.4418117975211212e-04
3.8831229625602348e-01 1.5628622647146699e+00 9.9831537464178916e-05
3.5455002628909260e-01 1.5751513914900122e+00 4.5024011440686344e-05
3.8206565007042714e-01 1.5923673393130631e+00 -9.5674007013268864e-05
4.0293951943128586e-01 1.6176192509593452e+00 -2.5643096962568718e-04
4.1267306818045685e-01 1.6504164690104697e+00 -3.2357034863361728e-04
3.9535512859601751e-01 1.6789152280527888e+00 -2.8026892320076607e-04
3.7842865175788248e-01 1.6967947995969419e+00 -2.3815775257918223e-04
4.2224075294467434e-01 1.6989204395843884e+00 -6.5805753355796512e-05
4.6147486665444754e-01 1.6942741371856178e+00 1.0249799995021294e-04
4.9516470132108498e-01 1.6819873466421551e+00 1.5524474112560421e-04
5.0222994525816456e-01 1.6587119983055363e+00 -6.9449865949589045e-05
5.3240992327294467e-01 1.6495647947733270e+00 -4.2069520787002410e-06
5.6029323553950083e-01 1.6316425105633383e+00 -1.3831783276962994e-05
5.8219269458860579e-01 1.6103223128875566e+00 -3.1886797622115992e-05
6.1567724699111137e-01 1.5977963606074594e+00 5.5136226721153037e-05
6.3935605261854378e-01 1.5817908971067292e+00 1.0364625865999508e-04
6.6902703691208198e-01 1.5678813440970520e+00 1.6572862973940342e-04
6.9869541218877129e-01 1.5539059808138549e+00 2.0207104721026159e-04
7.2922357658043602e-01 1.5483359259809595e+00 1.8455148104856714e-04
7.6201406021205220e-01 1.5402218640508747e+00 1.0709234426009573e-04
7.9191489310219954e-01 1.5327747437196597e+00 -2.1888712483097980e-05
8.2106406596153725e-01 1.5163553688402180e+00 -1.2717344783252926e-04
8.4651521880380398e-01 1.4966289968073938e+00 -1.5833648448243529e-04
8.5652153637595496e-01 1.4706580694423892e+00 -3.7238115732474126e-05
8.7961220838299536e-01 1.4550863570067729e+00 4.2601635984462786e-06
9.0739671876005756e-01 1.4374911049353845e+00 1.5591425246791468e-04
9.2171144134881899e-01 1.4146837919030268e+00 3.7448653182578506e-04
8.9785226933746021e-01 1.3935783556577428e+00 2.0796668033662430e-04
8.9985425396215868e-01 1.3598095484860810e+00 1.6724202932266724e-04
9.0204124449040080e-01 1.3273572852323356e+00 9.1134381079660529e-05
8.8799596102491984e-01 1.3043709508654244e+00 -4.3949646049035174e-05
9.2244155711067255e-01 1.2987305946113625e+00 1.9286316655714447e-04
9.3770761354380772e-01 1.2798830763133651e+00 3.2661533067701582e-04
9.2416828835865106e-01 1.2562371801680812e+00 5.6930896203122292e-05
9.1265535276413601e-01 1.2343030687891856e+00 -8.3913158389736800e-05
9.2601017664629581e-01 1.2081460478770107e+00 -4.5773854724734386e-05
9.4638039841973232e-01 1.1839500552578814e+00 8.7759683636917662e-05
9.6543962297767794e-01 1.1586585835668766e+00 2.4733733013292120e-04
9.7049726553007587e-01 1.1338858054356666e+00 2.3351904239179983e-04
9.6022806983204867e-01 1.1111998588365712e+00 8.6594481355978261e-05
9.5029175095636109e-01 1.0754924315149517e+00 1.4889722681606106e-05
9.2450520188087604e-01 1.0541213636884679e+00 -7.3263193975658930e-06
9.2379376625814613e-01 1.0156781518107445e+00 3.9228646276869366e-05
9.3998085902485695e-01 9.8769585365073631e-01 5.4508769975582412e-05
9.6575023752267897e-01 9.7127992646951999e-01 2.0231266612364899e-05
9.8170002351512509e-01 9.4310143734190943e-01 -5.6973855952860766e-05
9.9429868933513987e-01 9.1520027088547518e-01 -1.8158390725418576e-04
9.8275905136840902e-01 8.9724674337011290e-01 -1.2374603586465594e-04
9.6589403561466025e-01 8.8637116433072816e-01 -3.7655853705950568e-06
9.4777777681107456e-01 8.8779096358097698e-01 1.0631507209352131e-04
9.3259530311729266e-01 9.0062087467173069e-01 1.5580804336412518e-04
9.0960287640030368e-01 8.8909119760685451e-01 2.4221035317800724e-04
8.8644061390764806e-01 8.9561182940166606e-01 2.5214284245106395e-04
8.8060470181338368e-01 8.8865627357246590e-01 2.7237749073250034e-04
8.5911229696146252e-01 8.9489282793552916e-01 2.4216837987608986e-04
8.3468834630163258e-01 9.0958120486493033e-01 1.7231085460159282e-04
8.5523466413417903e-01 8.8422788448065859e-01 2.6862060636179125e-04
8.6123625944809223e-01 8.7582015405511182e-01 3.0391229744231030e-04
8.4753236726144721e-01 8.7953910931896906e-01 2.7214380370157982e-04
8.3495526415093924e-01 8.6887911319704081e-01 2.8518691136980589e-04
8.1206062889381969e-01 8.8738149198044236e-01 1.6907140263736076e-04
7.9395486957415295e-01 9.0203290104881040e-01 9.8506553462246474e-05
7.6789706414852466e-01 9.1767887154150496e-01 5.0124832082026907e-05
7.7557254919855467e-01 8.8896300087985569e-01 6.9269905946856030e-05
7.5953112895282049e-01 8.9330848470716906e-01 2.8706127334965376e-05
7.4182297011070097e-01 9.0235527056054765e-01 3.7533230601294219e-06
7.2337205754036427e-01 8.9801359883611431e-01 -1.6922386243234389e-05
7.2001879414130854e-01 8.8181010559603734e-01 -3.7625364496307641e-05
7.2136020435416104e-01 8.5744916039758556e-01 -2.7832603477551229e-05
7.0911286280242836e-01 8.5390327500887309e-01 -5.1077335260052426e-05
7.2672688927926199e-01 8.5100406979235399e-01 -3.7231784548174564e-06
7.3048073678109327e-01 8.3112201353921678e-01 6.2053249474725068e-05
7.1097232942032451e-01 8.3438623647969112e-01 -1.5990801890242075e-05
6.9193340662018610e-01 8.4070786824311217e-01 -7.3431627446440787e-05
6.7288964889109104e-01 8.4816904336545396e-01 -9.5332316625174052e-05
6.4240477152583841e-01 8.6686648438316838e-01 -1.8457664023419078e-05
6.5230385092074428e-01 8.5497591757448554e-01 -7.4668820302159489e-05
6.8743475346358573e-01 8.3658881507746985e-01 -7.8408314478417522e-05
6.7981954035939018e-01 8.2080189215038324e-01 -7.6693128899185656e-05
6.4854148874910433e-01 8.2198213090992245e-01 -1.2050519803175061e-04
6.6820943419221734e-01 8.1097087307891269e-01 -9.0359875379253412e-05
6.5554772286818830e-01 8.0272031014304779e-01 -1.0806726368373101e-04
6.3731272697281804e-01 7.9342913566572348e-01 -1.3241029079336100e-04
6.0051361429739347e-01 8.0061281576026977e-01 -1.1521381089030218e-04
6.1311017911850241e-01 7.8021860546347266e-01 -1.5363919360777964e-04
5.9632511785905451e-01 7.8858356749546410e-01 -1.3329529121541841e-04
5.8702391647849728e-01 7.8240895488344087e-01 -1.2951823639906210e-04
5.9813608553873521e-01 7.7545693843940200e-01 -1.5531282071801209e-04
6.1598844336305880e-01 7.6640237308874481e-01 -1.5158123500147447e-04
6.1702525152453880e-01 7.5922146556944281e-01 -1.4549076105163652e-04
6.2591642293309024e-01 7.4460018498392244e-01 -1.0048117806549237e-04
5.9777479811352452e-01 7.4507403102994840e-01 -1.6743449412170988e-04
5.9754855082131686e-01 7.2385908948670219e-01 -1.5083775320123838e-04
5.8416741355315316e-01 7.1073971573603512e-01 -1.6371647917612364e-04
5.7599290887438903e-01 6.9328820260395418e-01 -1.5804284827292128e-04
5.6304133193167094e-01 6.8349595925000206e-01 -1.6676841433005413e-04
5.4866526176964903e-01 6.6473860715842026e-01 -1.5990860712999933e-04
5.3518950943380750e-01 6.4992384880526566e-01 -1.4961098615673407e-04
5.1847129066915931e-01 6.5313794045299345e-01 -1.3752403800804108e-04
5.3763132833267768e-01 6.3857622771029221e-01 -1.3499869669864051e-04
5.5027565516557209e-01 6.3032566477442376e-01 -9.9798076873880426e-05
5.4330922435624307e-01 6.2111587678937608e-01 -9.5838888875765540e-05
5.5251716437684184e-01 6.0631543076305017e-01 -3.3470840187121959e-05
5.6658589089666700e-01 5.9376911893186057e-01 6.8851414665060788e-05
5.8780827715159623e-01 5.8958601798731303e-01 2.2173552095705595e-04
5.9314086521896503e-01 5.7348436273172076e-01 3.3192714295271464e-04
5.8823152218596308e-01 5.7038156379332305e-01 3.0433653039030329e-04
6.0477134548097877e-01 5.6376149846165624e-01 4.7929272521707300e-04
5.9203966699946742e-01 5.4506737640443625e-01 4.3816294312570836e-04
5.7328286082865798e-01 5.2778643541422654e-01 3.3809086230229823e-04
5.5382997915337728e-01 5.1987009895243541e-01 2.1831224862267629e-04
5.3106531142877100e-01 4.9725344476546574e-01 1.2421135332407737e-04
5.1276416115315526e-01 4.8246818717432233e-01 4.8816110437277543e-05
5.0048992589870789e-01 4.5438277431598517e-01 -6.1088435607814517e-06
4.8879314611986885e-01 4.3164560697549947e-01 -7.5679464040190298e-05
4.7447617458361008e-01 4.0841505853511589e-01 -1.6609945468926132e-04
4.6598663716575989e-01 3.9647088648067508e-01 -2.1706856537673241e-04
4.5001745974278784e-01 3.8397967794252508e-01 -2.7675154119033429e-04
4.4314158938976306e-01 3.9841733587432165e-01 -2.3829995888324798e-04
4.3031527570660510e-01 3.7976903227937986e-01 -2.9465918489257620e-04
4.1801244852384750e-01 3.7534487171798014e-01 -3.0042015420361768e-04
4.0911670358790792e-01 3.8048484574139979e-01 -2.7475843025048796e-04
4.0244976563479612e-01 3.6893809099603392e-01 -2.9886041590521112e-04
3.7898509306593336e-01 3.6082052281863580e-01 -2.7060299651815434e-04
3.5824895930162121e-01 3.5034386249156341e-01 -2.3727490018510261e-04
3.3472823694583315e-01 3.3603798088016967e-01 -1.9047519505621666e-04
3.2662281822330802e-01 3.1400676386815074e-01 -2.1671828511404814e-04
3.0283459747714192e-01 3.1765975905128863e-01 -1.0990262576260346e-04
2.7786031241431253e-01 3.3992669606617942e-01 3.9174862819346692e-05
2.8259026231838047e-01 3.1643637778027833e-01 -3.3122375322824915e-05
2.6260259396607682e-01 3.1200670224111271e-01 3.0013297715791821e-05
2.4858691792999499e-01 2.9175699664990246e-01 3.0162945082512480e-05
2.2990136522974128e-01 2.7892457189611497e-01 5.6065907605540297e-05
2.1953148493658314e-01 2.6183411159401887e-01 4.3362433278626393e-05
2.2240522228599505e-01 2.5380117093746679e-01 1.7079710023959431e-05
2.0000135260823407e-01 2.5240680738792165e-01 6.5057776411969693e-05
1.9271207551516953e-01 2.5821769414373336e-01 9.1146543658049471e-05
1.8046786780427260e-01 2.6263208933075843e-01 1.1904680005542229e-04
1.9022514107189253e-01 2.4889295552104010e-01 7.4758005780495160e-05
1.6635202178377370e-01 2.5224942765958280e-01 1.1226409393816356e-04
1.5821177713706128e-01 2.5619875179934742e-01 1.2695749379076920e-04
1.5280161470775622e-01 2.4371370065657660e-01 1.0494593551713116e-04
1.3990203423437375e-01 2.3756016057421761e-01 9.8629967460905910e-05
1.3064893748584577e-01 2.0993237457641903e-01 5.5440337972334510e-05
1.1974919536870647e-01 2.0584135231536624e-01 5.1226401530601927e-05
1.0182935930238224e-01 2.0261168625315051e-01 4.4550415487426499e-05
1.0989721240782598e-01 1.9818477850901445e-01 4.1474914441286259e-05
1.3899884596208684e-01 1.8900062392566799e-01 2.2732736060016023e-05
1.1475038719008478e-01 1.8721138925256045e-01 2.9937327831936031e-05
1.3257610762233010e-01 1.7822948429441801e-01 1.3801489935877349e-05
1.2337587022888657e-01 1.6601336711038270e-01 7.1213295650684880e-06
9.9497579703612740e-02 1.7331088991469593e-01 1.8144215107457394e-05
9.1941300789292926e-02 1.5890815528499830e-01 9.6285668408358153e-06
8.5510293218537550e-02 1.5300457512482635e-01 6.7338565027385975e-06
6.5021087136933581e-02 1.4975997878591638e-01 -1.2646607710220475e-06
7.5068861592352487e-02 1.5233809673023546e-01 3.6313503098683897e-06
5.6470752075933779e-02 1.5788908910658189e-01 -6.1736972936238119e-06
4.0435166579525374e-02 1.6909440013510840e-01 -1.8170550133075905e-05
2.8866325320245467e-02 1.9002310041026860e-01 -2.2563406123922433e-05
2.3148784160907196e-02 2.1467387785907649e-01 -1.0643943598669090e-05
9.9541866028813805e-03 1.9803409265963731e-01 -3.8629803860421017e-05
3.5309154024092952e-02 1.7205692183050705e-01 -2.2541878981575947e-05
4.3818871974827513e-02 1.4928017545313357e-01 -1.6053329385153081e-05
5.2798392187920838e-02 1.1855427905230827e-01 -1.4425172368062699e-06
4.1395104896361001e-02 1.1517339882093225e-01 -6.8780848110974633e-06
6.1843054371490055e-02 9.9393821570306157e-02 1.1085086723969236e-05
4.8985464596465161e-02 1.0626107700150747e-01 2.7577434252232382e-06
3.8136097838182684e-02 8.4733388521422690e-02 1.2036537177934067e-05
2.0201519206340054e-02 7.6046391017332543e-02 6.7250439231489289e-06
1.1595470890840422e-02 5.6064663138451154e-02 2.0398593456692239e-05
-8.3650672865307578e-03 6.0610637597124137e-02 -6.8368846744644026e-06
-3.8226407527725846e-02 7.4208040269498482e-02 -6.0807694821585212e-05
-4.0986834335694340e-02 4.9507218520677805e-02 -3.7008046650872227e-05
-3.5153451724952794e-02 3.3607555317874543e-02 -8.0567072189754177e-06
-2.4469174277774328e-02 1.6082839808460848e-02 3.1799250583164826e-05
-1.8282913291837062e-03 3.5669843408964782e-03 7.6893704378765110e-05
-1.3757192899419235e-02 8.3372805643200376e-03 5.6931396877336633e-05
-1.8222765540647286e-02 -1.1785050777654451e-02 8.2353680961024780e-05
-3.0267807641552236e-02 -4.1735955752147058e-02 1.1569243832106406e-04
-4.2334455540292318e-02 -5.9873224979961066e-02 1.2934688388150511e-04
-4.8020941971277507e-02 -8.5516428584651680e-02 1.6289494596793272e-04
-3.4912638996416355e-02 -9.9694299222225446e-02 2.0265496123979954e-04
-3.6419733732208463e-02 -1.2067468573511793e-01 2.3069025746109268e-04
-2.1197234585365033e-02 -1.3896345471667440e-01 2.6774090257141933e-04
-4.4806837894993207e-02 -1.2022480771159824e-01 2.1909840052238699e-04
-5.2867796834076275e-02 -1.2330007943043197e-01 2.1097604621687894e-04
-7.6451497951886327e-02 -1.2124363281278416e-01 1.6456765169699255e-04
-5.8078618425118272e-02 -1.3523604584362073e-01 2.1713751228964750e-04
-7.5298731286737669e-02 -1.4034436701688177e-01 1.8899322359082482e-04
-6.0899186329735726e-02 -1.4808590921978249e-01 2.2612823478422583e-04
-7.6337913948546388e-02 -1.4703593316184160e-01 1.9334299812608113e-04
-7.6596140205658955e-02 -1.5650015880861073e-01 2.0100742336474919e-04
-7.9685059154684934e-02 -1.5994447156900526e-01 1.9640067838562529e-04
-7.7910348746277572e-02 -1.7085830651697750e-01 2.0767879060389066e-04
-6.6738374400089479e-02 -1.8629906274973912e-01 2.4125877283649730e-04
-8.2479271121743580e-02 -1.9764925421329127e-01 2.0361889778658385e-04
-6.2929793361363728e-02 -2.1725243574515241e-01 2.5324703060780601e-04
-6.4424846470964692e-02 -2.2713817568134767e-01 2.4662029382505052e-04
-6.8591002872840423e-02 -2.3540586408329631e-01 2.3124014446951335e-04
-7.0135954436891468e-02 -2.5473035846780068e-01 2.1050116000007052e-04
-6.9101958148099815e-02 -2.8054008428929755e-01 1.7952884317384840e-04
-5.9212783871071442e-02 -2.9574227596213959e-01 1.8616479506047839e-04
-7.0570140366886178e-02 -3.1508675982092466e-01 1.0680426492618023e-04
-4.5155084598202180e-02 -3.2701946152931133e-01 1.6808683930162602e-04
-5.0664552335896125e-02 -3.4558308634535773e-01 1.0670254007186236e-04
-4.3970489155460618e-02 -3.5883407463786066e-01 9.6246421875584312e-05
-6.2892607545919132e-02 -3.7478400651788757e-01 -2.2619297979697986e-05
-4.0018125243890708e-02 -3.8206766469914072e-01 4.7980972837521862e-05
-1.2048563563943217e-02 -3.8097576452037640e-01 1.3314317083755472e-04
-3.6877681714764482e-03 -3.9697068440856570e-01 1.1466505959316542e-04
5.5969266467731232e-03 -4.1744231501723744e-01 8.8055247991866730e-05
1.2631961655696067e-02 -4.1854165169806490e-01 9.6954158412008981e-05
3.2869034415481065e-02 -4.0004016463676051e-01 1.3475533661379269e-04
5.6934494875733925e-02 -4.0357740294037647e-01 8.9094492671942804e-05
7.0727683094595567e-02 -4.2791059558785005e-01 3.2516181606240264e-05
9.1645577151511406e-02 -4.4649112112034939e-01 -5.4397650079751593e-05
1.0223715815996609e-01 -4.5670484036463899e-01 -1.0352197069724009e-04
1.2943283843976994e-01 -4.6576145190049240e-01 -2.7692206108687067e-04
1.4950391661051191e-01 -4.8177040916125746e-01 -4.0626397884491200e-04
1.5282547622275675e-01 -4.9629822801616480e-01 -3.8312335474077785e-04
1.2581359236387685e-01 -4.8958876942556123e-01 -1.9689867852734641e-04
1.3883207416582791e-01 -5.0749736839235993e-01 -2.3621488413894099e-04
1.4550209431753977e-01 -5.1065530117604030e-01 -2.7230065048744478e-04
1.6328960217027133e-01 -5.1520657100389644e-01 -3.9119353018696195e-04
1.7856887900107854e-01 -5.1723675974898031e-01 -5.1359911579818007e-04
1.8914501737089728e-01 -5.4048605057717203e-01 -4.5187957481862562e-04
1.9868766410539015e-01 -5.6102178885576148e-01 -3.5783527390809166e-04
2.1507423095471762e-01 -5.7442817810308833e-01 -3.1630491698420049e-04
2.2257367922492405e-01 -5.8086370362867235e-01 -2.7347745357586594e-04
2.1293615833834040e-01 -5.8717532035571440e-01 -1.7439943961494752e-04
1.9712397101405021e-01 -5.6596640261121955e-01 -3.0756583664104430e-04
1.9651949056695273e-01 -5.7364642132050536e-01 -2.4027212663380081e-04
1.8552846087827721e-01 -5.9902752252164437e-01 -1.3302305410525187e-06
1.8126042453939009e-01 -6.0246595144784643e-01 3.1563854509863770e-05
2.1640826212465120e-01 -6.0226032712201993e-01 -1.5555968020830916e-05
2.0721690076906585e-01 -6.1783832627689872e-01 1.5338160524924765e-04
1.8523815586909140e-01 -6.2021920244810647e-01 1.6268162062116353e-04
1.7316620140914665e-01 -6.2428183631677614e-01 1.8654077939567196e-04
1.6780785603333456e-01 -6.3347298870157709e-01 2.4030496631072265e-04
1.6127870863534280e-01 -6.4537023081241651e-01 2.9891540478321771e-04
1.3075152718095573e-01 -6.6620911411730666e-01 3.0205398855304177e-04
1.0295973573231938e-01 -6.7806300329869984e-01 2.3101867421260148e-04
9.4676896323575760e-02 -6.8342184899173875e-01 2.0901982343543785e-04
1.0139531728460172e-01 -6.9283900613567784e-01 2.5798498822970873e-04
8.9175620597686106e-02 -6.9625372929944684e-01 2.1044524566346577e-04
7.3940297330995650e-02 -6.8491369853090622e-01 1.2800956933042905e-04
7.4952866537850535e-02 -7.0492834733586696e-01 1.6258003513530575e-04
7.9883004787764070e-02 -7.1398436383275388e-01 2.0101770256461407e-04
1.0893009230022338e-01 -7.0360967126590090e-01 3.2210806492449871e-04
1.2453530229601055e-01 -7.1297294782894027e-01 4.4296751314176763e-04
1.2406109400769021e-01 -6.9191809593547338e-01 3.6341236028830659e-04
1.3797818990024935e-01 -6.9756876894844799e-01 4.6252685425835155e-04
1.4933802200152529e-01 -7.0505907605600726e-01 5.7565321110114847e-04
1.5250835757981721e-01 -7.1025023817500732e-01 6.3004144208978104e-04
1.4318589021613634e-01 -7.2134230356201801e-01 6.1722655136347421e-04
1.6376067987286685e-01 -7.2475894044281475e-01 8.3195814719766665e-04
1.4357771058387103e-01 -7.2624167057240152e-01 6.4746646108853993e-04
1.2606720588075704e-01 -7.1486296428545493e-01 4.6032023235559241e-04
1.3630503830671425e-01 -7.2515630311346180e-01 5.8078092976110440e-04
1.4507697549514928e-01 -7.3453492377549989e-01 7.0882912555869995e-04
1.2160107348050268e-01 -7.3099073070063447e-01 4.9326323871451633e-04
1.1045702195269272e-01 -7.1447069708576294e-01 3.6227626913892721e-04
1.0830510716998788e-01 -7.2471959929157592e-01 3.8083899312568465e-04
1.1092362961514622e-01 -7.3499468168175908e-01 4.3164586636701527e-04
1.0701739827696230e-01 -7.3502652238002508e-01 4.0514148863621821e-04
1.1429858451107866e-01 -7.5067413378740544e-01 5.1491462068950240e-04
1.2753007494405996e-01 -7.5032042558750167e-01 6.2791271886081246e-04
1.0884153219628338e-01 -7.6108435657647089e-01 5.1102089424437652e-04
9.8936371103940324e-02 -7.7198134050372869e-01 4.7062979988102315e-04
8.8140738883684566e-02 -7.7432648094033940e-01 3.9577187039036097e-04
9.0713270095199527e-02 -7.6708587996615685e-01 3.9208558757297673e-04
6.2333679189830613e-02 -7.8177469650802156e-01 2.4812770336769829e-04
5.6609130020719586e-02 -7.9292495071161762e-01 2.4060654226577783e-04
5.2874835692267141e-02 -8.1126553601537743e-01 2.6098789435599623e-04
4.6339775484747256e-02 -8.3722174535239757e-01 2.8252788171261121e-04
3.5994243370690349e-02 -8.2213280682412604e-01 1.9105547483181610e-04
3.2833828306259839e-02 -8.2345452832437327e-01 1.7777555233806225e-04
3.2935262416637794e-02 -8.4255060787137892e-01 2.1525163029026493e-04
3.0516984318827385e-02 -8.2042176257609334e-01 1.6100312398323411e-04
2.2106304308043064e-02 -8.0812339917348275e-01 1.0311513889296655e-04
2.2065977516873413e-02 -8.1322676827798013e-01 1.1139632261021517e-04
2.0351675726471424e-02 -7.9483833878386811e-01 7.4452872702010942e-05
2.2260510554162113e-02 -7.6412571677828212e-01 3.2013417755841266e-05
9.0763389247626065e-03 -7.6874890815845953e-01 -7.2938207649647408e-06
7.2232076651083631e-03 -7.5825189367948065e-01 -3.0224746701924766e-05
1.1049220075842987e-04 -7.8129330906075800e-01 -1.6177394269550579e-05
-4.8780259965685658e-03 -8.0183139865062691e-01 6.3498637971597799e-07
-3.1616764405724648e-05 -8.2022686231343889e-01 4.1886369729488004e-05
-7.6272522766441799e-03 -8.2735011389467206e-01 2.8266479592914309e-05
-1.4841871993045040e-02 -8.3033897336699058e-01 1.1800998392038384e-05
-1.7894377199536949e-02 -8.3239273947561099e-01 6.2460563865565644e-06
-2.1299106828025181e-02 -8.4235539221623712e-01 8.7214055764924751e-06
-3.7296603685881287e-02 -8.4335701917670303e-01 -2.6094732886221272e-05
-4.2668238346096565e-02 -8.5271921706369735e-01 -2.7908031734517837e-05
-5.7194748607355544e-02 -8.6107000250729571e-01 -4.5449827009269692e-05
-7.8366640640236213e-02 -8.5920205402133787e-01 -7.2192296674100545e-05
-8.9542340050691449e-02 -8.5785020518840382e-01 -8.3298749639485023e-05
-8.6529648744765209e-02 -8.6793196674123874e-01 -7.2804837542309151e-05
-7.4655695683882348e-02 -8.7420961437571421e-01 -5.8948006891490707e-05
-8.7950869676600055e-02 -8.7761182749469591e-01 -6.8128315722198909e-05
-1.0513438155628001e-01 -8.7409566368544145e-01 -7.9150544294512184e-05
-9.3281716485420732e-02 -8.8500282433265898e-01 -6.7979076290830553e-05
-1.3270135933239419e-01 -8.8505832267442797e-01 -7.3353177017510039e-05
-1.7659634007438624e-01 -8.7773587544922704e-01 -6.5758918191771709e-05
-2.1058753639436176e-01 -8.7794237906863914e-01 -3.7070238880498874e-05
-2.1125883487641137e-01 -8.8720929315409081e-01 -1.4610071289389293e-05
-1.9057641106566928e-01 -8.9003077135897357e-01 -3.1947385391278865e-05
-1.7451404674654372e-01 -8.8434998338757798e-01 -5.5773799774283566e-05
-1.5000018779003998e-01 -8.8664999306993775e-01 -6.6478210629633658e-05
-1.2982043623805220e-01 -8.9118465222501264e-01 -6.8989183135803573e-05
-1.2082238765898709e-01 -9.0512845203058612e-01 -6.4184984855775214e-05
-1.0401032678101081e-01 -9.2147965471198323e-01 -6.7208604003873864e-05
-1.3321620724638503e-01 -9.3316626435683248e-01 -5.1394166441384739e-05
-1.6613621372706205e-01 -9.2599667821627429e-01 -1.2461943918296043e-05
-1.7518262539050772e-01 -9.2490985183869501e-01 3.9978158382357159e-07
-1.4770595564157116e-01 -9.3905126924345395e-01 -3.2570009718777027e-05
-1.3502233475832831e-01 -9.4825199852431652e-01 -4.9906230624244345e-05
-1.3598684861089885e-01 -9.5471184566581335e-01 -4.9568766372000390e-05
-1.4185873633353441e-01 -9.5955803482110325e-01 -4.0898397035221635e-05
-1.1481205870806875e-01 -9.7215956143993587e-01 -8.4483685484821382e-05
-1.2545952089871582e-01 -9.6754066545590001e-01 -6.9127076400735175e-05
-1.3392758278751574e-01 -9.7420387733116265e-01 -5.8915331893873076e-05
-1.2765678717121859e-01 -9.8014726308095623e-01 -7.2342978212534500e-05
-1.1854833666267955e-01 -9.9262866909650760e-01 -9.3595941813233495e-05
-1.2331839812839775e-01 -1.0049794036674435e+00 -9.4470334316339730e-05
-1.3717941642167295e-01 -1.0072859701786796e+00 -6.8175982588106546e-05
-1.4718241739054239e-01 -9.9940142648912733e-01 -4.0024332838827295e-05
-1.4576826504991114e-01 -1.0073149568974640e+00 -4.6840145830412882e-05
-1.2600754595452415e-01 -1.0225935151869587e+00 -1.0023079155701458e-04
-1.3263785950556384e-01 -1.0264883521804462e+00 -8.8694935468210112e-05
-1.2685082477432252e-01 -1.0365605893883851e+00 -1.0572093470812786e-04
-1.4249939299467307e-01 -1.0394603919154046e+00 -7.0126503887534344e-05
-1.4753580355006768e-01 -1.0318713117374574e+00 -5.2401698793730876e-05
-1.4424751179773604e-01 -1.0440705231110250e+00 -6.7136637974557489e-05
-1.2858631271103874e-01 -1.0405533004935308e+00 -1.0404954086335773e-04
-1.2826407628153269e-01 -1.0584532521766767e+00 -1.1052011689183152e-04
-1.3046808535403687e-01 -1.0654765985817680e+00 -1.0752678618440679e-04
-1.3530086080292517e-01 -1.0712036397828091e+00 -9.8161954879314329e-05
-1.5176201233606743e-01 -1.0681481944769844e+00 -5.2785709020315187e-05
-1.5649428454739539e-01 -1.0554562438550312e+00 -3.2874365833088226e-05
-1.7333944385721647e-01 -1.0454287426308670e+00 3.3330322077252056e-05
-1.5789616931156594e-01 -1.0694185910917247e+00 -3.2833607637575797e-05
-1.7387574977108186e-01 -1.0662403797649600e+00 2.8768148242611525e-05
-1.5473044049777221e-01 -1.0878770933645046e+00 -4.8229702170748739e-05
-1.4583593547947007e-01 -1.0989338553876222e+00 -7.3802275070422151e-05
-1.7137409200400699e-01 -1.0773309599155958e+00 1.4482090245016119e-05
-1.8183055706324533e-01 -1.0758395463238155e+00 5.8332915032043703e-05
-1.6131266092763580e-01 -1.0906770850884870e+00 -2.7316601299592685e-05
-1.4401882240028041e-01 -1.1075412090190708e+00 -7.6556122157927888e-05
-1.4077428337581793e-01 -1.1153667237822440e+00 -7.9970601943785027e-05
-1.5214130448082464e-01 -1.1184810715727627e+00 -5.6080015974041444e-05
-1.5793811781503572e-01 -1.1165166178795789e+00 -4.1567933939584283e-05
-1.5771445399141082e-01 -1.1236320549664527e+00 -4.1879464982685639e-05
-1.5120361156535289e-01 -1.1440054138248288e+00 -4.8396313595211406e-05
-1.5404972980832665e-01 -1.1464689893388331e+00 -4.2946900137980028e-05
-1.6271802252629897e-01 -1.1371257172537028e+00 -2.8662985467887026e-05
-1.6740661034464033e-01 -1.1417258784284554e+00 -1.7364466682379012e-05
-1.5904219486802629e-01 -1.1540239737984264e+00 -3.2073617958927603e-05
-1.5201247068571044e-01 -1.1555237076199618e+00 -3.9991407919714951e-05
-1.4149313360950747e-01 -1.1688399005621308e+00 -2.8919388864651063e-05
-1.4235444964810154e-01 -1.1757746744415971e+00 -1.9152512810594074e-05
-1.4688423699436534e-01 -1.1863048041910365e+00 -7.0261745926114425e-06
-1.6258227798057068e-01 -1.1943970486532594e+00 -6.6104068050520801e-06
-1.6999253279601600e-01 -1.2135417582733556e+00 2.0353947657869609e-06
-1.7165050385195876e-01 -1.2310274485447019e+00 1.0389701053936655e-05
-1.7837330156087797e-01 -1.2449406135913546e+00 5.1815857050607625e-06
-1.6304550579808741e-01 -1.2693323388228908e+00 7.2800435300945972e-05
-1.6638835992772238e-01 -1.2811538545621488e+00 7.1965610516755429e-05
-1.7440379808738191e-01 -1.2844263615535654e+00 4.1296251298284000e-05
-1.8070569900228164e-01 -1.2855147152520359e+00 1.7553649635904139e-05
-1.8327821666972888e-01 -1.3091386490584325e+00 1.7634438927993629e-05
-1.8345569112688351e-01 -1.3279823142548464e+00 2.1507201525328146e-05
-1.8502969607654104e-01 -1.3421775087350254e+00 1.3982964423730820e-05
-1.8917331483843441e-01 -1.3437976796530451e+00 -3.4865409291872664e-06
-1.9421418753666167e-01 -1.3583646662637150e+00 -2.7508068827564126e-05
-1.9747258507557783e-01 -1.3741096398858701e+00 -4.8515932575043968e-05
-2.0661688033630676e-01 -1.3759075635533653e+00 -7.4159808106655220e-05
-2.1472336660406438e-01 -1.3997141768070476e+00 -1.0469436483506733e-04
-2.2860405214115118e-01 -1.4234626725654544e+00 -1.2477118414200294e-04
-2.3694307330788747e-01 -1.4445780816588074e+00 -1.3013780771453654e-04
-2.4291138465307105e-01 -1.4703903528638982e+00 -1.5810038669616938e-04
-2.5479122325824016e-01 -1.4869633213104905e+00 -1.2340497677532081e-04
-2.7221427897699385e-01 -1.5135052838069762e+00 -5.9504901455009751e-05
-2.7698106384825938e-01 -1.4976989909385605e+00 2.9269354674288156e-05
-2.8391464895162205e-01 -1.5054029441719934e+00 7.3194465474380778e-05
-2.8891543127379016e-01 -1.4967091024361106e+00 1.1215105451956053e-04
-3.0438706390360704e-01 -1.4893234638488926e+00 1.8001855627114405e-04
-3.1605227151488913e-01 -1.4919984650762628e+00 2.3256863863607707e-04
-3.1894176005879116e-01 -1.4903763139964439e+00 2.3668905646756483e-04
-3.3593814920276732e-01 -1.4937781125589360e+00 2.9577705916017372e-04
-3.4508676676572275e-01 -1.5022208296104897e+00 3.4932082138572330e-04
-3.5561290825254871e-01 -1.4916913382423977e+00 3.1697604061597918e-04
-3.7219927158221261e-01 -1.4954843428556843e+00 3.4239977249006515e-04
-3.8422585643460039e-01 -1.4980483474169366e+00 3.4953703110995882e-04
-3.9608694764306190e-01 -1.4907941031735352e+00 3.0758686765175469e-04
-3.9757665944478382e-01 -1.4974094795141422e+00 3.3250622471892033e-04
-4.2109940583781658e-01 -1.4954521956704401e+00 2.7957320131311014e-04
-4.3602637448160420e-01 -1.4969680237170591e+00 2.4182310458253922e-04
-4.4905351676974864e-01 -1.5067059600652390e+00 2.1350753737692249e-04
-4.4222128360103857e-01 -1.5344352271072745e+00 3.0119210196233304e-04
-4.6553654096316077e-01 -1.5293395914428003e+00 1.6128748452526320e-04
-4.7366944541207695e-01 -1.5245656943922090e+00 1.0845116807045584e-04
-4.9296488711010161e-01 -1.5427659257423696e+00 -1.1271965680181864e-05
-5.1561571791954508e-01 -1.5641564644589887e+00 -1.7518679967742926e-04
-5.2415958244583816e-01 -1.6081877613658897e+00 -1.6772899699302179e-04
-5.0305551682276761e-01 -1.6430898729289354e+00 9.4594831669403412e-05
-5.1956213742632240e-01 -1.6767127855209625e+00 1.5007143906231601e-04
-5.5491843662690254e-01 -1.6823918768358204e+00 9.2013799558920945e-05
-5.9343338188083894e-01 -1.6777730979815972e+00 -2.4028248220786530e-05
