# x y u
-9.7110451192078084e-01 -8.4833745318681986e-01 4.0325481761424642e-02
-9.7097032703676855e-01 -7.9612097421333261e-01 5.3160523049801900e-02
-9.5403391416333594e-01 -8.0814307199348279e-01 8.0367289098285999e-02
-9.1000157242815705e-01 -8.2411706245457694e-01 1.4534618888582101e-01
-8.8473907947372799e-01 -7.6802202737674818e-01 2.3482953881047464e-01
-8.7879055417630769e-01 -7.0766321248841635e-01 2.9423539487208750e-01
-8.9740477213118708e-01 -6.4793697571145137e-01 2.8212703678856121e-01
-8.6100783035898776e-01 -6.0824454981185117e-01 3.9776447712301594e-01
-8.3269256049759210e-01 -5.8175667196521474e-01 4.8446729834090169e-01
-7.8542119251582387e-01 -5.4177381859545526e-01 6.1825169247440503e-01
-7.7193282963654075e-01 -4.8317616937504582e-01 6.5550938415909887e-01
-7.5819586846078912e-01 -4.2573721852471191e-01 6.6988509783828698e-01
-7.8120945603408865e-01 -3.6973371606164179e-01 5.8212739710935013e-01
-8.0438876413871474e-01 -3.1303036108920806e-01 4.8008240060379803e-01
-7.6464092316209853e-01 -2.9445968689219143e-01 5.3819682241935340e-01
-7.2899821440482848e-01 -2.4856698341956482e-01 5.2937478802911442e-01
-7.2876318923041883e-01 -1.9075966130825711e-01 4.2439832337636552e-01
-7.7246983470942654e-01 -1.4565565025138882e-01 2.8942391327101330e-01
-8.2449616583616459e-01 -1.1776368142240182e-01 1.8929583517140991e-01
-8.1837594416431525e-01 -5.7572808917780022e-02 9.6863334152328506e-02
-8.0722071034955056e-01 4.4343843780255948e-03 -8.3708319316520008e-03
-8.2388550091438251e-01 6.3455761989654191e-02 -1.0469628743452641e-01
-8.3442521493628619e-01 1.2125817483191759e-01 -1.8562337946712515e-01
-8.3041068523271988e-01 1.8008440056712471e-01 -2.7324118884371285e-01
-8.3484892348425332e-01 2.3354214019646610e-01 -3.3314542339932984e-01
-8.3632245801034344e-01 2.8660113307728941e-01 -3.8659570954209554e-01
-8.2576167592529137e-01 3.4265526339091207e-01 -4.5939460021660039e-01
-7.8430049233834231e-01 3.8929231771693612e-01 -5.9048915274272151e-01
-7.4276513011146206e-01 4.3585870547724093e-01 -7.0917633403118807e-01
-6.8456524603294311e-01 4.5748793134315369e-01 -8.2961968206797987e-01
-6.2244213723250585e-01 4.5175590647152070e-01 -9.1666448142549239e-01
-5.6077013301832668e-01 4.3927550780914598e-01 -9.6429685119980368e-01
-5.2342283599417416e-01 4.8757957116590955e-01 -9.9668170370296749e-01
-5.2708496644406055e-01 5.5016540386031387e-01 -9.8407946954268999e-01
-5.7067280862892511e-01 5.8331259714623107e-01 -9.4218063223278448e-01
-5.7186505356866701e-01 6.2429414178761311e-01 -9.0108779223330582e-01
-5.3374999092058562e-01 6.7447175221388034e-01 -8.4849078085374274e-01
-4.9433293074243440e-01 7.2320060911462203e-01 -7.6374719854513229e-01
-4.6706782395399316e-01 7.7612802240382861e-01 -6.4315152099417894e-01
-4.6514378150385283e-01 8.3852100752566994e-01 -4.8280695364935222e-01
-4.4934114287055543e-01 8.9831677506656593e-01 -3.1013366080292948e-01
-4.6238831036582645e-01 9.5975349425046308e-01 -1.2542333139688799e-01
-4.0613677716854363e-01 9.6911303176121999e-01 -9.3062347110073329e-02
-3.4792857271066652e-01 9.9143244255517959e-01 -2.4385111720056418e-02
-3.2477503010933029e-01 1.0365455287067966e+00 9.7090498760910027e-02
-2.9930285552017871e-01 1.0815354828506720e+00 2.0408126928377013e-01
-2.5923948192284302e-01 1.1300777507248074e+00 2.8851980380048325e-01
-2.1540948366800572e-01 1.1747617790575373e+00 3.2647486598225983e-01
-1.7777519047638451e-01 1.2175907876121626e+00 3.3455131962817442e-01
-2.0014570655531594e-01 1.2729555454324686e+00 4.4457038890246925e-01
-1.9982746893997946e-01 1.3109293235929664e+00 4.8656708867867771e-01
-1.5331320962758593e-01 1.3477786020682432e+00 4.1139472301826840e-01
-1.2862410645003350e-01 1.4057604622339008e+00 3.7641253488386894e-01
-7.4318014112008765e-02 1.4357456977251557e+00 2.2735089743155390e-01
-2.0071809620015296e-02 1.4449514464264361e+00 6.3051487012723229e-02
3.7799141315469999e-02 1.4203780687284639e+00 -1.1378696701281132e-01
7.8721864608295625e-02 1.4643124834606696e+00 -2.4194988904538617e-01
8.5136481472570774e-02 1.5233326478702138e+00 -2.6173674383227397e-01
1.0857605396651857e-01 1.5679394382594909e+00 -3.2461319421802637e-01
1.6714013795847926e-01 1.5539336146595273e+00 -4.9224775311757085e-01
2.2949864010657023e-01 1.5490468113132512e+00 -6.5105175707396734e-01
2.9033182721856765e-01 1.5323409790464557e+00 -7.8616924376385544e-01
3.5123870659029688e-01 1.5160444373191861e+00 -8.9161671958814681e-01
4.0377118960566227e-01 1.5500082915233928e+00 -9.4338507523459070e-01
3.9280539101395384e-01 1.5877324349474213e+00 -9.0887731894260115e-01
4.2448011916639844e-01 1.6400929128093586e+00 -8.8104531610542924e-01
4.0521898470949996e-01 1.6878572730438262e+00 -7.9646726074175911e-01
4.6726352704312696e-01 1.6842459725401422e+00 -8.3609452173747378e-01
5.0686938572296714e-01 1.6471793396571905e+00 -8.9741615442482603e-01
5.5980350454276151e-01 1.6172158550458426e+00 -9.1808253616232571e-01
6.0963310844933305e-01 1.5898023091501754e+00 -9.0412679213208591e-01
6.5969939113273413e-01 1.5634037155868792e+00 -8.5783201534290887e-01
7.1392253812812134e-01 1.5447111949668602e+00 -7.7148528075513978e-01
7.7003717648320513e-01 1.5280778599609510e+00 -6.5356617930498428e-01
8.2568027293728830e-01 1.5020892385682751e+00 -5.1466257222447798e-01
8.5727075824935961e-01 1.4594051038126945e+00 -4.2549457769248722e-01
9.0155557201744552e-01 1.4249348472507763e+00 -2.9344562236442950e-01
8.8788974891973826e-01 1.3739256010100225e+00 -3.1806081213598913e-01
8.8305905078063807e-01 1.3217386751667553e+00 -3.0581336930049097e-01
9.1074938088096080e-01 1.2902339504090430e+00 -2.2207138994772491e-01
9.0293320577753244e-01 1.2591549296391893e+00 -2.2190985918743111e-01
9.1689702813147489e-01 1.2032978779833572e+00 -1.5845342880566338e-01
9.5475105087388235e-01 1.1548777621352084e+00 -7.1942685417815122e-02
9.4748228741951224e-01 1.1010969241651301e+00 -5.5614424726971645e-02
9.1386194490846617e-01 1.0551950527054446e+00 -4.8501328636356478e-02
9.1992503061439146e-01 9.9410234547161824e-01 4.0841799817052937e-03
9.5991898399682152e-01 9.5274821469726134e-01 1.9713021311034806e-02
9.8021471343140720e-01 9.0756798080051437e-01 2.1314336683636359e-02
9.2321028735633748e-01 9.1057581601104831e-01 6.8743293094932989e-02
8.6463832582994271e-01 9.0520426274271781e-01 1.2286243357763516e-01
8.2230792346083470e-01 9.0498468811207511e-01 1.5704131166804802e-01
8.0792269709118969e-01 9.0347697297054719e-01 1.7057472915457472e-01
7.5696185693026397e-01 9.2169207980650747e-01 1.6887415249799154e-01
7.2817927539208349e-01 9.1943501175326547e-01 1.8909589893899392e-01
7.0158313289526308e-01 8.7341131500931690e-01 3.1250013953730238e-01
6.6332579597043284e-01 8.6640665027881014e-01 3.5509158801031793e-01
6.2772338506868941e-01 8.6234660259749785e-01 3.8574127968786087e-01
6.4900734186041398e-01 8.3457011371108281e-01 4.4318510231415131e-01
6.2327609400344197e-01 8.0651670289927258e-01 5.2862564515826982e-01
5.7507773263043960e-01 7.8619220556371661e-01 6.0476087982453242e-01
5.8682954323005787e-01 7.5143170026718253e-01 6.7747788588521196e-01
5.6530058002710670e-01 7.0251071807328669e-01 7.8688531860282263e-01
5.2347204665133651e-01 6.7122453955413686e-01 8.5574086945719174e-01
5.3088431058049301e-01 6.2970144355863922e-01 9.1290049141255536e-01
5.5893382074788334e-01 5.8226526388968514e-01 9.4901066463051920e-01
5.7046992409473540e-01 5.3943078787893972e-01 9.6653683635448062e-01
5.2282912975487894e-01 5.1043076713798774e-01 9.9537030859338249e-01
4.9187468547258023e-01 4.6069076006061538e-01 9.9052227708088614e-01
4.5720034660590220e-01 4.1564792149107838e-01 9.5498702782112188e-01
4.1682281151529538e-01 3.9702995523922063e-01 9.1478478747154313e-01
3.6870538563983007e-01 3.7509008970056051e-01 8.4555660102643948e-01
3.1986613507488976e-01 3.4108824000520871e-01 7.4030431902182725e-01
2.7347418708247495e-01 3.4892284051017358e-01 6.7286575517121738e-01
2.4065336997413259e-01 3.1445454520863858e-01 5.7210860086049120e-01
2.1008416368338181e-01 2.7239785475598127e-01 4.6237166106404115e-01
1.5858710130965906e-01 2.7019470153434622e-01 3.5811629836913572e-01
1.2541734866805099e-01 2.2629197334327306e-01 2.5003808902392355e-01
7.8416383489594260e-02 1.9918130654057417e-01 1.4242742805022246e-01
7.8914694298752974e-02 1.7280214105632985e-01 1.2635781690857673e-01
4.0421731984041240e-02 1.9354038597165210e-01 7.1991916709541082e-02
1.1737178699827074e-02 2.1010991922925257e-01 2.2300630337351190e-02
2.6020326207969988e-02 1.6817283313361811e-01 4.0822453796465763e-02
2.4938830966825285e-02 1.2251495672993062e-01 2.9045625939834618e-02
7.5122885711540353e-03 8.3937607307186177e-02 5.8456914261197923e-03
-3.8844899346970080e-02 8.4353302979586917e-02 -3.2107330417541657e-02
-5.2481635257408815e-02 3.9026836727317459e-02 -2.0260125977231258e-02
-3.1279062722369688e-02 -1.1371906860741474e-02 3.3101209764305750e-03
-5.5885090062568178e-02 -6.6897004518634368e-02 3.6283388005552863e-02
-6.2338775529936774e-02 -1.0712620297570688e-01 6.4106132783974257e-02
-9.5643154914303627e-02 -1.4150969121501772e-01 1.2709465352385529e-01
-9.3204652243402603e-02 -1.9471440451894062e-01 1.6555082736774707e-01
-8.5927360904577033e-02 -2.4932371389364749e-01 1.8797642998819586e-01
-8.4914853028709991e-02 -3.0874476573472148e-01 2.1728455116033840e-01
-6.1586360266954528e-02 -3.5862947627045871e-01 1.7354762542476698e-01
-5.1388273679904999e-02 -3.9097557987289533e-01 1.5137367140651847e-01
-9.6597858734788853e-03 -4.1491937824319880e-01 2.9310036392286021e-02
3.6325329296601989e-02 -4.0958077487684230e-01 -1.0913872962331372e-01
7.1361161495763284e-02 -4.4756927952223158e-01 -2.1907426248652628e-01
1.1580744269255827e-01 -4.7189417968223291e-01 -3.5410964542553236e-01
1.2816130348164850e-01 -5.1482808357301579e-01 -3.9124262590781611e-01
1.6735062718832613e-01 -5.3594506650502594e-01 -4.9848761567951216e-01
1.8731656219715476e-01 -5.8466388886670029e-01 -5.3583341455066369e-01
1.5899375315758335e-01 -6.2159754297048353e-01 -4.4508081990309722e-01
1.1750084322889333e-01 -6.6311719360536170e-01 -3.1533949704371333e-01
6.5393406883361704e-02 -6.7823790720008992e-01 -1.7364955959996342e-01
7.5244035673071794e-02 -7.2391612335321120e-01 -1.7967582404676286e-01
8.7796302545392640e-02 -7.5479770459172579e-01 -1.9094808155911447e-01
4.4142093361094550e-02 -7.9274020288396707e-01 -8.5007587090431214e-02
3.2248471142795568e-02 -7.6190189353134907e-01 -6.9854490131888713e-02
-5.0787717719772496e-03 -7.5188623627449336e-01 1.0331799998545943e-02
-1.8914162743643374e-02 -8.0876133232436043e-01 3.2558379479782573e-02
-5.4987916535677438e-02 -8.4329273747732014e-01 8.0286332398894045e-02
-1.0361373765429033e-01 -8.5647158608678131e-01 1.3852150999407109e-01
-1.4888752350400974e-01 -8.7268962928908311e-01 1.7480598369240963e-01
-2.1123864035635920e-01 -8.6518418825695531e-01 2.5255441222202479e-01
-2.1015931909271748e-01 -8.9976195851910090e-01 1.8924000281201847e-01
-1.5341301503555019e-01 -8.9616052117995815e-01 1.4775036039040734e-01
-1.5000258376126724e-01 -9.2000068574966998e-01 1.1207002405986222e-01
-1.9224162288297070e-01 -9.2938718273531407e-01 1.2413124269784270e-01
-1.5375636292346631e-01 -9.6487609094393156e-01 5.0271223896768191e-02
-1.5483777321516295e-01 -9.7993806037759423e-01 2.8557558572664066e-02
-1.5798460817234766e-01 -1.0253316666061871e+00 -3.8755194226518297e-02
-1.8974796394823434e-01 -1.0549419185967710e+00 -9.7412680728904522e-02
-1.7132581424956014e-01 -1.0980564262674763e+00 -1.5632670812277660e-01
-1.8094428507657606e-01 -1.1415196027053767e+00 -2.3239988089975883e-01
-1.6610579074091919e-01 -1.1850231145355361e+00 -2.7444806475138128e-01
-1.9023423789449656e-01 -1.2366085672847242e+00 -3.8144259113561629e-01
-1.9248926685242501e-01 -1.2882357646479321e+00 -4.4778400475063007e-01
-2.0354943094131603e-01 -1.3471802032820619e+00 -5.2963098886101911e-01
-2.2844192725197318e-01 -1.3980877923421975e+00 -6.2449282205124146e-01
-2.5190617968391898e-01 -1.4553424942416868e+00 -7.0479582746341263e-01
-2.9024846802169163e-01 -1.4827266669235790e+00 -7.9039131809224517e-01
-3.4642161749012379e-01 -1.4827844780906272e+00 -8.8588789516642541e-01
-4.0431923914865092e-01 -1.4776721365994008e+00 -9.5432693683530023e-01
-4.6029562194799867e-01 -1.4920850376351908e+00 -9.9357512722691244e-01
-4.9413029292971711e-01 -1.5257575126806011e+00 -9.9821744098844034e-01
-5.3110373921021703e-01 -1.5744051248900304e+00 -9.6957639154425368e-01
-5.2161903717612701e-01 -1.6321614358948540e+00 -9.1444166785060510e-01
-5.3692724355792532e-01 -1.6784124535678902e+00 -8.4255806132435063e-01
-5.9650799480758554e-01 -1.6677466073513543e+00 -8.2540168335704056e-01
-6.5437075453649673e-01 -1.6884367826886797e+00 -7.3381448302941577e-01
-7.0376094049838533e-01 -1.6658884630960009e+00 -6.9515390162549062e-01
-6.8895145942894109e-01 -1.6166068863239247e+00 -7.7430955951966818e-01
-7.1879297254815278e-01 -1.5642017605171397e+00 -7.5830506189717894e-01
-7.4990213593424815e-01 -1.5134872581759629e+00 -7.0836714486256114e-01
-7.4874411677669728e-01 -1.4901473611401543e+00 -7.1131095373720066e-01
-7.3671832455703801e-01 -1.4493588397444130e+00 -7.2847603504572089e-01
-7.1846373981884515e-01 -1.4332125211520772e+00 -7.5836165488252139e-01
-7.1465908638141495e-01 -1.3748057588309954e+00 -7.2331125360332460e-01
-7.5733087406543531e-01 -1.3394713865048209e+00 -6.0648998771845763e-01
-7.9693186480215594e-01 -1.2969184000853280e+00 -4.8006910327810925e-01
-8.1915728534130783e-01 -1.2403439609170046e+00 -3.7013856411071100e-01
-8.3399640538849151e-01 -1.1842348687384670e+00 -2.7366740472734341e-01
-8.6320012987743922e-01 -1.1385248777842656e+00 -1.7659620608658089e-01
-8.8117164502248635e-01 -1.0862420301453177e+00 -9.8446871873683395e-02
-8.8009250265132355e-01 -1.0402573655213259e+00 -4.7249131983674530e-02
-8.6473872546483621e-01 -9.8128239835775566e-01 2.3354535495962919e-02
-8.8331590073097166e-01 -9.4496027656473913e-01 6.0756206995940698e-02
-9.1556161659776647e-01 -9.2100452624853268e-01 6.3407725429039941e-02
-9.6098216046159191e-01 -9.0510554364462803e-01 3.4779793390648295e-02
-9.5480698839522737e-01 -8.3834380205070957e-01 6.7611785737032915e-02
-9.0266206266824589e-01 -8.3371370631596398e-01 1.4915689204293775e-01
-8.7845934160778494e-01 -7.8529826722588070e-01 2.3164605479737499e-01
-8.6474088877685262e-01 -7.3326891168644115e-01 3.0533781788895165e-01
-8.7591460639230734e-01 -6.7954739585575341e-01 3.2008035539520585e-01
-8.5975391605705931e-01 -6.3935883882637556e-01 3.8524363777703508e-01
-8.4439152342948176e-01 -5.9382666671722228e-01 4.4849258710174156e-01
-7.9635474884954682e-01 -5.7111322330141434e-01 5.8144124446479739e-01
-7.6349220315494892e-01 -5.2719831762994174e-01 6.7353553750054973e-01
-7.6172488753037348e-01 -4.7352463623459656e-01 6.7795431493878411e-01
-7.4616223030622741e-01 -4.2259812031435978e-01 6.9439612893370473e-01
-7.6475198551322676e-01 -3.7172630569229081e-01 6.1962477713453634e-01
-7.8783797923215515e-01 -3.2299547639023390e-01 5.2519934714522076e-01
-7.5499560368286189e-01 -3.0540816346598149e-01 5.6987953134922198e-01
-7.2405987030206798e-01 -2.6318431949483367e-01 5.6079856493740543e-01
-7.0567536949167542e-01 -2.1132170630899383e-01 4.9180666878889678e-01
-7.3481546975626111e-01 -1.6577198970473456e-01 3.6803913690720524e-01
-7.7737781256502514e-01 -1.3359984885602863e-01 2.6216018293360099e-01
-8.1415940638391571e-01 -1.0168776153037072e-01 1.7293220975638818e-01
-8.0448603568501997e-01 -4.6969447559762602e-02 8.4411910175298310e-02
-7.9417222067003135e-01 7.6249642515525771e-03 -1.4851508423534110e-02
-8.0941904936503772e-01 6.0008093871759684e-02 -1.0619706973657861e-01
-8.2537800452069254e-01 1.1094039953223418e-01 -1.7886177778046430e-01
-8.2481573302902889e-01 1.6471790275313297e-01 -2.5962186255633279e-01
-8.0887873740110583e-01 2.1199674949416827e-01 -3.5003771170849629e-01
-8.3642864294192498e-01 2.6022085482962126e-01 -3.5971963477616908e-01
-8.0890297307029169e-01 3.0629704456523660e-01 -4.6464851618795344e-01
-7.9622965248811362e-01 3.5386871195076192e-01 -5.3660189404106595e-01
-7.6203543685373720e-01 3.9715105388771632e-01 -6.4565419283475922e-01
-7.2157435424584360e-01 4.3368673160041421e-01 -7.5148081019803992e-01
-6.6862166583147520e-01 4.4639961104390369e-01 -8.5123077095469646e-01
-6.1370606264414052e-01 4.3798460711138626e-01 -9.1953058291649992e-01
-5.5940495689366365e-01 4.2734031127164296e-01 -9.5744364819886885e-01
-5.2265039095181554e-01 4.6539294931451125e-01 -9.9176020860230374e-01
-5.1071202335396781e-01 5.1748964805865849e-01 -9.9801802775301041e-01
-5.1791929924676872e-01 5.7230810887294614e-01 -9.7277459056444560e-01
-5.6695062813833741e-01 5.9498732141699684e-01 -9.3465972653916085e-01
-5.4845019101673165e-01 6.3536716354495704e-01 -9.0023496381079093e-01
-5.1399359189065441e-01 6.7891317331404433e-01 -8.4515234578835952e-01
-4.8193557372506218e-01 7.2346260874921309e-01 -7.6214440461123445e-01
-4.5545973902477815e-01 7.6924993525970398e-01 -6.5649817995983661e-01
-4.5541070763633923e-01 8.2445172570360004e-01 -5.1875749217754330e-01
-4.4268652419752186e-01 8.7783038699350036e-01 -3.6844468678750664e-01
-4.4485957607756915e-01 9.3120547180535385e-01 -2.1139550951624475e-01
-4.1822518413801363e-01 9.5646014442587324e-01 -1.3218593189572592e-01
-3.6522927399994681e-01 9.7002354285598680e-01 -8.6167140178050605e-02
-3.1543073478343092e-01 9.9438269877131291e-01 -1.5265691971817485e-02
-3.1475166963071011e-01 1.0460668971223974e+00 1.1992847177733257e-01
-2.8205194739751777e-01 1.0842312793914846e+00 2.0205605702789242e-01
-2.4658287336988324e-01 1.1269036632223011e+00 2.7107240056420578e-01
-2.0751857422612227e-01 1.1656749968365001e+00 3.0140869704267748e-01
-1.6726993590519976e-01 1.2000934430299506e+00 2.9486174204121074e-01
-1.6950227615538019e-01 1.2547770043776620e+00 3.6430282952769599e-01
-2.0479413489347373e-01 1.2975940565057325e+00 4.8243440589490505e-01
-1.5802550576075217e-01 1.3199831398387492e+00 4.0222374747914924e-01
-1.3159146496375071e-01 1.3683501763685315e+00 3.6812102580491768e-01
-9.9655787410558153e-02 1.4099503775643532e+00 2.9623595699588012e-01
-5.0726402299736954e-02 1.4357989450084394e+00 1.5627338298390558e-01
1.6998382070071601e-05 1.4252213861014620e+00 9.0244296626051934e-04
5.1563279897951356e-02 1.4099910706740550e+00 -1.5393383970240482e-01
8.5385311476475823e-02 1.4533034598833376e+00 -2.6096815449497512e-01
9.9992888818002654e-02 1.5036456849892608e+00 -3.0733991081866341e-01
1.0297062751008243e-01 1.5541211460169324e+00 -3.1113147759416560e-01
1.5378740112194664e-01 1.5417746378236621e+00 -4.5873894026272843e-01
2.0921544923674107e-01 1.5422300786373617e+00 -6.0418149588979020e-01
2.6275792065008197e-01 1.5273059026668776e+00 -7.3136525771379679e-01
3.1625593088418180e-01 1.5122130129948039e+00 -8.3705845172271420e-01
3.6897479389885635e-01 1.5110976446673823e+00 -9.1600085252864272e-01
4.1394592244040651e-01 1.5433748673334269e+00 -9.5524759409700133e-01
4.1208939885206819e-01 1.5877399107032804e+00 -9.2664454378277084e-01
4.3645395716970298e-01 1.6368681328740202e+00 -8.9271292368605293e-01
4.4543377360259412e-01 1.6768063991043836e+00 -8.4002545388118488e-01
4.8280257956359224e-01 1.6479460561185004e+00 -8.9514031601764144e-01
5.3094261513516317e-01 1.6242224198169042e+00 -9.2239550833195905e-01
5.7116563691577238e-01 1.5881007512001928e+00 -9.3869922769574465e-01
6.1598241050775271e-01 1.5628213727249247e+00 -9.1568299498326011e-01
6.6204855191418277e-01 1.5402363308263449e+00 -8.6439557872727013e-01
7.1418101136544421e-01 1.5277111995647128e+00 -7.7580526372288761e-01
7.6710713538385411e-01 1.5155009410807405e+00 -6.6259955154198558e-01
8.1631722842874321e-01 1.4920797185064001e+00 -5.4004683196407655e-01
8.4281149179748738e-01 1.4476821885437963e+00 -4.6374493309890719e-01
8.8655861885423082e-01 1.4208073925467091e+00 -3.3571257625586126e-01
8.7544389524247057e-01 1.3682612762510105e+00 -3.4893637310034675e-01
8.6445733234272026e-01 1.3179917511435166e+00 -3.4847398706674415e-01
8.9153283493560642e-01 1.2779421661928274e+00 -2.5898302658533945e-01
8.8878655309567023e-01 1.2573694812549987e+00 -2.5072824960839424e-01
8.9992837230319589e-01 1.2059560419115989e+00 -1.9039500942802667e-01
9.3446020191546297e-01 1.1636502101896065e+00 -1.0558559525292366e-01
9.3790051048353285e-01 1.1144285534438760e+00 -7.2564839326419550e-02
9.0999208054888336e-01 1.0712643224250631e+00 -6.4678239686186023e-02
9.0196367618860662e-01 1.0185603487983368e+00 -1.8871750073021998e-02
9.2399589403809124e-01 9.6984764111013333e-01 2.2702982935897786e-02
9.5984448124642274e-01 9.3218883996628255e-01 2.8679971942475735e-02
9.3207165523940827e-01 9.2320210276242121e-01 5.2755553845012626e-02
8.7815055107255369e-01 9.2038263790415498e-01 9.4057526955785731e-02
8.2659050229136088e-01 9.3434239471433789e-01 1.0694219172651742e-01
7.8393521843471559e-01 9.3679793690890778e-01 1.2432857902736361e-01
7.3453316026407123e-01 9.3007084362111803e-01 1.6168280179087358e-01
6.9767611235456439e-01 9.0058897536060178e-01 2.5011520540183030e-01
6.6626300470191335e-01 8.7855835458151377e-01 3.2278031451573397e-01
6.1732609745949096e-01 8.8855385843867918e-01 3.1989257898966128e-01
6.3072460191115698e-01 8.4103704143180491e-01 4.3899109037772099e-01
5.9537709656389193e-01 8.2203343158389608e-01 5.0657316925327900e-01
5.6271234198554410e-01 7.8287944441677881e-01 6.1788976282851737e-01
5.7243146049035465e-01 7.3245010230353136e-01 7.2530673648021260e-01
5.3511130218102831e-01 6.9452666074374214e-01 8.1340900225255552e-01
4.9545230512810245e-01 6.6249630525343461e-01 8.7169674172739064e-01
5.1740498460037221e-01 6.1603124819820620e-01 9.3194711719390133e-01
5.5000084048870568e-01 5.7397951445863393e-01 9.5985421251270897e-01
5.4328496329916864e-01 5.4317491445397326e-01 9.8022742775435834e-01
5.0395513586479124e-01 5.0691585438840492e-01 9.9824608632439427e-01
4.7905661801681476e-01 4.5960305283978753e-01 9.8835016370948026e-01
4.4255988982066297e-01 4.2749977565967789e-01 9.5706121058545923e-01
3.9691216646771849e-01 4.0460261815413384e-01 9.0469140536515846e-01
3.5302491887248727e-01 3.8262098844731884e-01 8.3420333695088056e-01
3.1025481577655006e-01 3.4891976940927966e-01 7.3529164002470093e-01
2.6114129949164533e-01 3.5458805486397305e-01 6.5571221382150902e-01
2.2845221059832707e-01 3.1507116363839521e-01 5.4912120715157720e-01
1.9390888157191408e-01 2.9312782361644479e-01 4.5496851201581845e-01
1.4294550527842428e-01 2.7492633945076728e-01 3.2954340189087894e-01
1.0925220257842520e-01 2.3643238697073701e-01 2.2715572238283599e-01
6.6473686866279927e-02 2.0593682548163986e-01 1.2457513321720848e-01
5.1882594167237978e-02 2.0533100562850432e-01 9.7197165667399110e-02
1.3844079860784300e-02 2.3602742782034652e-01 2.9065828334354560e-02
-1.1936007092907409e-02 1.9158638866662242e-01 -2.1495744774013392e-02
1.4526787389785994e-02 1.4826038997348834e-01 2.0165457130448705e-02
1.8737098876018432e-02 1.0028219570914348e-01 1.7901359168330688e-02
-3.1843378027212703e-02 9.9213342159719511e-02 -3.0867596728186619e-02
-6.7009400631031960e-02 6.4599998491799399e-02 -4.2287512911326375e-02
-5.4903469431831053e-02 1.3718198849104961e-02 -7.5703071265180721e-03
-5.2039729497563789e-02 -3.3644568837672806e-02 1.7006451357704844e-02
-7.1397486972884297e-02 -8.3566262647943243e-02 5.7569717106799478e-02
-1.0280014277143036e-01 -1.1600657324728073e-01 1.1293692150055890e-01
-1.0903216886582137e-01 -1.6850892521774041e-01 1.6939553864743495e-01
-9.9880204947875528e-02 -2.1841516018794188e-01 1.9533609871572433e-01
-9.3535561643324175e-02 -2.7180905265677890e-01 2.1814622388514282e-01
-9.1223341828708449e-02 -3.2574378859161557e-01 2.4121252996142217e-01
-9.1256334205890841e-02 -3.7154209203562966e-01 2.5995850862614001e-01
-5.3641092200903649e-02 -4.0278611316866403e-01 1.5993571250737637e-01
-1.1691948300135622e-02 -4.3123375016298915e-01 3.5906641506605830e-02
3.5982424394838709e-02 -4.2892274887875270e-01 -1.0985688604443444e-01
7.1118027222538141e-02 -4.6667275685314685e-01 -2.2018241751150747e-01
1.0214537940038543e-01 -4.9938164817061548e-01 -3.1526381268150017e-01
1.3266048534772901e-01 -5.4267271158016450e-01 -4.0117073549280047e-01
1.6809374824040391e-01 -5.6553525745374844e-01 -4.9332653240276325e-01
1.4460440072782002e-01 -6.0330591346588369e-01 -4.1636680528528225e-01
1.2058026016101021e-01 -6.4544793526062705e-01 -3.3263359545660287e-01
6.9633436197940504e-02 -6.5997465313858872e-01 -1.9090639510846130e-01
4.3151722024779959e-02 -7.0453420835760627e-01 -1.0905640965022889e-01
7.8386959761630043e-02 -7.3959620876749710e-01 -1.7909144010322775e-01
4.3219803268340698e-02 -7.5644576649402495e-01 -9.4844845980710302e-02
1.6416549614878811e-03 -7.2500885898719070e-01 -4.7230938545019807e-03
-2.3538296168973374e-02 -7.6856255862712108e-01 4.8230817157148165e-02
-4.7496594887833830e-02 -8.1276329768943700e-01 8.1565659534331481e-02
-8.6421634883572185e-02 -8.2771223001669758e-01 1.3733519164789110e-01
-1.2563697082357195e-01 -8.6299027517223525e-01 1.5965755503670587e-01
-1.8045693362019216e-01 -8.5508174818874738e-01 2.3550225450287499e-01
-2.3279805884793889e-01 -8.6267163248076817e-01 2.7872751220728498e-01
-2.2949728309416439e-01 -9.1003881202963144e-01 1.8335865117738348e-01
-1.9947268051577746e-01 -9.3901084913500665e-01 1.1083848135673424e-01
-1.7224151244273112e-01 -9.7449389387255614e-01 4.0332274210771679e-02
-1.7523542407495946e-01 -1.0186558156838361e+00 -3.1580372289962799e-02
-2.0725596213462461e-01 -1.0591397444915223e+00 -1.1300277958855787e-01
-1.9105709759812606e-01 -1.1080390984259991e+00 -1.8900857047418951e-01
-1.8842745016941156e-01 -1.1610599514930577e+00 -2.7129103183587133e-01
-1.9026672375087048e-01 -1.1999595249689989e+00 -3.3148701916875911e-01
-1.9982500761744351e-01 -1.2514668978014603e+00 -4.1782422836632416e-01
-2.0464908066145984e-01 -1.3037769310210570e+00 -4.8962116141155720e-01
-2.1969781829651508e-01 -1.3553727200357011e+00 -5.7240543910234509e-01
-2.4469324374871090e-01 -1.4030256016754008e+00 -6.6353943578714514e-01
-2.6406832821333120e-01 -1.4544786575148609e+00 -7.3068563186931934e-01
-3.0460903414818430e-01 -1.4621733498713723e+00 -8.1257934637423201e-01
-3.5725499518291587e-01 -1.4689654872148254e+00 -8.9810653866759638e-01
-4.1012511659134909e-01 -1.4671460505960965e+00 -9.5673910521741856e-01
-4.6272174781144487e-01 -1.4762255833265847e+00 -9.9196105360509546e-01
-5.0003784192721212e-01 -1.5122061264557598e+00 -1.0008738061092404e+00
-5.3510677797963435e-01 -1.5538234950958536e+00 -9.8114489612484068e-01
-5.4702499047820197e-01 -1.6073265992489782e+00 -9.3463166383088492e-01
-5.3071741282842666e-01 -1.6543696175620899e+00 -8.8195932940877475e-01
-5.7697797371882087e-01 -1.6541220112649635e+00 -8.6008009710424127e-01
-6.3010716650983334e-01 -1.6655924215233120e+00 -7.9638342572336596e-01
-6.8210117330567777e-01 -1.6694769899106510e+00 -7.2408280949138704e-01
-6.7958796403832433e-01 -1.6309256472779783e+00 -7.7476571749789680e-01
-6.9673350793092748e-01 -1.5826581423515880e+00 -7.8843018290271627e-01
-7.2465549747132130e-01 -1.5362248289432807e+00 -7.5749814500808155e-01
-7.2584767934710170e-01 -1.4969392784387903e+00 -7.6018643074538872e-01
-7.2029957785525134e-01 -1.4486703836996038e+00 -7.6163086696916404e-01
-6.9419886907351003e-01 -1.4026183344475931e+00 -7.8332355803851872e-01
-7.1750421116450647e-01 -1.3547424798060648e+00 -6.9799499296381340e-01
-7.5082362211555820e-01 -1.3186521204001853e+00 -5.9567883755088236e-01
-7.8640971980605123e-01 -1.2808386858063880e+00 -4.8176288163244096e-01
-8.0672203575599433e-01 -1.2310282727297173e+00 -3.8010220145458262e-01
-8.2263692952122791e-01 -1.1790494235029150e+00 -2.8319495131498873e-01
-8.5032560508968780e-01 -1.1373277813678608e+00 -1.9044690808636724e-01
-8.6793910370007432e-01 -1.0883441757807379e+00 -1.1131716622312515e-01
-8.6735776353628524e-01 -1.0363523375118830e+00 -4.6989449530216554e-02
-8.5232597044838565e-01 -9.8382936211955552e-01 2.1854621860962459e-02
-8.6398056534830558e-01 -9.3408943963234115e-01 8.4308224675995302e-02
-9.0621516557819271e-01 -9.0968076322777758e-01 8.0310507415130516e-02
-9.4507018378644569e-01 -8.9108945695227904e-01 5.6502934840636954e-02
-9.3826605670055385e-01 -8.5897647718154613e-01 8.1491192426273062e-02
-8.9024565093504104e-01 -8.4228083963658884e-01 1.5968895731775432e-01
-8.6865902619114455e-01 -7.9626288244072885e-01 2.3846397452987417e-01
-8.5418384888006404e-01 -7.4804947046319292e-01 3.1355112190151063e-01
-8.5391555106637351e-01 -6.9702221755869864e-01 3.5973145407734236e-01
-8.5246537198327332e-01 -6.5231765518128904e-01 3.9582639189123670e-01
-8.3266542294040002e-01 -6.0827468046059219e-01 4.7215195591703657e-01
-7.8855555658659748e-01 -5.8326505048029509e-01 5.9473957960323176e-01
-7.5523694326904056e-01 -5.4399886796883290e-01 6.8817301510244056e-01
-7.4152169985552885e-01 -4.9434258200376685e-01 7.2521111522103854e-01
-7.3207381955947348e-01 -4.4654993163767970e-01 7.3508523883963517e-01
-7.3720113313157831e-01 -3.9557860638894476e-01 6.9567107260049055e-01
-7.6240209425208527e-01 -3.5096452523973409e-01 6.0595844237141561e-01
-7.5384651943209180e-01 -3.1986820206856936e-01 5.8961488257860240e-01
-7.1996781872827420e-01 -2.8509684074977276e-01 6.0143081929105158e-01
-6.9720836449035539e-01 -2.3942120290036492e-01 5.5608080189610698e-01
-6.9646856749629305e-01 -1.8906794383602751e-01 4.5622418811653298e-01
-7.3023981691231743e-01 -1.4973864396968334e-01 3.3958499858954072e-01
-7.7048574225196520e-01 -1.1927722162861355e-01 2.4143148261731806e-01
-7.9698244349379144e-01 -8.8038408157239789e-02 1.6235803585496228e-01
-7.8783864180162011e-01 -3.6969222040125788e-02 7.1315996044185814e-02
-7.7888072148813992e-01 1.4106799480559064e-02 -2.8758511723887159e-02
-7.9486069003470650e-01 6.3040147470728183e-02 -1.1874064214113733e-01
-8.1026007117788490e-01 1.1064731381462761e-01 -1.9194917165775305e-01
-8.0843249119770544e-01 1.6130777849818675e-01 -2.7560886693208120e-01
-7.9133188700631163e-01 2.0683057934371393e-01 -3.6968945108729090e-01
-8.1535984647474535e-01 2.5263300901963387e-01 -3.9180886874368848e-01
-7.9815593226498160e-01 2.9636006338062443e-01 -4.7637869382195530e-01
-7.8621463868601627e-01 3.4276957056136037e-01 -5.4895807728655854e-01
-7.5457810183270158e-01 3.8347953610769148e-01 -6.5163999595079880e-01
-7.1816091766667767e-01 4.1929021869404909e-01 -7.5017248648156254e-01
-6.6884747529509270e-01 4.3183411755479578e-01 -8.4341689976946943e-01
-6.1754201850669121e-01 4.2405585785959504e-01 -9.0659745109780021e-01
-5.6697641361621953e-01 4.1267510714487182e-01 -9.4171149061198833e-01
-5.2399116628138209e-01 4.3579459758100919e-01 -9.7717215146153147e-01
-4.9751743909731805e-01 4.8034977650539762e-01 -9.9819612657941681e-01
-4.9805136537748323e-01 5.3173415419734649e-01 -9.9508162217581397e-01
-5.0710007210248875e-01 5.8214097568422296e-01 -9.6664460206508263e-01
-5.5188834340234816e-01 6.0538796071989986e-01 -9.3306220823182806e-01
-5.2214456490225036e-01 6.4581700682126908e-01 -8.9459032523974369e-01
-4.8911725697345598e-01 6.8577921696372302e-01 -8.3383781101756349e-01
-4.6537458870972637e-01 7.3072751875079611e-01 -7.4405394752534870e-01
-4.4051540334116301e-01 7.7344195500402879e-01 -6.4174067341192242e-01
-4.4079306159253628e-01 8.2507757452412833e-01 -5.1326409604820911e-01
-4.2789126352367124e-01 8.7461918331533595e-01 -3.7407936117523133e-01
-4.2928311649462669e-01 9.2476168242651624e-01 -2.2860981805599034e-01
-3.9654994315338743e-01 9.4318109206424738e-01 -1.6858677003325151e-01
-3.4852287803793408e-01 9.6183950471985968e-01 -1.0675575415262673e-01
-3.0299334017861407e-01 9.8615482610109939e-01 -3.5915089195991401e-02
-2.9607203786492098e-01 1.0348069240204123e+00 8.6963823495426196e-02
-2.7247515256575761e-01 1.0726951521927564e+00 1.7046587818578951e-01
-2.3938428930697273e-01 1.1126081478756888e+00 2.3621149035747790e-01
-2.0429656226579301e-01 1.1502625977490657e+00 2.7189702178275610e-01
-1.6098422714123969e-01 1.1782248346776902e+00 2.5716177469205448e-01
-1.5061582737584492e-01 1.2281379282314098e+00 2.9937214919612365e-01
-1.6747321969624307e-01 1.2754612611055851e+00 3.8233480212140125e-01
-1.4852009364921143e-01 1.3086135945251980e+00 3.7107703868733988e-01
-1.2218591315745758e-01 1.3529121869996215e+00 3.3552506687429418e-01
-9.6352109201136044e-02 1.3956297816323260e+00 2.8269689195867409e-01
-4.9850754325337102e-02 1.4185154806776581e+00 1.5163949635561647e-01
-2.4911943184747418e-03 1.4100866007340882e+00 8.3984802168552974e-03
4.5936152410706040e-02 1.3940273032254800e+00 -1.3505884205345353e-01
8.3883785625413224e-02 1.4259050516493752e+00 -2.5243076431207534e-01
1.1294203600866608e-01 1.4688135864800316e+00 -3.4444047661100408e-01
1.1299844568452529e-01 1.5196944343584966e+00 -3.4515311106309099e-01
1.3671617120782237e-01 1.5297918955032019e+00 -4.1280831457883549e-01
1.8835185895257886e-01 1.5278807447771332e+00 -5.5418746474646552e-01
2.3889536789448715e-01 1.5192764537924224e+00 -6.7977226785526712e-01
2.8884282352872725e-01 1.5051942524678883e+00 -7.8730420634726928e-01
3.3874305060900844e-01 1.4909512669054645e+00 -8.7389204433443179e-01
3.8578269224348460e-01 1.5061265719654662e+00 -9.3629620595500018e-01
4.2709457696707326e-01 1.5369580918302030e+00 -9.6783798790894027e-01
4.2769963411268636e-01 1.5853862455003214e+00 -9.4043032248718639e-01
4.5071253622879021e-01 1.6314126770864603e+00 -9.0687811674544516e-01
4.6471953064047500e-01 1.6475860047255728e+00 -8.9128993798079215e-01
5.0610405639335942e-01 1.6207381351917935e+00 -9.3065959215755445e-01
5.4877758145540378e-01 1.5924045427106290e+00 -9.4797836186485185e-01
5.9141874136450501e-01 1.5673148868587168e+00 -9.3767737461379586e-01
6.3504673237717868e-01 1.5443290467946664e+00 -9.0136751218526356e-01
6.7747127612857183e-01 1.5190515313510458e+00 -8.4478091146310952e-01
7.2765865067705349e-01 1.5102174808767308e+00 -7.5106945320937468e-01
7.7689655625779364e-01 1.4961865115239401e+00 -6.4033502235985207e-01
8.1130530830444714e-01 1.4642272703708223e+00 -5.5094341472768527e-01
8.4764355108778211e-01 1.4322897796467986e+00 -4.4698718924530922e-01
8.6099480522909932e-01 1.3902438892580373e+00 -3.9668649159771041e-01
8.6103675685065084e-01 1.3392192287206117e+00 -3.7044736960207358e-01
8.5175257622102751e-01 1.2911847319228811e+00 -3.5733015131391110e-01
8.7357619166954426e-01 1.2516744491216432e+00 -2.7770595889155425e-01
8.8321456963358880e-01 1.2022612743454084e+00 -2.1639064013224507e-01
9.1501043811276794e-01 1.1619021310433628e+00 -1.3285719982690680e-01
9.2301387329946216e-01 1.1155888861223948e+00 -8.9054289595822400e-02
8.9441893471754030e-01 1.0756214059066460e+00 -7.9206233623913658e-02
8.8812538308870381e-01 1.0254870183080276e+00 -2.8826458596635796e-02
8.9930204663039970e-01 9.7594010628738359e-01 2.3593878899236476e-02
9.3566655231702056e-01 9.4162099466629290e-01 3.8074384529079630e-02
8.9408223912442852e-01 9.3383229023206682e-01 6.8795042283835039e-02
8.4547121346186793e-01 9.4675055774555106e-01 7.8379676092438233e-02
7.9764419326445146e-01 9.4540368562605182e-01 1.0178458462275408e-01
7.4863784137636114e-01 9.5042364562844750e-01 1.1033410984126935e-01
7.0074943728553452e-01 9.3755233419343154e-01 1.5753719436175362e-01
6.7862602041449238e-01 8.9196406869366240e-01 2.8201133533308442e-01
6.3516929535553535e-01 9.0964038780173961e-01 2.5517041213111802e-01
5.9749151219410146e-01 8.8047939772885597e-01 3.4952823525703980e-01
6.0944218696243069e-01 8.3595103804220627e-01 4.6385744029426246e-01
5.6267455060366556e-01 8.1893891253280493e-01 5.2796221105027219e-01
5.5021526872880167e-01 7.7159748609850431e-01 6.4899778880962322e-01
5.5030613912065196e-01 7.2617336951546041e-01 7.4805184361391741e-01
5.1112295557861065e-01 6.9507954160580765e-01 8.1690437923047288e-01
4.7980057337054383e-01 6.5741145488705111e-01 8.7769566094826934e-01
5.0311512355189580e-01 6.1316573766664673e-01 9.3648429262298327e-01
5.2935023593396835e-01 5.6956615080349215e-01 9.7083384350505031e-01
5.2100281473037824e-01 5.3900573698133525e-01 9.8897427832104667e-01
4.8207255250282033e-01 5.0650030287540238e-01 9.9687300041146409e-01
4.6127695182704409e-01 4.6017308882542202e-01 9.8349523587978283e-01
4.2041855022102886e-01 4.3702231925070067e-01 9.4883840163343613e-01
3.7999940044361269e-01 4.0689069148451074e-01 8.8928447989150428e-01
3.3552501960611580e-01 3.8666828685537602e-01 8.1406915038048533e-01
2.9413123153069382e-01 3.7471705600703814e-01 7.3626044247545086e-01
2.4766175033287793e-01 3.6081465952930292e-01 6.3515675618891887e-01
2.1540980779216121e-01 3.2219690688426483e-01 5.3043185811791349e-01
1.7373765946917175e-01 3.0461914858905248e-01 4.2378483454810367e-01
1.2892782012137358e-01 2.8093050409784343e-01 3.0386265452100836e-01
9.3611332400911143e-02 2.4547360354463077e-01 2.0160261131474133e-01
5.4739946578640689e-02 2.3273402056585854e-01 1.1389493504915427e-01
1.0141102454993070e-02 2.5002383660257671e-01 2.2237206323012515e-02
-2.4592276814184601e-02 2.1328385769485306e-01 -4.8171893518427655e-02
-1.2388440749066736e-02 1.6609025442864689e-01 -1.9668860632507279e-02
-2.5248744120528670e-03 1.2176762310562594e-01 -3.2568865925304280e-03
-3.9937239158102981e-02 1.1200981258206437e-01 -4.3358383567894121e-02
-7.9526342196522035e-02 8.2370432603896732e-02 -6.3420308191615371e-02
-8.0154572076218927e-02 3.1640058533401336e-02 -2.4870161763021037e-02
-5.9667633598308657e-02 -1.1517502094100037e-02 6.5778147834780754e-03
-8.1001086623070678e-02 -5.7835403318381710e-02 4.5337332759015192e-02
-1.0848418172008059e-01 -9.5968060935884628e-02 9.9081221870000680e-02
-1.2510651539181347e-01 -1.4398181637439086e-01 1.6716678438407540e-01
-1.1957737123599955e-01 -1.9378455639629144e-01 2.0956649722908238e-01
-1.1287568121914517e-01 -2.4428411674274500e-01 2.4083186790753275e-01
-1.1036345855258013e-01 -2.9531963839890674e-01 2.7173203723366268e-01
-9.5662415482385618e-02 -3.4275254204440803e-01 2.6049053394301958e-01
-1.0225527030296383e-01 -3.9144322931946607e-01 2.9747073780824818e-01
-5.9231321163019456e-02 -4.1617390009311989e-01 1.7860873998624727e-01
-1.9001406160287664e-02 -4.4434519000507011e-01 5.8773277542474078e-02
2.9630748410633598e-02 -4.5324807443290249e-01 -9.1863216774510148e-02
6.3169051040209825e-02 -4.8276620127690895e-01 -1.9676461007181589e-01
9.3077200027273835e-02 -5.1950960268032009e-01 -2.8769360313392123e-01
1.2746494181252457e-01 -5.5665545563496588e-01 -3.8377833942601769e-01
1.4053142824327364e-01 -5.7958719339630571e-01 -4.1426263535205909e-01
1.2338696457203165e-01 -6.2629067438495389e-01 -3.4925412437747827e-01
7.6496927898468806e-02 -6.4378903403171894e-01 -2.1479279179535760e-01
3.6176454691123669e-02 -6.7304867250763734e-01 -9.7747308755297801e-02
3.3454099882989440e-02 -7.2233400773570278e-01 -8.1243678795203778e-02
-6.9607313637411444e-03 -7.1215848531470272e-01 1.6467791035502666e-02
-3.2700862129906715e-02 -7.5254562639826117e-01 7.1144696799601892e-02
-5.3894395952187507e-02 -7.9541614460214305e-01 1.0014106973685055e-01
-8.9741004388326009e-02 -8.1368244531901168e-01 1.5291439011659391e-01
-1.2840915864043009e-01 -8.4508628983413103e-01 1.8284646613269651e-01
-1.7813795332435897e-01 -8.4079677524892316e-01 2.5398377117463677e-01
-2.2933178811238814e-01 -8.4208750828565948e-01 3.1353504042104785e-01
-2.5747086806862690e-01 -8.8258553530752160e-01 2.6026291922679923e-01
-2.3277838296006298e-01 -9.2477519683700760e-01 1.5557607422773145e-01
-1.9645964058320664e-01 -9.5701936212716920e-01 7.7026782596937959e-02
-1.9111752009967761e-01 -1.0010021596687790e+00 -2.7349001772287718e-03
-2.1438279145925729e-01 -1.0417711550994957e+00 -8.2674024197832319e-02
-2.1669011946156544e-01 -1.0905769522860624e+00 -1.7775576223943301e-01
-2.0833165236869472e-01 -1.1382312141505435e+00 -2.5709913023239983e-01
-1.9897631895128284e-01 -1.1854550867358264e+00 -3.2279040283315608e-01
-2.1630428659600018e-01 -1.2323548592967892e+00 -4.1974947514716321e-01
-2.1834023253609286e-01 -1.2828974063444278e+00 -4.9219166138688120e-01
-2.2729373469921399e-01 -1.3329538236561331e+00 -5.6713090346120287e-01
-2.5080475087909432e-01 -1.3778960382149257e+00 -6.5770181283187190e-01
-2.7092273642020831e-01 -1.4250878506774380e+00 -7.3178991481577094e-01
-2.9587535845526075e-01 -1.4502047617160059e+00 -7.9231116974414117e-01
-3.4543861820339522e-01 -1.4548031630140841e+00 -8.7659136582616104e-01
-3.9561782730035655e-01 -1.4506013973734968e+00 -9.3660854020331563e-01
-4.4564133439067666e-01 -1.4581185489000179e+00 -9.7841095698784153e-01
-4.8582145989035974e-01 -1.4843788190555500e+00 -9.9939964735599440e-01
-5.2495009120531377e-01 -1.5164061573389715e+00 -9.9710396103470433e-01
-5.5341359207959195e-01 -1.5591721704111021e+00 -9.7021115926954671e-01
-5.6119390103657751e-01 -1.6099029321511278e+00 -9.2470913204972816e-01
-5.5634359224913565e-01 -1.6408959963319087e+00 -8.9056976196385795e-01
-6.0780621199939067e-01 -1.6422776700473596e+00 -8.5102824992255399e-01
-6.5631044447957665e-01 -1.6594911342100023e+00 -7.7343494330825235e-01
-6.6465841218843269e-01 -1.6308425507933988e+00 -7.9701205100059469e-01
-6.7674281323913899e-01 -1.5829967382184427e+00 -8.2171996536966119e-01
-7.0524743176319749e-01 -1.5410440057737607e+00 -7.9372051401950439e-01
-7.0832286037208092e-01 -1.4995652883428359e+00 -7.9479331846997470e-01
-6.9921918405468286e-01 -1.4512976811977094e+00 -8.0260896365871115e-01
-6.7989268596730579e-01 -1.4042846793656043e+00 -8.0838403569415340e-01
-6.9526969765471125e-01 -1.3557812585678979e+00 -7.3702994011195921e-01
-7.3244202002380954e-01 -1.3252742095912484e+00 -6.3739895601020458e-01
-7.6443135198679268e-01 -1.2858320357817605e+00 -5.2906686436834049e-01
-7.9064285688500191e-01 -1.2434832590074221e+00 -4.2481334175516611e-01
-8.0285705872821811e-01 -1.1936526690828269e+00 -3.3306559151194409e-01
-8.2505675339159357e-01 -1.1480029241615726e+00 -2.3530589478276598e-01
-8.4920641461698276e-01 -1.1050955183108635e+00 -1.4884509270460433e-01
-8.5640012665315579e-01 -1.0561097576464635e+00 -7.7339758503456979e-02
-8.4474428088966047e-01 -1.0061170762023517e+00 -9.8752384137812954e-03
-8.3870638264521180e-01 -9.5625638508872413e-01 6.5625445462690724e-02
-8.6669291453463415e-01 -9.1768352697259437e-01 1.0308786534439002e-01
-9.0834017069617445e-01 -8.9021943227914557e-01 9.5002849274912982e-02
-8.6004794522217898e-01 -8.3106046853737237e-01 2.1446228576067020e-01
-7.8182983374380399e-01 -1.2462242002461648e+00 -4.4377406877952263e-01
-7.8182983374380399e-01 -1.1078362896765674e+00 -2.1143256783162850e-01
-7.8182983374380399e-01 -9.6944837910696979e-01 5.9849254106627725e-02
-7.8182983374380399e-01 -8.3106046853737237e-01 3.1944692938052688e-01
-7.8182983374380399e-01 -6.9267255796777483e-01 5.1946624399122010e-01
-7.8182983374380399e-01 1.3765490544981018e-01 -2.6595191950229236e-01
-7.8182983374380399e-01 2.7604281601940772e-01 -4.8366329957344956e-01
-7.0361172226542912e-01 -1.5230000213853598e+00 -8.0145362100673057e-01
-7.0361172226542912e-01 -1.2462242002461648e+00 -5.6220616213710539e-01
-7.0361172226542912e-01 -1.1078362896765674e+00 -2.6766382211575634e-01
-7.0361172226542912e-01 -9.6944837910696979e-01 7.6126189523380572e-02
-7.0361172226542912e-01 -8.3106046853737237e-01 4.0510778876368125e-01
-7.0361172226542912e-01 -6.9267255796777483e-01 6.5872743222937391e-01
-7.0361172226542912e-01 -5.5428464739817729e-01 7.9006369127981391e-01
-7.0361172226542912e-01 -4.1589673682857975e-01 7.7425709373812701e-01
-7.0361172226542912e-01 -2.7750882625898221e-01 6.1402364328930614e-01
-7.0361172226542912e-01 -1.3912091568938467e-01 3.3940998427759494e-01
-7.0361172226542912e-01 -7.3300511978735550e-04 1.6037780815018055e-03
-7.0361172226542912e-01 1.3765490544981018e-01 -3.3671490001363352e-01
-7.0361172226542912e-01 2.7604281601940772e-01 -6.1253781261445894e-01
-7.0361172226542912e-01 4.1443072658900548e-01 -7.7418055025194454e-01
-6.2539361078705413e-01 -1.5230000213853598e+00 -9.2208204846287489e-01
-6.2539361078705413e-01 -1.3846121108157623e+00 -8.6518620621921394e-01
-6.2539361078705413e-01 -1.2462242002461648e+00 -6.4673750412721787e-01
-6.2539361078705413e-01 -1.1078362896765674e+00 -3.0779815818831885e-01
-6.2539361078705413e-01 -9.6944837910696979e-01 8.7726429317444288e-02
-6.2539361078705413e-01 -8.3106046853737237e-01 4.6640150728659302e-01
-6.2539361078705413e-01 -6.9267255796777483e-01 7.5839116687160724e-01
-6.2539361078705413e-01 -5.5428464739817729e-01 9.0936546044793387e-01
-6.2539361078705413e-01 -4.1589673682857975e-01 8.9094855429541586e-01
-6.2539361078705413e-01 -2.7750882625898221e-01 7.0661586276652943e-01
-6.2539361078705413e-01 -1.3912091568938467e-01 3.9073952350814711e-01
-6.2539361078705413e-01 -7.3300511978735550e-04 1.9487829791937084e-03
-6.2539361078705413e-01 1.3765490544981018e-01 -3.8743065066166527e-01
-6.2539361078705413e-01 2.7604281601940772e-01 -7.0472185864561077e-01
-6.2539361078705413e-01 4.1443072658900548e-01 -8.9070458849829215e-01
-5.4717549930867926e-01 -1.5230000213853598e+00 -9.8783199508378772e-01
-5.4717549930867926e-01 -1.3846121108157623e+00 -9.2639553547311959e-01
-5.4717549930867926e-01 -1.2462242002461648e+00 -6.9235473663586022e-01
-5.4717549930867926e-01 -1.1078362896765674e+00 -3.2959099578193329e-01
-5.4717549930867926e-01 -9.6944837910696979e-01 9.3946755655743730e-02
-5.4717549930867926e-01 -8.3106046853737237e-01 4.9972242254182503e-01
-5.4717549930867926e-01 -6.9267255796777483e-01 8.1249194201407016e-01
-5.4717549930867926e-01 -5.5428464739817729e-01 9.7393675325312357e-01
-5.4717549930867926e-01 -4.1589673682857975e-01 9.5407432997826780e-01
-5.4717549930867926e-01 -2.7750882625898221e-01 7.5678019672045860e-01
-5.4717549930867926e-01 -1.3912091568938467e-01 4.1856810158822766e-01
-5.4717549930867926e-01 -7.3300511978735550e-04 2.0943307264517097e-03
-5.4717549930867926e-01 1.3765490544981018e-01 -4.1495897558154726e-01
-5.4717549930867926e-01 2.7604281601940772e-01 -7.5465603122579528e-01
-5.4717549930867926e-01 4.1443072658900548e-01 -9.5381363931058250e-01
-4.6895738783030438e-01 -1.3846121108157623e+00 -9.3186902198064525e-01
-4.6895738783030438e-01 -1.2462242002461648e+00 -6.9643581718620862e-01
-4.6895738783030438e-01 -1.1078362896765674e+00 -3.3178887277639291e-01
-4.6895738783030438e-01 -9.6944837910696979e-01 9.4451541800584460e-02
-4.6895738783030438e-01 -8.3106046853737237e-01 5.0306459196903075e-01
-4.6895738783030438e-01 -6.9267255796777483e-01 8.1778062631652604e-01
-4.6895738783030438e-01 -5.5428464739817729e-01 9.8000904593041360e-01
-4.6895738783030438e-01 -4.1589673682857975e-01 9.5995124906983453e-01
-4.6895738783030438e-01 -2.7750882625898221e-01 7.6148151942440778e-01
-4.6895738783030438e-01 -1.3912091568938467e-01 4.2116435164416943e-01
-4.6895738783030438e-01 -7.3300511978735550e-04 2.0806115708931205e-03
-4.6895738783030438e-01 1.3765490544981018e-01 -4.1753318133420059e-01
-4.6895738783030438e-01 2.7604281601940772e-01 -7.5929758794828006e-01
-4.6895738783030438e-01 4.1443072658900548e-01 -9.5969119306184303e-01
-4.6895738783030438e-01 5.5281863715860280e-01 -9.8160218950482192e-01
-4.6895738783030438e-01 6.9120654772820012e-01 -8.2092406643257543e-01
-3.9073927635192940e-01 -1.3846121108157623e+00 -8.8134349972409676e-01
-3.9073927635192940e-01 -1.2462242002461648e+00 -6.5879938315084230e-01
-3.9073927635192940e-01 -1.1078362896765674e+00 -3.1416354353790465e-01
-3.9073927635192940e-01 -9.6944837910696979e-01 8.9256934526364407e-02
-3.9073927635192940e-01 -8.3106046853737237e-01 4.7614667095647906e-01
-3.9073927635192940e-01 -6.9267255796777483e-01 7.7392047403364150e-01
-3.9073927635192940e-01 -5.5428464739817729e-01 9.2730906690107451e-01
-3.9073927635192940e-01 -4.1589673682857975e-01 9.0828592942063902e-01
-3.9073927635192940e-01 -2.7750882625898221e-01 7.2043426299904278e-01
-3.9073927635192940e-01 -1.3912091568938467e-01 3.9839037839013525e-01
-3.9073927635192940e-01 -7.3300511978735550e-04 1.9581501981040805e-03
-3.9073927635192940e-01 1.3765490544981018e-01 -3.9495546944603688e-01
-3.9073927635192940e-01 2.7604281601940772e-01 -7.1833161015479730e-01
-3.9073927635192940e-01 4.1443072658900548e-01 -9.0794978765482171e-01
-3.9073927635192940e-01 5.5281863715860280e-01 -9.2865446975511434e-01
-3.9073927635192940e-01 6.9120654772820012e-01 -7.7677506840115962e-01
-3.9073927635192940e-01 8.2959445829779788e-01 -4.8053193508256453e-01
-3.1252116487355452e-01 -1.3846121108157623e+00 -7.7798226230484469e-01
-3.1252116487355452e-01 -1.2462242002461648e+00 -5.8169378175312692e-01
-3.1252116487355452e-01 -1.1078362896765674e+00 -2.7761099614937945e-01
-3.1252116487355452e-01 -9.6944837910696979e-01 7.8697441154738645e-02
-3.1252116487355452e-01 -8.3106046853737237e-01 4.2048796592199644e-01
-3.1252116487355452e-01 -6.9267255796777483e-01 6.8350829142568603e-01
-3.1252116487355452e-01 -5.5428464739817729e-01 8.1899947486250557e-01
-3.1252116487355452e-01 -4.1589673682857975e-01 8.0214805143341916e-01
-3.1252116487355452e-01 -2.7750882625898221e-01 6.3610976116290818e-01
-3.1252116487355452e-01 -1.3912091568938467e-01 3.5167824306586770e-01
-3.1252116487355452e-01 -7.3300511978735550e-04 1.7484279241842260e-03
-3.1252116487355452e-01 1.3765490544981018e-01 -3.4862838556385917e-01
-3.1252116487355452e-01 2.7604281601940772e-01 -6.3421600429679326e-01
-3.1252116487355452e-01 4.1443072658900548e-01 -8.0166748866893367e-01
-3.1252116487355452e-01 5.5281863715860280e-01 -8.1986969104558405e-01
-3.1252116487355452e-01 6.9120654772820012e-01 -6.8580069857809123e-01
-3.1252116487355452e-01 8.2959445829779788e-01 -4.2441773145019901e-01
-3.1252116487355452e-01 9.6798236886739519e-01 -8.3978781678381242e-02
-2.3430305339517965e-01 -1.2462242002461648e+00 -4.6972431294841344e-01
-2.3430305339517965e-01 -1.1078362896765674e+00 -2.2423868976855788e-01
-2.3430305339517965e-01 -9.6944837910696979e-01 6.3400283277760039e-02
-2.3430305339517965e-01 -8.3106046853737237e-01 3.3938530864432348e-01
-2.3430305339517965e-01 -6.9267255796777483e-01 5.5192565273554928e-01
-2.3430305339517965e-01 -5.5428464739817729e-01 6.6148425289467028e-01
-2.3430305339517965e-01 -4.1589673682857975e-01 6.4781587750753400e-01
-2.3430305339517965e-01 -2.7750882625898221e-01 5.1357967381660674e-01
-2.3430305339517965e-01 -1.3912091568938467e-01 2.8388555998152898e-01
-2.3430305339517965e-01 -7.3300511978735550e-04 1.4352239207189310e-03
-2.3430305339517965e-01 1.3765490544981018e-01 -2.8141970007347239e-01
-2.3430305339517965e-01 2.7604281601940772e-01 -5.1203402856116631e-01
-2.3430305339517965e-01 4.1443072658900548e-01 -6.4723528317872159e-01
-2.3430305339517965e-01 5.5281863715860280e-01 -6.6187598582089779e-01
-2.3430305339517965e-01 6.9120654772820012e-01 -5.5359081184041115e-01
-2.3430305339517965e-01 8.2959445829779788e-01 -3.4261998746201805e-01
-2.3430305339517965e-01 9.6798236886739519e-01 -6.7859932134658685e-02
-2.3430305339517965e-01 1.1063702794369930e+00 2.1976482821206567e-01
-1.5608494191680466e-01 -8.3106046853737237e-01 2.3774036411115929e-01
-1.5608494191680466e-01 -6.9267255796777483e-01 3.8703820482149498e-01
-1.5608494191680466e-01 -5.5428464739817729e-01 4.6409848471748638e-01
-1.5608494191680466e-01 -4.1589673682857975e-01 4.5447733096228971e-01
-1.5608494191680466e-01 -2.7750882625898221e-01 3.6021070933121424e-01
-1.5608494191680466e-01 -1.3912091568938467e-01 1.9908700472653051e-01
-1.5608494191680466e-01 -7.3300511978735550e-04 9.8973796956880467e-04
-1.5608494191680466e-01 1.3765490544981018e-01 -1.9741975558380997e-01
-1.5608494191680466e-01 2.7604281601940772e-01 -3.5916412456060876e-01
-1.5608494191680466e-01 4.1443072658900548e-01 -4.5397741059084940e-01
-1.5608494191680466e-01 5.5281863715860280e-01 -4.6423926731817811e-01
-1.5608494191680466e-01 6.9120654772820012e-01 -3.8822194478632099e-01
-1.5608494191680466e-01 8.2959445829779788e-01 -2.4020940652997025e-01
-1.5608494191680466e-01 9.6798236886739519e-01 -4.7596208497908465e-02
-1.5608494191680466e-01 1.1063702794369930e+00 1.5417418551084738e-01
-7.7866830438429790e-02 -6.9267255796777483e-01 1.9875323452923621e-01
-7.7866830438429790e-02 -5.5428464739817729e-01 2.3865087264014961e-01
-7.7866830438429790e-02 -4.1589673682857975e-01 2.3374970771203729e-01
-7.7866830438429790e-02 -7.3300511978735550e-04 4.1170801798751100e-04
-7.7866830438429790e-02 1.3765490544981018e-01 -1.0166171029858251e-01
-7.7866830438429790e-02 2.7604281601940772e-01 -1.8480729990412148e-01
-7.7866830438429790e-02 4.1443072658900548e-01 -2.3355159375667600e-01
-7.7866830438429790e-02 5.5281863715860280e-01 -2.3884761786624076e-01
-7.7866830438429790e-02 6.9120654772820012e-01 -1.9969295287450795e-01
-7.7866830438429790e-02 8.2959445829779788e-01 -1.2350429282809328e-01
-7.7866830438429790e-02 9.6798236886739519e-01 -2.4490415756049488e-02
-7.7866830438429790e-02 1.1063702794369930e+00 7.9295892820324232e-02
-7.7866830438429790e-02 1.2447581900065903e+00 1.6867993748401799e-01
-7.7866830438429790e-02 1.3831461005761880e+00 2.2660767134871529e-01
3.5128103994508386e-04 -6.9267255796777483e-01 -1.5686870192159752e-03
3.5128103994508386e-04 -5.5428464739817729e-01 -1.2300321441016671e-03
3.5128103994508386e-04 1.3765490544981018e-01 1.6150268189618622e-04
3.5128103994508386e-04 2.7604281601940772e-01 5.7916558356430059e-04
3.5128103994508386e-04 4.1443072658900548e-01 8.0204807656891752e-04
3.5128103994508386e-04 5.5281863715860280e-01 8.0248757399137283e-04
3.5128103994508386e-04 6.9120654772820012e-01 6.9096623249575995e-04
3.5128103994508386e-04 8.2959445829779788e-01 4.2886605057779192e-04
3.5128103994508386e-04 9.6798236886739519e-01 5.0680236995948036e-06
3.5128103994508386e-04 1.1063702794369930e+00 -3.5885606115648727e-04
3.5128103994508386e-04 1.2447581900065903e+00 -4.4883986157961964e-04
3.5128103994508386e-04 1.3831461005761880e+00 -2.4917180842543019e-04
7.8569392518319958e-02 -5.5428464739817729e-01 -2.4096230106666217e-01
7.8569392518319958e-02 2.7604281601940772e-01 1.8590037192858522e-01
7.8569392518319958e-02 4.1443072658900548e-01 2.3506654982557684e-01
7.8569392518319958e-02 5.5281863715860280e-01 2.4038655280523546e-01
7.8569392518319958e-02 6.9120654772820012e-01 2.0097410847133756e-01
7.8569392518319958e-02 8.2959445829779788e-01 1.2422523945745367e-01
7.8569392518319958e-02 9.6798236886739519e-01 2.4414260353527784e-02
7.8569392518319958e-02 1.1063702794369930e+00 -8.0027294940624438e-02
7.8569392518319958e-02 1.2447581900065903e+00 -1.6961499238312960e-01
7.8569392518319958e-02 1.3831461005761880e+00 -2.2727404455598332e-01
1.5678750399669505e-01 4.1443072658900548e-01 4.5524054880942977e-01
1.5678750399669505e-01 5.5281863715860280e-01 4.6557438879410817e-01
1.5678750399669505e-01 6.9120654772820012e-01 3.8922977752642585e-01
1.5678750399669505e-01 8.2959445829779788e-01 2.4059115003445464e-01
1.5678750399669505e-01 9.6798236886739519e-01 4.7312587223647284e-02
1.5678750399669505e-01 1.1063702794369930e+00 -1.5494262668447667e-01
1.5678750399669505e-01 1.2447581900065903e+00 -3.2854383140182919e-01
1.5678750399669505e-01 1.3831461005761880e+00 -4.4070449916155829e-01
1.5678750399669505e-01 1.5215340111457853e+00 -4.7018769245250214e-01
2.3500561547506993e-01 4.1443072658900548e-01 6.4810681283288218e-01
2.3500561547506993e-01 5.5281863715860280e-01 6.6285964897651639e-01
2.3500561547506993e-01 6.9120654772820012e-01 5.5422788717247351e-01
2.3500561547506993e-01 8.2959445829779788e-01 3.4263349437778179e-01
2.3500561547506993e-01 9.6798236886739519e-01 6.7372074954486383e-02
2.3500561547506993e-01 1.1063702794369930e+00 -2.2058624150966044e-01
2.3500561547506993e-01 1.2447581900065903e+00 -4.6765378871775165e-01
2.3500561547506993e-01 1.3831461005761880e+00 -6.2763463549431719e-01
3.1322372695344480e-01 4.1443072658900548e-01 8.0199321506139709e-01
3.1322372695344480e-01 5.5281863715860280e-01 8.2035172321330352e-01
3.1322372695344480e-01 6.9120654772820012e-01 6.8605854832440616e-01
3.1322372695344480e-01 8.2959445829779788e-01 4.2420992098613097e-01
3.1322372695344480e-01 9.6798236886739519e-01 8.3409748898167546e-02
3.1322372695344480e-01 1.1063702794369930e+00 -2.7297441263417621e-01
3.1322372695344480e-01 1.2447581900065903e+00 -5.7863710500701582e-01
3.1322372695344480e-01 1.3831461005761880e+00 -7.7683674103562628e-01
3.9144183843181968e-01 5.5281863715860280e-01 9.2849203963974203e-01
3.9144183843181968e-01 6.9120654772820012e-01 7.7670643943171402e-01
3.9144183843181968e-01 8.2959445829779788e-01 4.8032065980983685e-01
3.9144183843181968e-01 9.6798236886739519e-01 9.4453635058641128e-02
3.9144183843181968e-01 1.1063702794369930e+00 -3.0894746796460626e-01
3.9144183843181968e-01 1.2447581900065903e+00 -6.5491053774015229e-01
3.9144183843181968e-01 1.3831461005761880e+00 -8.7935705830370092e-01
4.6965994991019455e-01 5.5281863715860280e-01 9.8067212296891615e-01
4.6965994991019455e-01 6.9120654772820012e-01 8.2058303995449533e-01
4.6965994991019455e-01 8.2959445829779788e-01 5.0749846437012391e-01
4.6965994991019455e-01 9.6798236886739519e-01 9.9817404267396492e-02
4.6965994991019455e-01 1.1063702794369930e+00 -3.2638865315310461e-01
4.6965994991019455e-01 1.2447581900065903e+00 -6.9194093656400568e-01
4.6965994991019455e-01 1.3831461005761880e+00 -9.2896611242035099e-01
4.6965994991019455e-01 1.5215340111457853e+00 -9.9361427038459915e-01
5.4787806138856965e-01 8.2959445829779788e-01 5.0411271068549168e-01
5.4787806138856965e-01 9.6798236886739519e-01 9.9164522855023307e-02
5.4787806138856965e-01 1.1063702794369930e+00 -3.2432516434426839e-01
5.4787806138856965e-01 1.2447581900065903e+00 -6.8747962382189520e-01
5.4787806138856965e-01 1.3831461005761880e+00 -9.2253845837525539e-01
5.4787806138856965e-01 1.5215340111457853e+00 -9.8644886369729523e-01
6.2609617286694452e-01 9.6798236886739519e-01 9.2544582936641362e-02
6.2609617286694452e-01 1.1063702794369930e+00 -3.0293528924156665e-01
6.2609617286694452e-01 1.2447581900065903e+00 -6.4173930791485323e-01
6.2609617286694452e-01 1.3831461005761880e+00 -8.6036114916370821e-01
6.2609617286694452e-01 1.5215340111457853e+00 -9.1931261111635809e-01
7.0431428434531940e-01 9.6798236886739519e-01 8.0389843607713063e-02
7.0431428434531940e-01 1.1063702794369930e+00 -2.6352962885992359e-01
7.0431428434531940e-01 1.2447581900065903e+00 -5.5750320084437743e-01
7.0431428434531940e-01 1.3831461005761880e+00 -7.4628048699384575e-01
7.8253239582369427e-01 9.6798236886739519e-01 6.3468022437341620e-02
7.8253239582369427e-01 1.1063702794369930e+00 -2.0854005042995727e-01
7.8253239582369427e-01 1.2447581900065903e+00 -4.4009305574597857e-01
7.8253239582369427e-01 1.3831461005761880e+00 -5.8755451340837928e-01
8.6075050730206915e-01 9.6798236886739519e-01 4.2799912662478068e-02
8.6075050730206915e-01 1.1063702794369930e+00 -1.4147010068071442e-01
8.6075050730206915e-01 1.2447581900065903e+00 -2.9709424358722902e-01
8.6075050730206915e-01 1.3831461005761880e+00 -3.9432051847007532e-01
-6.3348949721354664e-01 -1.6885780495092084e+00 -7.5761607791599150e-01
-6.7458552018574769e-01 -1.6945198207890115e+00 -6.9820599380871029e-01
-7.0924058880182561e-01 -1.6863395624104407e+00 -6.5887187619819898e-01
-7.3518180609279093e-01 -1.6831158147878444e+00 -6.1907886935897283e-01
-7.1587404917219410e-01 -1.6754894712033437e+00 -6.6262072612360223e-01
-7.2509827985055975e-01 -1.6536547980300351e+00 -6.7310684115042962e-01
-7.1329102053903626e-01 -1.6338368780656016e+00 -7.1568478134449687e-01
-7.0752686740907145e-01 -1.6250614427104768e+00 -7.3463089991510189e-01
-7.1077991982531952e-01 -1.6024700445336191e+00 -7.4874548150698406e-01
-7.2110203730080036e-01 -1.5782765430030892e+00 -7.4612070213056869e-01
-7.4086699351097340e-01 -1.5529039773790181e+00 -7.1841485422393347e-01
-7.5892955168995935e-01 -1.5182648120365736e+00 -6.8761258457977636e-01
-7.7911013591198008e-01 -1.4852702355168645e+00 -6.4096418684874212e-01
-7.8208866423002410e-01 -1.4628520061353811e+00 -6.3016715442041793e-01
-7.4784804599745203e-01 -1.4792607114198018e+00 -7.1214564604758945e-01
-7.4498679406664114e-01 -1.4573887079648540e+00 -7.1354556317271112e-01
-7.6501008993877795e-01 -1.4279368577614255e+00 -6.5777817319370491e-01
-7.2873143517359729e-01 -1.4283237291758211e+00 -7.3553086520025057e-01
-7.2002537177819692e-01 -1.3881916353883323e+00 -7.2526012618412938e-01
-7.4049682937302652e-01 -1.3762707047446940e+00 -6.7546641976903421e-01
-7.6309619941250795e-01 -1.3551305370717799e+00 -6.1033138834717904e-01
-7.7807887806969211e-01 -1.3262882231250666e+00 -5.5059232848594208e-01
-8.0569288386959814e-01 -1.3083479894544179e+00 -4.7412356152206536e-01
-8.1406742620703865e-01 -1.2810422742689307e+00 -4.2763030565134580e-01
-8.2462886979996264e-01 -1.2653986328261024e+00 -3.8910555174434253e-01
-8.2931221236737218e-01 -1.2500615732133245e+00 -3.6272449477050500e-01
-8.2865531241206081e-01 -1.2338105685938370e+00 -3.4494662569928008e-01
-8.4722827581121340e-01 -1.2240830502613991e+00 -3.0008757963788418e-01
-8.4500197547385036e-01 -1.2031777449411849e+00 -2.7996710355178911e-01
-8.4674173179241519e-01 -1.1867707425058471e+00 -2.5750096481088802e-01
-8.5820241908059602e-01 -1.1919126504090811e+00 -2.4540605950087463e-01
-8.7046089030138019e-01 -1.1979291251929665e+00 -2.3162074357263265e-01
-8.7293064031059786e-01 -1.1841817621455435e+00 -2.1355941248968299e-01
-8.7413745585052505e-01 -1.1685072399783627e+00 -1.9547307035896047e-01
-8.7209377175515457e-01 -1.1584209056409738e+00 -1.8765312969102199e-01
-8.7413314264638398e-01 -1.1424627258712039e+00 -1.6760646681822436e-01
-8.7928444939784745e-01 -1.1360887484859492e+00 -1.5437970001048712e-01
-8.8974032910389944e-01 -1.1157619579440128e+00 -1.2159095191832459e-01
-9.0173787485855650e-01 -1.1145267267017607e+00 -1.0775723556245975e-01
-8.9204952441294016e-01 -1.0991785269383743e+00 -1.0279649258236784e-01
-9.0218217268770484e-01 -1.0908785156731378e+00 -8.5978042497095286e-02
-9.0893783597773936e-01 -1.0768466453643255e+00 -6.8243007096113417e-02
-9.0621971286505065e-01 -1.0658384970996961e+00 -6.0422760454823865e-02
-8.9942627616306525e-01 -1.0537434875862721e+00 -5.3026946482746529e-02
-8.8938485795937861e-01 -1.0294473351277937e+00 -3.2305222218458773e-02
-8.8621169198960414e-01 -1.0088031474383561e+00 -1.0537855879297175e-02
-8.7745575826629052e-01 -9.8454780573704515e-01 1.7345878895071859e-02
-8.8482445348840166e-01 -9.5992437880648662e-01 4.3550476076741895e-02
-8.9164658419349230e-01 -9.6000968182505853e-01 4.0928238393284411e-02
-9.0722857347599972e-01 -9.6397116175112529e-01 3.1537356692268148e-02
-9.2378062163159547e-01 -9.7602495438869352e-01 1.6934088606551045e-02
-9.4084886844542137e-01 -9.8128813945739579e-01 9.9374427832166212e-03
-9.4879052703159306e-01 -9.8195956588949784e-01 8.1487609250324722e-03
-9.3359838941558460e-01 -9.6923972749347509e-01 1.9045873065051566e-02
-9.1567358642784191e-01 -9.4329747480519333e-01 4.5437712036190847e-02
-9.2178859093169152e-01 -9.3879831134543201e-01 4.5506024779089493e-02
-9.2786408502342299e-01 -9.4143557686270196e-01 4.0124937970336672e-02
-9.4105579031171538e-01 -9.7003559326644617e-01 1.6363029892248804e-02
-9.4964115704407981e-01 -9.6496466052572993e-01 1.6336574272706073e-02
-9.4574450209868233e-01 -9.4892857774568296e-01 2.6098806476246017e-02
-9.5799063371471971e-01 -9.5560049493386789e-01 1.7286545131417697e-02
-9.4839006351519983e-01 -9.3421458204982277e-01 3.2087027663513734e-02
-9.6001461017462386e-01 -9.5016002718931269e-01 1.8509028670523453e-02
-9.7774981742650235e-01 -9.5120935002190787e-01 9.5913669222140174e-03
-9.8065108884470908e-01 -9.4220418694577324e-01 9.8619997038077445e-03
-9.7100755138342509e-01 -9.3099647703004551e-01 1.8456072505409260e-02
-9.6582830831085498e-01 -9.2051154581266426e-01 2.5362843317726147e-02
-9.7180082279474933e-01 -9.0590287572747341e-01 2.4606507278053247e-02
-9.6986978198773399e-01 -8.9496124042987402e-01 2.9442634177363702e-02
-9.7492709035367908e-01 -8.7093710554645498e-01 2.9796703408463576e-02
-9.8727155572590930e-01 -8.5641550724384496e-01 1.6120282797521368e-02
-9.8249980526120795e-01 -8.5609375415072120e-01 2.2716932851573335e-02
-9.8250146466304111e-01 -8.4563409629069974e-01 2.4316480607850521e-02
-9.8389617927422335e-01 -8.3098979849406507e-01 2.4296143411791982e-02
-9.8803483306548789e-01 -8.2805546043605704e-01 1.8000009750880952e-02
-9.8431257048500076e-01 -8.1854283630888669e-01 2.5272587470613506e-02
-9.9564606730981042e-01 -8.2236289847767208e-01 5.8854250974758049e-03
-9.9988273990881593e-01 -8.1641108031392051e-01 -1.1721660105181719e-03
-9.8902259783207791e-01 -8.1011850987310863e-01 1.8039525553836477e-02
-9.8123696826491802e-01 -7.9077805388152478e-01 3.4698923442205765e-02
-9.9223769395427441e-01 -7.8224488154011418e-01 1.4088607175880563e-02
-9.5991964661449236e-01 -7.6603612936446497e-01 8.2997486505667351e-02
-9.4426143838172694e-01 -7.9724785859668412e-01 1.0242948559786297e-01
-9.3015397884143047e-01 -8.1905421647858445e-01 1.1604144781810266e-01
-9.0865860823237843e-01 -8.0124616499816492e-01 1.6436891931178405e-01
-8.9679804586808087e-01 -7.7251076742714320e-01 2.0768695326876585e-01
-8.9363852888253170e-01 -7.3944063097554458e-01 2.3836325193027175e-01
-8.9085897650975998e-01 -7.0373467272618462e-01 2.6855371985147708e-01
-9.0190712001685291e-01 -6.6672817281047403e-01 2.6158031442757090e-01
-8.9953991661904809e-01 -6.3548380575162111e-01 2.8168943442887379e-01
-8.7064223802420682e-01 -6.1972168103220948e-01 3.6669680576936853e-01
-8.8219129936396856e-01 -5.8665456560789830e-01 3.4753422128219369e-01
-8.6307517978044324e-01 -5.6909214015759468e-01 4.0644760925719614e-01
-8.3035057777436638e-01 -5.6608066972868898e-01 4.9643532473809904e-01
-8.0415325093521339e-01 -5.4635257159876083e-01 5.7043935387217870e-01
-7.8563882277858321e-01 -5.2048800655550365e-01 6.2189181806227367e-01
-7.8192045311130953e-01 -4.8780759282239911e-01 6.3195853771094090e-01
-7.7461480033348418e-01 -4.5320761813652416e-01 6.4315277897576439e-01
-7.6798987975693722e-01 -4.1800819204320966e-01 6.4396844572825174e-01
-7.8246081366144893e-01 -3.8575630894286511e-01 5.9121714827928074e-01
-8.0223264970350128e-01 -3.5683985248797756e-01 5.2430718217822037e-01
-8.1330825139712259e-01 -3.2014506882438509e-01 4.6760455149308228e-01
-8.2187270470077733e-01 -2.9069330921131253e-01 4.2037054296666099e-01
-7.8211016910916031e-01 -2.8372136682474303e-01 4.9194119570950245e-01
-7.5469882495365659e-01 -2.6899876812028040e-01 5.2104342972746687e-01
-7.3737875557089394e-01 -2.4236073085558596e-01 5.0672080973896116e-01
-7.2767321799754581e-01 -2.0960277389958187e-01 4.6181641360827186e-01
-7.4951106686858948e-01 -1.8347903608239527e-01 3.8584553614731171e-01
-7.7256273520679908e-01 -1.5862566198490491e-01 3.1305273127390731e-01
-8.0484123021900900e-01 -1.4803359416434678e-01 2.5797168092875961e-01
-8.3080235100934519e-01 -1.2686001418940529e-01 1.9662953017528401e-01
-8.3617323753005979e-01 -9.6322321270018427e-02 1.4653589406154044e-01
-8.2994876169774401e-01 -6.1257022148420728e-02 9.7102570187882153e-02
-8.2366223130007543e-01 -2.6275781113658365e-02 4.2991095216469155e-02
-8.1729449050343184e-01 8.5708571861004210e-03 -1.5089250848397517e-02
-8.2731675423962125e-01 4.3405415603424966e-02 -7.0771810243548727e-02
-8.4210902190985915e-01 7.9292381446723126e-02 -1.1807741985965325e-01
-8.4936584365060785e-01 1.1434341853545646e-01 -1.6109412715381932e-01
-8.4300573007576030e-01 1.4903648648777285e-01 -2.1460739323320199e-01
-8.4256680168465958e-01 1.8312532184008359e-01 -2.5928667686254503e-01
-8.3286361748348792e-01 2.0735097112701936e-01 -3.0496768861984214e-01
-8.5052234657830428e-01 2.3976564252638885e-01 -3.1070664878124066e-01
-8.6174349939469763e-01 2.6955292823144761e-01 -3.1653735036829123e-01
-8.4288266895309694e-01 2.9450084058597881e-01 -3.7968230220082222e-01
-8.3035761505831651e-01 3.2159117843448831e-01 -4.3156826730071041e-01
-8.2814190566807866e-01 3.5407312055602780e-01 -4.6224060226919705e-01
-8.0873009589055178e-01 3.7851554692882122e-01 -5.2588974817905521e-01
-7.8748808750617294e-01 4.0155495791222967e-01 -5.9083146505715967e-01
-7.6788522695290440e-01 4.2586948207432129e-01 -6.4925065846919849e-01
-7.4456829654750645e-01 4.4722426311830504e-01 -7.1000267325928224e-01
-7.1287836792384163e-01 4.6198891290019589e-01 -7.7959747095799869e-01
-6.7378681270343321e-01 4.7011805731063422e-01 -8.5129912893321358e-01
-6.3504488871206188e-01 4.6436122272308600e-01 -9.0599582288753955e-01
-5.9676909532203004e-01 4.5806608641041763e-01 -9.4617578597721297e-01
-5.6046768400649560e-01 4.4931860935860224e-01 -9.6984830570711422e-01
-5.4331929916196953e-01 4.7596105872732730e-01 -9.8811658870925312e-01
-5.3152815665431352e-01 5.0700041706083210e-01 -9.9498020393978959e-01
-5.3749532299668490e-01 5.5265421790569613e-01 -9.7955431107451274e-01
-5.6382681182593164e-01 5.6994800025290426e-01 -9.5638742541666411e-01
-5.9545999688065532e-01 5.8454441250592926e-01 -9.2179426754696703e-01
-5.9902065833913110e-01 6.0667553604041569e-01 -8.9889454810063141e-01
-5.7985859803214501e-01 6.3144723418893489e-01 -8.8706215395605126e-01
-5.6117615711873758e-01 6.5667589278365035e-01 -8.6482267677580715e-01
-5.4177117552091558e-01 6.8132721210081970e-01 -8.3458880543097169e-01
-5.2182362257391057e-01 7.0554333732691854e-01 -7.9652971222858460e-01
-5.0362772755459384e-01 7.3122903630685643e-01 -7.4726753555137704e-01
-4.9053619195533898e-01 7.6106726347025622e-01 -6.8157803921314342e-01
-4.7858766288149573e-01 7.9194386869008571e-01 -6.0651113425561709e-01
-4.7768022498438656e-01 8.3194609763401306e-01 -5.0237015992105749e-01
-4.7235289180477719e-01 8.6827496764104140e-01 -4.0051031437570095e-01
-4.5942051612813906e-01 8.9830213236453749e-01 -3.1156024053775488e-01
-4.6971357445492345e-01 9.3870227539106976e-01 -1.9062701399844095e-01
-4.6901829815552615e-01 9.7581709145790219e-01 -7.5783238534662178e-02
-4.2303982728385098e-01 9.7823717865520665e-01 -6.6682251680406424e-02
-3.8385673590790420e-01 9.8633702961903436e-01 -4.0524909007755738e-02
-3.5230103027287946e-01 1.0007680428665873e+00 1.6614810902932931e-03
-3.3143596873927295e-01 1.0212943196689177e+00 5.7162974793798726e-02
-3.4317117398127661e-01 1.0593032375398355e+00 1.6260954510724335e-01
-3.2063361321861528e-01 1.0796491191520461e+00 2.0874206285971608e-01
-2.9693958262210068e-01 1.1008640647589454e+00 2.4973682406543185e-01
-2.7690102797437682e-01 1.1252157561629406e+00 2.9240276286272415e-01
-2.5668391935251073e-01 1.1494025540100952e+00 3.2598346810072520e-01
-2.3599662412387984e-01 1.1732892812055293e+00 3.4933500241177118e-01
-2.0837646003259080e-01 1.1910801124882464e+00 3.4364628997936775e-01
-1.8928423546773479e-01 1.2164125527388054e+00 3.5202880412857329e-01
-1.9606057048664208e-01 1.2515427385074416e+00 4.1030082613777252e-01
-2.1809622093503125e-01 1.2772242169009345e+00 4.8373909659609104e-01
-2.3155419455776344e-01 1.3048853827554177e+00 5.4356195830808662e-01
-2.0195792288709080e-01 1.3208605110914535e+00 5.0115574025284326e-01
-1.7299778084014275e-01 1.3374845150665382e+00 4.5117851684029309e-01
-1.5738849920809467e-01 1.3659301053532689e+00 4.3319514416148630e-01
-1.4431672881261343e-01 1.3965806866065644e+00 4.1534345050879251e-01
-1.2485710529055920e-01 1.4216527914897377e+00 3.7115712930778111e-01
-9.4688770869704370e-02 1.4371759189678639e+00 2.8801085712225438e-01
-6.5343831013459711e-02 1.4534824303203191e+00 2.0247543749279728e-01
-3.6635716235827592e-02 1.4620270482847608e+00 1.1500985523514640e-01
-2.0720948800828048e-03 1.4505501323329926e+00 7.5041598403657872e-03
2.9273115741274894e-02 1.4356076446049646e+00 -8.8889302810337689e-02
5.3264182845374486e-02 1.4463933571573797e+00 -1.6302686739155536e-01
7.1407822596416315e-02 1.4732365137909211e+00 -2.2029016515027111e-01
7.7770600455845953e-02 1.5076518376853050e+00 -2.4014581704322868e-01
7.3876265203606614e-02 1.5480143368974755e+00 -2.2528416294195175e-01
9.1698282732342151e-02 1.5751592997701054e+00 -2.7377013570315123e-01
1.2866753915160031e-01 1.5779329261113209e+00 -3.7920195601075246e-01
1.6075604751804920e-01 1.5638587096629517e+00 -4.7211898848687950e-01
2.0564940357223357e-01 1.5654720570330629e+00 -5.8772769312030260e-01
2.4186762032666487e-01 1.5557277022131468e+00 -6.7711751071867754e-01
2.7807129893174365e-01 1.5459180477356742e+00 -7.5796271545255633e-01
3.1420018334297661e-01 1.5360128656847716e+00 -8.2877892853712520e-01
3.5026846060327710e-01 1.5260444373191862e+00 -8.8840780236596961e-01
3.7731635458053570e-01 1.5450098476860439e+00 -9.1766907794697872e-01
3.8831229625602348e-01 1.5628622647146699e+00 -9.2127834442980028e-01
3.5455002628909260e-01 1.5751513914900122e+00 -8.7268397328013236e-01
3.8206565007042714e-01 1.5923673393130631e+00 -8.9375843031378066e-01
4.0293951943128586e-01 1.6176192509593452e+00 -8.9055693778457989e-01
4.1267306818045685e-01 1.6504164690104697e+00 -8.5877869510731530e-01
3.9535512859601751e-01 1.6789152280527888e+00 -8.0260647944973140e-01
3.7842865175788248e-01 1.6967947995969419e+00 -7.5778336152355630e-01
4.2224075294467434e-01 1.6989204395843884e+00 -7.8980084712827514e-01
4.6147486665444754e-01 1.6942741371856178e+00 -8.1709636777355898e-01
4.9516470132108498e-01 1.6819873466421551e+00 -8.4456897171616951e-01
5.0222994525816456e-01 1.6587119983055363e+00 -8.8119492375589781e-01
5.3240992327294467e-01 1.6495647947733270e+00 -8.8971481104169037e-01
5.6029323553950083e-01 1.6316425105633383e+00 -9.0126354103558493e-01
5.8219269458860579e-01 1.6103223128875566e+00 -9.1041130454265096e-01
6.1567724699111137e-01 1.5977963606074594e+00 -8.9102061957169498e-01
6.3935605261854378e-01 1.5817908971067292e+00 -8.7515652208986872e-01
6.6902703691208198e-01 1.5678813440970520e+00 -8.4093164017502131e-01
6.9869541218877129e-01 1.5539059808138549e+00 -7.9695656768837031e-01
7.2922357658043602e-01 1.5483359259809595e+00 -7.3916070261662226e-01
7.6201406021205220e-01 1.5402218640508747e+00 -6.6945274870222882e-01
7.9191489310219954e-01 1.5327747437196597e+00 -5.9888745112076780e-01
8.2106406596153725e-01 1.5163553688402180e+00 -5.2580484943781070e-01
8.4651521880380398e-01 1.4966289968073938e+00 -4.5740299032155374e-01
8.5652153637595496e-01 1.4706580694423892e+00 -4.2870629446934849e-01
8.7961220838299536e-01 1.4550863570067729e+00 -3.6119150388946775e-01
9.0739671876005756e-01 1.4374911049353845e+00 -2.7809155040899780e-01
9.2171144134881899e-01 1.4146837919030268e+00 -2.3323973423027655e-01
8.9785226933746021e-01 1.3935783556577428e+00 -2.9710115467402165e-01
8.9985425396215868e-01 1.3598095484860810e+00 -2.8061713086934725e-01
9.0204124449040080e-01 1.3273572852323356e+00 -2.6137836578972928e-01
8.8799596102491984e-01 1.3043709508654244e+00 -2.8372379646283385e-01
9.2244155711067255e-01 1.2987305946113625e+00 -1.9816475281282475e-01
9.3770761354380772e-01 1.2798830763133651e+00 -1.5445406935600192e-01
9.2416828835865106e-01 1.2562371801680812e+00 -1.7457538781301984e-01
9.1265535276413601e-01 1.2343030687891856e+00 -1.8618748299707089e-01
9.2601017664629581e-01 1.2081460478770107e+00 -1.4504483530351164e-01
9.4638039841973232e-01 1.1839500552578814e+00 -9.7269007362838611e-02
9.6543962297767794e-01 1.1586585835668766e+00 -5.7997604690247950e-02
9.7049726553007587e-01 1.1338858054356666e+00 -4.3695497672789907e-02
9.6022806983204867e-01 1.1111998588365712e+00 -4.7626922843951647e-02
9.5029175095636109e-01 1.0754924315149517e+00 -4.0204207791555646e-02
9.2450520188087604e-01 1.0541213636884679e+00 -4.2270798070898952e-02
9.2379376625814613e-01 1.0156781518107445e+00 -1.2963016260793880e-02
9.3998085902485695e-01 9.8769585365073631e-01 6.8836918661998592e-03
9.6575023752267897e-01 9.7127992646951999e-01 9.9727622847196606e-03
9.8170002351512509e-01 9.4310143734190943e-01 1.1942246515188382e-02
9.9429868933513987e-01 9.1520027088547518e-01 8.0532597917537529e-03
9.8275905136840902e-01 8.9724674337011290e-01 2.1270882495680432e-02
9.6589403561466025e-01 8.8637116433072816e-01 4.1645093073735762e-02
9.4777777681107456e-01 8.8779096358097698e-01 6.0213631679489898e-02
9.3259530311729266e-01 9.0062087467173069e-01 6.7584322817058506e-02
9.0960287640030368e-01 8.8909119760685451e-01 9.8662496122844168e-02
8.8644061390764806e-01 8.9561182940166606e-01 1.1487588630598311e-01
8.8060470181338368e-01 8.8865627357246590e-01 1.2802050778597929e-01
8.5911229696146252e-01 8.9489282793552916e-01 1.4082992413918949e-01
8.3468834630163258e-01 9.0958120486493033e-01 1.4042637274860081e-01
8.5523466413417903e-01 8.8422788448065859e-01 1.5838765352762163e-01
8.6123625944809223e-01 8.7582015405511182e-01 1.6298564962918527e-01
8.4753236726144721e-01 8.7953910931896906e-01 1.7235637577758611e-01
8.3495526415093924e-01 8.6887911319704081e-01 2.0044435156312179e-01
8.1206062889381969e-01 8.8738149198044236e-01 1.9427661643956795e-01
7.9395486957415295e-01 9.0203290104881040e-01 1.8367185519563600e-01
7.6789706414852466e-01 9.1767887154150496e-01 1.7097862483435877e-01
7.7557254919855467e-01 8.8896300087985569e-01 2.2243543541527488e-01
7.5953112895282049e-01 8.9330848470716906e-01 2.2624916544364426e-01
7.4182297011070097e-01 9.0235527056054765e-01 2.1944898439906457e-01
7.2337205754036427e-01 8.9801359883611431e-01 2.4092586418491679e-01
7.2001879414130854e-01 8.8181010559603734e-01 2.7998484265661117e-01
7.2136020435416104e-01 8.5744916039758556e-01 3.3296854958218880e-01
7.0911286280242836e-01 8.5390327500887309e-01 3.5121675047537027e-01
7.2672688927926199e-01 8.5100406979235399e-01 3.4205538868863283e-01
7.3048073678109327e-01 8.3112201353921678e-01 3.7969368852768104e-01
7.1097232942032451e-01 8.3438623647969112e-01 3.9230492511625847e-01
6.9193340662018610e-01 8.4070786824311217e-01 3.9544929493980163e-01
6.7288964889109104e-01 8.4816904336545396e-01 3.9316454938080092e-01
6.4240477152583841e-01 8.6686648438316838e-01 3.6617910273549137e-01
6.5230385092074428e-01 8.5497591757448554e-01 3.9061564669930104e-01
6.8743475346358573e-01 8.3658881507746985e-01 4.0862567770745151e-01
6.7981954035939018e-01 8.2080189215038324e-01 4.5092311719146416e-01
6.4854148874910433e-01 8.2198213090992245e-01 4.7378791169184387e-01
6.6820943419221734e-01 8.1097087307891269e-01 4.8327531195568640e-01
6.5554772286818830e-01 8.0272031014304779e-01 5.1281675964186102e-01
6.3731272697281804e-01 7.9342913566572348e-01 5.4883150657305291e-01
6.0051361429739347e-01 8.0061281576026977e-01 5.5699004265706020e-01
6.1311017911850241e-01 7.8021860546347266e-01 5.9682638830308687e-01
5.9632511785905451e-01 7.8858356749546410e-01 5.8811763145694651e-01
5.8702391647849728e-01 7.8240895488344087e-01 6.0779773644492341e-01
5.9813608553873521e-01 7.7545693843940200e-01 6.1746212619480878e-01
6.1598844336305880e-01 7.6640237308874481e-01 6.2545641106237659e-01
6.1702525152453880e-01 7.5922146556944281e-01 6.4012537054575769e-01
6.2591642293309024e-01 7.4460018498392244e-01 6.6310030138530107e-01
5.9777479811352452e-01 7.4507403102994840e-01 6.8393378071969901e-01
5.9754855082131686e-01 7.2385908948670219e-01 7.2668191018550943e-01
5.8416741355315316e-01 7.1073971573603512e-01 7.6074338269667652e-01
5.7599290887438903e-01 6.9328820260395418e-01 7.9728787762141318e-01
5.6304133193167094e-01 6.8349595925000206e-01 8.2131646155300464e-01
5.4866526176964903e-01 6.6473860715842026e-01 8.5814046348804451e-01
5.3518950943380750e-01 6.4992384880526566e-01 8.8486125415731842e-01
5.1847129066915931e-01 6.5313794045299345e-01 8.8421971581028691e-01
5.3763132833267768e-01 6.3857622771029221e-01 8.9951861322233229e-01
5.5027565516557209e-01 6.3032566477442376e-01 9.0498613325528310e-01
5.4330922435624307e-01 6.2111587678937608e-01 9.1891974648102814e-01
5.5251716437684184e-01 6.0631543076305017e-01 9.3082222638376222e-01
5.6658589089666700e-01 5.9376911893186057e-01 9.3485880648641828e-01
5.8780827715159623e-01 5.8958601798731303e-01 9.2304808419582751e-01
5.9314086521896503e-01 5.7348436273172076e-01 9.3067611031516551e-01
5.8823152218596308e-01 5.7038156379332305e-01 9.3698726031146107e-01
6.0477134548097877e-01 5.6376149846165624e-01 9.2587871959277002e-01
5.9203966699946742e-01 5.4506737640443625e-01 9.4727352397917142e-01
5.7328286082865798e-01 5.2778643541422654e-01 9.6823628812580598e-01
5.5382997915337728e-01 5.1987009895243541e-01 9.8218341123435637e-01
5.3106531142877100e-01 4.9725344476546574e-01 9.9356960754224488e-01
5.1276416115315526e-01 4.8246818717432233e-01 9.9608739327159501e-01
5.0048992589870789e-01 4.5438277431598517e-01 9.8813338592624600e-01
4.8879314611986885e-01 4.3164560697549947e-01 9.7483699416262648e-01
4.7447617458361008e-01 4.0841505853511589e-01 9.5429161776962212e-01
4.6598663716575989e-01 3.9647088648067508e-01 9.4070011640795181e-01
4.5001745974278784e-01 3.8397967794252508e-01 9.2145272737232098e-01
4.4314158938976306e-01 3.9841733587432165e-01 9.3308736721806529e-01
4.3031527570660510e-01 3.7976903227937986e-01 9.0609139039321929e-01
4.1801244852384750e-01 3.7534487171798014e-01 8.9264257114863121e-01
4.0911670358790792e-01 3.8048484574139979e-01 8.9155688916076858e-01
4.0244976563479612e-01 3.6893809099603392e-01 8.7265011970042750e-01
3.7898509306593336e-01 3.6082052281863580e-01 8.4027192049524135e-01
3.5824895930162121e-01 3.5034386249156341e-01 8.0366825867599445e-01
3.3472823694583315e-01 3.3603798088016967e-01 7.5475015204204476e-01
3.2662281822330802e-01 3.1400676386815074e-01 7.1263338587742542e-01
3.0283459747714192e-01 3.1765975905128863e-01 6.8352288578297937e-01
2.7786031241431253e-01 3.3992669606617942e-01 6.7064277448039200e-01
2.8259026231838047e-01 3.1643637778027833e-01 6.4954035471822436e-01
2.6260259396607682e-01 3.1200670224111271e-01 6.0945322350129905e-01
2.4858691792999499e-01 2.9175699664990246e-01 5.5798407512069881e-01
2.2990136522974128e-01 2.7892457189611497e-01 5.0734640970003619e-01
2.1953148493658314e-01 2.6183411159401887e-01 4.6576570618110358e-01
2.2240522228599505e-01 2.5380117093746679e-01 4.5966510348062406e-01
2.0000135260823407e-01 2.5240680738792165e-01 4.1821282202176358e-01
1.9271207551516953e-01 2.5821769414373336e-01 4.1212828904299958e-01
1.8046786780427260e-01 2.6263208933075843e-01 3.9399143010162407e-01
1.9022514107189253e-01 2.4889295552104010e-01 3.9594370663934719e-01
1.6635202178377370e-01 2.5224942765958280e-01 3.5491409601903379e-01
1.5821177713706128e-01 2.5619875179934742e-01 3.4315241594029033e-01
1.5280161470775622e-01 2.4371370065657660e-01 3.1953975819099267e-01
1.3990203423437375e-01 2.3756016057421761e-01 2.8840521894637794e-01
1.3064893748584577e-01 2.0993237457641903e-01 2.4403062529408448e-01
1.1974919536870647e-01 2.0584135231536624e-01 2.2091301679165309e-01
1.0182935930238224e-01 2.0261168625315051e-01 1.8649277418920029e-01
1.0989721240782598e-01 1.9818477850901445e-01 1.9692065877565001e-01
1.3899884596208684e-01 1.8900062392566799e-01 2.3616176096569541e-01
1.1475038719008478e-01 1.8721138925256045e-01 1.9526297496793044e-01
1.3257610762233010e-01 1.7822948429441801e-01 2.1441857182816204e-01
1.2337587022888657e-01 1.6601336711038270e-01 1.8786595778262738e-01
9.9497579703612740e-02 1.7331088991469593e-01 1.5885431549318474e-01
9.1941300789292926e-02 1.5890815528499830e-01 1.3594638269371551e-01
8.5510293218537550e-02 1.5300457512482635e-01 1.2231018448259423e-01
6.5021087136933581e-02 1.4975997878591638e-01 9.1563083297408698e-02
7.5068861592352487e-02 1.5233809673023546e-01 1.0719947733196533e-01
5.6470752075933779e-02 1.5788908910658189e-01 8.3608877359357847e-02
4.0435166579525374e-02 1.6909440013510840e-01 6.3819529948435649e-02
2.8866325320245467e-02 1.9002310041026860e-01 5.0570555885129820e-02
2.3148784160907196e-02 2.1467387785907649e-01 4.5049847451529512e-02
9.9541866028813805e-03 1.9803409265963731e-01 1.7916548323946624e-02
3.5309154024092952e-02 1.7205692183050705e-01 5.6613098426130493e-02
4.3818871974827513e-02 1.4928017545313357e-01 6.1655651519927246e-02
5.2798392187920838e-02 1.1855427905230827e-01 5.9706114970619173e-02
4.1395104896361001e-02 1.1517339882093225e-01 4.5541848141939179e-02
6.1843054371490055e-02 9.9393821570306157e-02 5.8928246891080560e-02
4.8985464596465161e-02 1.0626107700150747e-01 4.9855414737977832e-02
3.8136097838182684e-02 8.4733388521422690e-02 3.1091907560707566e-02
2.0201519206340054e-02 7.6046391017332543e-02 1.4686683910201004e-02
1.1595470890840422e-02 5.6064663138451154e-02 6.0833725189300969e-03
-8.3650672865307578e-03 6.0610637597124137e-02 -5.2426141686271466e-03
-3.8226407527725846e-02 7.4208040269498482e-02 -2.7900142523824112e-02
-4.0986834335694340e-02 4.9507218520677805e-02 -2.0100653078868658e-02
-3.5153451724952794e-02 3.3607555317874543e-02 -1.1827380700327517e-02
-2.4469174277774328e-02 1.6082839808460848e-02 -4.0977970542687148e-03
-1.8282913291837062e-03 3.5669843408964782e-03 -3.0413880770530088e-04
-1.3757192899419235e-02 8.3372805643200376e-03 -1.3601750884324471e-03
-1.8222765540647286e-02 -1.1785050777654451e-02 1.9097203882892932e-03
-3.0267807641552236e-02 -4.1735955752147058e-02 1.2236754577757192e-02
-4.2334455540292318e-02 -5.9873224979961066e-02 2.4634773071143812e-02
-4.8020941971277507e-02 -8.5516428584651680e-02 3.9740717546907667e-02
-3.4912638996416355e-02 -9.9694299222225446e-02 3.3581753257684754e-02
-3.6419733732208463e-02 -1.2067468573511793e-01 4.2117154661926337e-02
-2.1197234585365033e-02 -1.3896345471667440e-01 2.8026060590816027e-02
-4.4806837894993207e-02 -1.2022480771159824e-01 5.1598416350989162e-02
-5.2867796834076275e-02 -1.2330007943043197e-01 6.2303681166256286e-02
-7.6451497951886327e-02 -1.2124363281278416e-01 8.8265730472611104e-02
-5.8078618425118272e-02 -1.3523604584362073e-01 7.4639946958726666e-02
-7.5298731286737669e-02 -1.4034436701688177e-01 9.9844103652448002e-02
-6.0899186329735726e-02 -1.4808590921978249e-01 8.5153781348164204e-02
-7.6337913948546388e-02 -1.4703593316184160e-01 1.0568830572512489e-01
-7.6596140205658955e-02 -1.5650015880861073e-01 1.1233220683958434e-01
-7.9685059154684934e-02 -1.5994447156900526e-01 1.1912734229834276e-01
-7.7910348746277572e-02 -1.7085830651697750e-01 1.2373555152678761e-01
-6.6738374400089479e-02 -1.8629906274973912e-01 1.1481375813354755e-01
-8.2479271121743580e-02 -1.9764925421329127e-01 1.4887897746300072e-01
-6.2929793361363728e-02 -2.1725243574515241e-01 1.2373284365303450e-01
-6.4424846470964692e-02 -2.2713817568134767e-01 1.3141747813637583e-01
-6.8591002872840423e-02 -2.3540586408329631e-01 1.4394211216587127e-01
-7.0135954436891468e-02 -2.5473035846780068e-01 1.5666327549197512e-01
-6.9101958148099815e-02 -2.8054008428929755e-01 1.6604502921751163e-01
-5.9212783871071442e-02 -2.9574227596213959e-01 1.4804419652064127e-01
-7.0570140366886178e-02 -3.1508675982092466e-01 1.8369158102424221e-01
-4.5155084598202180e-02 -3.2701946152931133e-01 1.2095117781472420e-01
-5.0664552335896125e-02 -3.4558308634535773e-01 1.4014579956932793e-01
-4.3970489155460618e-02 -3.5883407463786066e-01 1.2433765304421274e-01
-6.2892607545919132e-02 -3.7478400651788757e-01 1.8124553531530641e-01
-4.0018125243890708e-02 -3.8206766469914072e-01 1.1686413604731771e-01
-1.2048563563943217e-02 -3.8097576452037640e-01 3.5268173859470453e-02
-3.6877681714764482e-03 -3.9697068440856570e-01 1.1044400857535885e-02
5.5969266467731232e-03 -4.1744231501723744e-01 -1.6918885560770924e-02
1.2631961655696067e-02 -4.1854165169806490e-01 -3.8290794770083347e-02
3.2869034415481065e-02 -4.0004016463676051e-01 -9.7869789532523899e-02
5.6934494875733925e-02 -4.0357740294037647e-01 -1.6955286602048569e-01
7.0727683094595567e-02 -4.2791059558785005e-01 -2.1446868807502795e-01
9.1645577151511406e-02 -4.4649112112034939e-01 -2.7962260306502573e-01
1.0223715815996609e-01 -4.5670484036463899e-01 -3.1243344947397023e-01
1.2943283843976994e-01 -4.6576145190049240e-01 -3.9276834398706528e-01
1.4950391661051191e-01 -4.8177040916125746e-01 -4.5136864828367074e-01
1.5282547622275675e-01 -4.9629822801616480e-01 -4.6143537669391654e-01
1.2581359236387685e-01 -4.8958876942556123e-01 -3.8452606117474564e-01
1.3883207416582791e-01 -5.0749736839235993e-01 -4.2207234196694010e-01
1.4550209431753977e-01 -5.1065530117604030e-01 -4.4083037274444781e-01
1.6328960217027133e-01 -5.1520657100389644e-01 -4.8989374812927644e-01
1.7856887900107854e-01 -5.1723675974898031e-01 -5.3085734099343140e-01
1.8914501737089728e-01 -5.4048605057717203e-01 -5.5512539721764120e-01
1.9868766410539015e-01 -5.6102178885576148e-01 -5.7372352476218758e-01
2.1507423095471762e-01 -5.7442817810308833e-01 -6.0854563371681225e-01
2.2257367922492405e-01 -5.8086370362867235e-01 -6.2321189353863760e-01
2.1293615833834040e-01 -5.8717532035571440e-01 -5.9736297702478525e-01
1.9712397101405021e-01 -5.6596640261121955e-01 -5.6807537523952012e-01
1.9651949056695273e-01 -5.7364642132050536e-01 -5.6361128246444414e-01
1.8552846087827721e-01 -5.9902752252164437e-01 -5.2440947269555993e-01
1.8126042453939009e-01 -6.0246595144784643e-01 -5.1192732039867106e-01
2.1640826212465120e-01 -6.0226032712201993e-01 -5.9704500163972507e-01
2.0721690076906585e-01 -6.1783832627689872e-01 -5.6562453414770975e-01
1.8523815586909140e-01 -6.2021920244810647e-01 -5.1157165344768663e-01
1.7316620140914665e-01 -6.2428183631677614e-01 -4.7930326364547760e-01
1.6780785603333456e-01 -6.3347298870157709e-01 -4.6027669248020231e-01
1.6127870863534280e-01 -6.4537023081241651e-01 -4.3639697079308648e-01
1.3075152718095573e-01 -6.6620911411730666e-01 -3.4704169785630046e-01
1.0295973573231938e-01 -6.7806300329869984e-01 -2.7032530473988325e-01
9.4676896323575760e-02 -6.8342184899173875e-01 -2.4667624116115072e-01
1.0139531728460172e-01 -6.9283900613567784e-01 -2.5846142580752773e-01
8.9175620597686106e-02 -6.9625372929944684e-01 -2.2657964296258859e-01
7.3940297330995650e-02 -6.8491369853090622e-01 -1.9331212323241953e-01
7.4952866537850535e-02 -7.0492834733586696e-01 -1.8757831753917142e-01
7.9883004787764070e-02 -7.1398436383275388e-01 -1.9534885540383695e-01
1.0893009230022338e-01 -7.0360967126590090e-01 -2.7034563268564238e-01
1.2453530229601055e-01 -7.1297294782894027e-01 -3.0037816249036342e-01
1.2406109400769021e-01 -6.9191809593547338e-01 -3.1406765441354456e-01
1.3797818990024935e-01 -6.9756876894844799e-01 -3.4290269767448167e-01
1.4933802200152529e-01 -7.0505907605600726e-01 -3.6287246040023324e-01
1.5250835757981721e-01 -7.1025023817500732e-01 -3.6546368649933625e-01
1.4318589021613634e-01 -7.2134230356201801e-01 -3.3531033772089780e-01
1.6376067987286685e-01 -7.2475894044281475e-01 -3.7608239469084614e-01
1.4357771058387103e-01 -7.2624167057240152e-01 -3.3186758399631444e-01
1.2606720588075704e-01 -7.1486296428545493e-01 -3.0246122866603908e-01
1.3630503830671425e-01 -7.2515630311346180e-01 -3.1705547815699386e-01
1.4507697549514928e-01 -7.3453492377549989e-01 -3.2756582207156215e-01
1.2160107348050268e-01 -7.3099073070063447e-01 -2.8024079217953057e-01
1.1045702195269272e-01 -7.1447069708576294e-01 -2.6696173959196412e-01
1.0830510716998788e-01 -7.2471959929157592e-01 -2.5520304666491656e-01
1.1092362961514622e-01 -7.3499468168175908e-01 -2.5389107728874183e-01
1.0701739827696230e-01 -7.3502652238002508e-01 -2.4529499072666439e-01
1.1429858451107866e-01 -7.5067413378740544e-01 -2.4941114695152855e-01
1.2753007494405996e-01 -7.5032042558750167e-01 -2.7705751746101437e-01
1.0884153219628338e-01 -7.6108435657647089e-01 -2.3017916172977881e-01
9.8936371103940324e-02 -7.7198134050372869e-01 -2.0228875128564683e-01
8.8140738883684566e-02 -7.7432648094033940e-01 -1.7938749742340832e-01
9.0713270095199527e-02 -7.6708587996615685e-01 -1.8922916583236138e-01
6.2333679189830613e-02 -7.8177469650802156e-01 -1.2447196753411571e-01
5.6609130020719586e-02 -7.9292495071161762e-01 -1.0843156877229410e-01
5.2874835692267141e-02 -8.1126553601537743e-01 -9.3731932827799680e-02
4.6339775484747256e-02 -8.3722174535239757e-01 -7.2369348603650741e-02
3.5994243370690349e-02 -8.2213280682412604e-01 -6.1098626677801082e-02
3.2833828306259839e-02 -8.2345452832437327e-01 -5.5489800207718654e-02
3.2935262416637794e-02 -8.4255060787137892e-01 -5.0341303842303953e-02
3.0516984318827385e-02 -8.2042176257609334e-01 -5.2429080235403935e-02
2.2106304308043064e-02 -8.0812339917348275e-01 -4.0514180627594154e-02
2.2065977516873413e-02 -8.1322676827798013e-01 -3.9536346400321332e-02
2.0351675726471424e-02 -7.9483833878386811e-01 -3.9514289490822252e-02
2.2260510554162113e-02 -7.6412571677828212e-01 -4.8199751504746535e-02
9.0763389247626065e-03 -7.6874890815845953e-01 -1.9933785334602883e-02
7.2232076651083631e-03 -7.5825189367948065e-01 -1.6574475327052696e-02
1.1049220075842987e-04 -7.8129330906075800e-01 -1.2239505656572724e-03
-4.8780259965685658e-03 -8.0183139865062691e-01 7.8903005850203822e-03
-3.1616764405724648e-05 -8.2022686231343889e-01 -1.0563478657064085e-03
-7.6272522766441799e-03 -8.2735011389467206e-01 1.1272395997214968e-02
-1.4841871993045040e-02 -8.3033897336699058e-01 2.2609783367040226e-02
-1.7894377199536949e-02 -8.3239273947561099e-01 2.7170601352379586e-02
-2.1299106828025181e-02 -8.4235539221623712e-01 3.0706042020104629e-02
-3.7296603685881287e-02 -8.4335701917670303e-01 5.4217352800403740e-02
-4.2668238346096565e-02 -8.5271921706369735e-01 5.8641541569107725e-02
-5.7194748607355544e-02 -8.6107000250729571e-01 7.4573201130541555e-02
-7.8366640640236213e-02 -8.5920205402133787e-01 1.0340858352306825e-01
-8.9542340050691449e-02 -8.5785020518840382e-01 1.1901421606159168e-01
-8.6529648744765209e-02 -8.6793196674123874e-01 1.0733358314954700e-01
-7.4655695683882348e-02 -8.7420961437571421e-01 8.8526693731499018e-02
-8.7950869676600055e-02 -8.7761182749469591e-01 1.0141834321686405e-01
-1.0513438155628001e-01 -8.7409566368544145e-01 1.2410052031653085e-01
-9.3281716485420732e-02 -8.8500282433265898e-01 1.0120767328581604e-01
-1.3270135933239419e-01 -8.8505832267442797e-01 1.4224765696783770e-01
-1.7659634007438624e-01 -8.7773587544922704e-01 1.9668773474949064e-01
-2.1058753639436176e-01 -8.7794237906863914e-01 2.2920411353315873e-01
-2.1125883487641137e-01 -8.8720929315409081e-01 2.1307004965159837e-01
-1.9057641106566928e-01 -8.9003077135897357e-01 1.9013956881633898e-01
-1.7451404674654372e-01 -8.8434998338757798e-01 1.8449700165756822e-01
-1.5000018779003998e-01 -8.8664999306993775e-01 1.5749078626717217e-01
-1.2982043623805220e-01 -8.9118465222501264e-01 1.3213646677620705e-01
-1.2082238765898709e-01 -9.0512845203058612e-01 1.0794721375697902e-01
-1.0401032678101081e-01 -9.2147965471198323e-01 7.7483020210638687e-02
-1.3321620724638503e-01 -9.3316626435683248e-01 8.3841422590897441e-02
-1.6613621372706205e-01 -9.2599667821627429e-01 1.1403954902125601e-01
-1.7518262539050772e-01 -9.2490985183869501e-01 1.2141455138811486e-01
-1.4770595564157116e-01 -9.3905126924345395e-01 8.4316856232989235e-02
-1.3502233475832831e-01 -9.4825199852431652e-01 6.5747746810946195e-02
-1.3598684861089885e-01 -9.5471184566581335e-01 5.7881572658629921e-02
-1.4185873633353441e-01 -9.5955803482110325e-01 5.3747606859039454e-02
-1.1481205870806875e-01 -9.7215956143993587e-01 2.9958662464905750e-02
-1.2545952089871582e-01 -9.6754066545590001e-01 3.8220495961146517e-02
-1.3392758278751574e-01 -9.7420387733116265e-01 3.2192284292012596e-02
-1.2765678717121859e-01 -9.8014726308095623e-01 2.3463993265987471e-02
-1.1854833666267955e-01 -9.9262866909650760e-01 7.5694459373012446e-03
-1.2331839812839775e-01 -1.0049794036674435e+00 -6.7601158448715726e-03
-1.3717941642167295e-01 -1.0072859701786796e+00 -1.0426485216035397e-02
-1.4718241739054239e-01 -9.9940142648912733e-01 -4.2602779689593362e-05
-1.4576826504991114e-01 -1.0073149568974640e+00 -1.1037116679727843e-02
-1.2600754595452415e-01 -1.0225935151869587e+00 -2.8186214934501908e-02
-1.3263785950556384e-01 -1.0264883521804462e+00 -3.4488127532863788e-02
-1.2685082477432252e-01 -1.0365605893883851e+00 -4.5300518453341043e-02
-1.4249939299467307e-01 -1.0394603919154046e+00 -5.4381842794919644e-02
-1.4753580355006768e-01 -1.0318713117374574e+00 -4.5562509864090384e-02
-1.4424751179773604e-01 -1.0440705231110250e+00 -6.1280540594872535e-02
-1.2858631271103874e-01 -1.0405533004935308e+00 -5.0769398327030535e-02
-1.2826407628153269e-01 -1.0584532521766767e+00 -7.2415813836217313e-02
-1.3046808535403687e-01 -1.0654765985817680e+00 -8.2201367082542998e-02
-1.3530086080292517e-01 -1.0712036397828091e+00 -9.2290835553275663e-02
-1.5176201233606743e-01 -1.0681481944769844e+00 -9.8362488280383409e-02
-1.5649428454739539e-01 -1.0554562438550312e+00 -8.2712868725710043e-02
-1.7333944385721647e-01 -1.0454287426308670e+00 -7.4620617285231061e-02
-1.5789616931156594e-01 -1.0694185910917247e+00 -1.0385498701827711e-01
-1.7387574977108186e-01 -1.0662403797649600e+00 -1.0825817561048112e-01
-1.5473044049777221e-01 -1.0878770933645046e+00 -1.2819638457127669e-01
-1.4583593547947007e-01 -1.0989338553876222e+00 -1.3608093046152414e-01
-1.7137409200400699e-01 -1.0773309599155958e+00 -1.2426408161781299e-01
-1.8183055706324533e-01 -1.0758395463238155e+00 -1.2855804093457546e-01
-1.6131266092763580e-01 -1.0906770850884870e+00 -1.3727379113237059e-01
-1.4401882240028041e-01 -1.1075412090190708e+00 -1.4570344292151383e-01
-1.4077428337581793e-01 -1.1153667237822440e+00 -1.5252345648930155e-01
-1.5214130448082464e-01 -1.1184810715727627e+00 -1.6809548671195573e-01
-1.5793811781503572e-01 -1.1165166178795789e+00 -1.7122826159672044e-01
-1.5771445399141082e-01 -1.1236320549664527e+00 -1.8087800943090926e-01
-1.5120361156535289e-01 -1.1440054138248288e+00 -2.0070097647110785e-01
-1.5404972980832665e-01 -1.1464689893388331e+00 -2.0740535518306347e-01
-1.6271802252629897e-01 -1.1371257172537028e+00 -2.0511111156092288e-01
-1.6740661034464033e-01 -1.1417258784284554e+00 -2.1703044397004867e-01
-1.5904219486802629e-01 -1.1540239737984264e+00 -2.2367462744884270e-01
-1.5201247068571044e-01 -1.1555237076199618e+00 -2.1649858020578838e-01
-1.4149313360950747e-01 -1.1688399005621308e+00 -2.1827516167596916e-01
-1.4235444964810154e-01 -1.1757746744415971e+00 -2.2757859038324435e-01
-1.4688423699436534e-01 -1.1863048041910365e+00 -2.4668937096124244e-01
-1.6258227798057068e-01 -1.1943970486532594e+00 -2.8105301889441781e-01
-1.6999253279601600e-01 -1.2135417582733556e+00 -3.1713012895015069e-01
-1.7165050385195876e-01 -1.2310274485447019e+00 -3.4147693523616451e-01
-1.7837330156087797e-01 -1.2449406135913546e+00 -3.7042969993807040e-01
-1.6304550579808741e-01 -1.2693323388228908e+00 -3.6753287867589690e-01
-1.6638835992772238e-01 -1.2811538545621488e+00 -3.8636441085922790e-01
-1.7440379808738191e-01 -1.2844263615535654e+00 -4.0646074296530288e-01
-1.8070569900228164e-01 -1.2855147152520359e+00 -4.2068983914761182e-01
-1.8327821666972888e-01 -1.3091386490584325e+00 -4.4995423929884204e-01
-1.8345569112688351e-01 -1.3279823142548464e+00 -4.6769350706831070e-01
-1.8502969607654104e-01 -1.3421775087350254e+00 -4.8332556856689912e-01
-1.8917331483843441e-01 -1.3437976796530451e+00 -4.9419644670167634e-01
-1.9421418753666167e-01 -1.3583646662637150e+00 -5.1748792166068203e-01
-1.9747258507557783e-01 -1.3741096398858701e+00 -5.3672062173296553e-01
-2.0661688033630676e-01 -1.3759075635533653e+00 -5.5938089612730213e-01
-2.1472336660406438e-01 -1.3997141768070476e+00 -5.9405529021784198e-01
-2.2860405214115118e-01 -1.4234626725654544e+00 -6.3935287858065393e-01
-2.3694307330788747e-01 -1.4445780816588074e+00 -6.6758934519207624e-01
-2.4291138465307105e-01 -1.4703903528638982e+00 -6.8856771550277396e-01
-2.5479122325824016e-01 -1.4869633213104905e+00 -7.1759038465252623e-01
-2.7221427897699385e-01 -1.5135052838069762e+00 -7.5481653208506172e-01
-2.7698106384825938e-01 -1.4976989909385605e+00 -7.6525538699461126e-01
-2.8391464895162205e-01 -1.5054029441719934e+00 -7.7914157503611936e-01
-2.8891543127379016e-01 -1.4967091024361106e+00 -7.8900385458622357e-01
-3.0438706390360704e-01 -1.4893234638488926e+00 -8.1767688820190565e-01
-3.1605227151488913e-01 -1.4919984650762628e+00 -8.3856824443810485e-01
-3.1894176005879116e-01 -1.4903763139964439e+00 -8.4338177733190067e-01
-3.3593814920276732e-01 -1.4937781125589360e+00 -8.7129729906590891e-01
-3.4508676676572275e-01 -1.5022208296104897e+00 -8.8538189545396628e-01
-3.5561290825254871e-01 -1.4916913382423977e+00 -9.0003498508543811e-01
-3.7219927158221261e-01 -1.4954843428556843e+00 -9.2196058330732589e-01
-3.8422585643460039e-01 -1.4980483474169366e+00 -9.3620442677579274e-01
-3.9608694764306190e-01 -1.4907941031735352e+00 -9.4839504025630172e-01
-3.9757665944478382e-01 -1.4974094795141422e+00 -9.5031168399670629e-01
-4.2109940583781658e-01 -1.4954521956704401e+00 -9.7101834867041936e-01
-4.3602637448160420e-01 -1.4969680237170591e+00 -9.8152179223721192e-01
-4.4905351676974864e-01 -1.5067059600652390e+00 -9.8874204623813144e-01
-4.4222128360103857e-01 -1.5344352271072745e+00 -9.7974850713940687e-01
-4.6553654096316077e-01 -1.5293395914428003e+00 -9.9173315423654873e-01
-4.7366944541207695e-01 -1.5245656943922090e+00 -9.9536773491519626e-01
-4.9296488711010161e-01 -1.5427659257423696e+00 -9.9244783342605913e-01
-5.1561571791954508e-01 -1.5641564644589887e+00 -9.8013236678504456e-01
-5.2415958244583816e-01 -1.6081877613658897e+00 -9.4156035673245830e-01
-5.0305551682276761e-01 -1.6430898729289354e+00 -9.0236251543311785e-01
-5.1956213742632240e-01 -1.6767127855209625e+00 -8.4971390682502446e-01
-5.5491843662690254e-01 -1.6823918768358204e+00 -8.2880135778121744e-01
-5.9343338188083894e-01 -1.6777730979815972e+00 -8.1227559544778427e-01
