# x y u
-9.7110451192078084e-01 -8.4833745318681986e-01 4.1555629300425570e-02
-9.7097032703676855e-01 -7.9612097421333261e-01 5.4417875283075574e-02
-9.5403391416333594e-01 -8.0814307199348279e-01 8.1594730989868192e-02
-9.1000157242815705e-01 -8.2411706245457694e-01 1.4643812610879081e-01
-8.8473907947372799e-01 -7.6802202737674818e-01 2.3591470904996936e-01
-8.7879055417630769e-01 -7.0766321248841635e-01 2.9531869114997900e-01
-8.9740477213118708e-01 -6.4793697571145137e-01 2.8315472964049904e-01
-8.6100783035898776e-01 -6.0824454981185117e-01 3.9867916683585564e-01
-8.3269256049759210e-01 -5.8175667196521474e-01 4.8525132610977950e-01
-7.8542119251582387e-01 -5.4177381859545526e-01 6.1880348722981915e-01
-7.7193282963654075e-01 -4.8317616937504582e-01 6.5580682682115321e-01
-7.5819586846078912e-01 -4.2573721852471191e-01 6.6999225055041345e-01
-7.8120945603408865e-01 -3.6973371606164179e-01 5.8207848497266812e-01
-8.0438876413871474e-01 -3.1303036108920806e-01 4.7991747784443611e-01
-7.6464092316209853e-01 -2.9445968689219143e-01 5.3816513767396079e-01
-7.2899821440482848e-01 -2.4856698341956482e-01 5.2946330204584513e-01
-7.2876318923041883e-01 -1.9075966130825711e-01 4.2455440510054648e-01
-7.7246983470942654e-01 -1.4565565025138882e-01 2.8958560951425666e-01
-8.2449616583616459e-01 -1.1776368142240182e-01 1.8942086053438789e-01
-8.1837594416431525e-01 -5.7572808917780022e-02 9.7192628297202738e-02
-8.0722071034955056e-01 4.4343843780255948e-03 -7.8696886587933702e-03
-8.2388550091438251e-01 6.3455761989654191e-02 -1.0398710401565921e-01
-8.3442521493628619e-01 1.2125817483191759e-01 -1.8470183863803918e-01
-8.3041068523271988e-01 1.8008440056712471e-01 -2.7221716614112995e-01
-8.3484892348425332e-01 2.3354214019646610e-01 -3.3203134035908516e-01
-8.3632245801034344e-01 2.8660113307728941e-01 -3.8540607524241771e-01
-8.2576167592529137e-01 3.4265526339091207e-01 -4.5817820659183411e-01
-7.8430049233834231e-01 3.8929231771693612e-01 -5.8946604051412688e-01
-7.4276513011146206e-01 4.3585870547724093e-01 -7.0841327126180897e-01
-6.8456524603294311e-01 4.5748793134315369e-01 -8.2913838855554967e-01
-6.2244213723250585e-01 4.5175590647152070e-01 -9.1630931007731398e-01
-5.6077013301832668e-01 4.3927550780914598e-01 -9.6400039048204056e-01
-5.2342283599417416e-01 4.8757957116590955e-01 -9.9645934685887672e-01
-5.2708496644406055e-01 5.5016540386031387e-01 -9.8398922078941442e-01
-5.7067280862892511e-01 5.8331259714623107e-01 -9.4222752170447599e-01
-5.7186505356866701e-01 6.2429414178761311e-01 -9.0126745276956477e-01
-5.3374999092058562e-01 6.7447175221388034e-01 -8.4871257870449579e-01
-4.9433293074243440e-01 7.2320060911462203e-01 -7.6393041509856263e-01
-4.6706782395399316e-01 7.7612802240382861e-01 -6.4328291464008036e-01
-4.6514378150385283e-01 8.3852100752566994e-01 -4.8293421302416845e-01
-4.4934114287055543e-01 8.9831677506656593e-01 -3.1010962878096132e-01
-4.6238831036582645e-01 9.5975349425046308e-01 -1.2527595504639041e-01
-4.0613677716854363e-01 9.6911303176121999e-01 -9.2722900716587953e-02
-3.4792857271066652e-01 9.9143244255517959e-01 -2.3855318071324273e-02
-3.2477503010933029e-01 1.0365455287067966e+00 9.7668632608718470e-02
-2.9930285552017871e-01 1.0815354828506720e+00 2.0470760410542443e-01
-2.5923948192284302e-01 1.1300777507248074e+00 2.8908303677027902e-01
-2.1540948366800572e-01 1.1747617790575373e+00 3.2687860321477097e-01
-1.7777519047638451e-01 1.2175907876121626e+00 3.3473861616149753e-01
-2.0014570655531594e-01 1.2729555454324686e+00 4.4476823084701506e-01
-1.9982746893997946e-01 1.3109293235929664e+00 4.8673051651386334e-01
-1.5331320962758593e-01 1.3477786020682432e+00 4.1124962626658712e-01
-1.2862410645003350e-01 1.4057604622339008e+00 3.7604507993506181e-01
-7.4318014112008765e-02 1.4357456977251557e+00 2.2664679261924506e-01
-2.0071809620015296e-02 1.4449514464264361e+00 6.2081237633947614e-02
3.7799141315469999e-02 1.4203780687284639e+00 -1.1470828313062222e-01
7.8721864608295625e-02 1.4643124834606696e+00 -2.4322613208951072e-01
8.5136481472570774e-02 1.5233326478702138e+00 -2.6356617404619309e-01
1.0857605396651857e-01 1.5679394382594909e+00 -3.2693400873598544e-01
1.6714013795847926e-01 1.5539336146595273e+00 -4.9410494806247657e-01
2.2949864010657023e-01 1.5490468113132512e+00 -6.5232188132016589e-01
2.9033182721856765e-01 1.5323409790464557e+00 -7.8676731204378791e-01
3.5123870659029688e-01 1.5160444373191861e+00 -8.9175743295353394e-01
4.0377118960566227e-01 1.5500082915233928e+00 -9.4300255771963959e-01
3.9280539101395384e-01 1.5877324349474213e+00 -9.0820937683049374e-01
4.2448011916639844e-01 1.6400929128093586e+00 -8.7929089347059408e-01
4.0521898470949996e-01 1.6878572730438262e+00 -7.9428608366730902e-01
4.6726352704312696e-01 1.6842459725401422e+00 -8.3257469686142627e-01
5.0686938572296714e-01 1.6471793396571905e+00 -8.9475225237643652e-01
5.5980350454276151e-01 1.6172158550458426e+00 -9.1647638932561226e-01
6.0963310844933305e-01 1.5898023091501754e+00 -9.0403411114176024e-01
6.5969939113273413e-01 1.5634037155868792e+00 -8.5943749533052916e-01
7.1392253812812134e-01 1.5447111949668602e+00 -7.7485472101303832e-01
7.7003717648320513e-01 1.5280778599609510e+00 -6.5870691107230095e-01
8.2568027293728830e-01 1.5020892385682751e+00 -5.2074335551442774e-01
8.5727075824935961e-01 1.4594051038126945e+00 -4.3001624362103574e-01
9.0155557201744552e-01 1.4249348472507763e+00 -2.9591931280685740e-01
8.8788974891973826e-01 1.3739256010100225e+00 -3.1824306245122264e-01
8.8305905078063807e-01 1.3217386751667553e+00 -3.0427913715214955e-01
9.1074938088096080e-01 1.2902339504090430e+00 -2.1871708712265867e-01
9.0293320577753244e-01 1.2591549296391893e+00 -2.1825255351571207e-01
9.1689702813147489e-01 1.2032978779833572e+00 -1.5381184294713166e-01
9.5475105087388235e-01 1.1548777621352084e+00 -6.6131201275607010e-02
9.4748228741951224e-01 1.1010969241651301e+00 -5.1264826596309210e-02
9.1386194490846617e-01 1.0551950527054446e+00 -4.6126550896796022e-02
9.1992503061439146e-01 9.9410234547161824e-01 4.5895141386367135e-03
9.5991898399682152e-01 9.5274821469726134e-01 1.8548856050937968e-02
9.8021471343140720e-01 9.0756798080051437e-01 1.7738531065570905e-02
9.2321028735633748e-01 9.1057581601104831e-01 6.6206899744370093e-02
8.6463832582994271e-01 9.0520426274271781e-01 1.2104952509465362e-01
8.2230792346083470e-01 9.0498468811207511e-01 1.5577481683191449e-01
8.0792269709118969e-01 9.0347697297054719e-01 1.6944802197280540e-01
7.5696185693026397e-01 9.2169207980650747e-01 1.6839082136259326e-01
7.2817927539208349e-01 9.1943501175326547e-01 1.8875740879198108e-01
7.0158313289526308e-01 8.7341131500931690e-01 3.1219644942217578e-01
6.6332579597043284e-01 8.6640665027881014e-01 3.5501761844411450e-01
6.2772338506868941e-01 8.6234660259749785e-01 3.8579577232002449e-01
6.4900734186041398e-01 8.3457011371108281e-01 4.4320035358957943e-01
6.2327609400344197e-01 8.0651670289927258e-01 5.2881098280705285e-01
5.7507773263043960e-01 7.8619220556371661e-01 6.0507870694185606e-01
5.8682954323005787e-01 7.5143170026718253e-01 6.7790830455129092e-01
5.6530058002710670e-01 7.0251071807328669e-01 7.8751574347627795e-01
5.2347204665133651e-01 6.7122453955413686e-01 8.5646819692240950e-01
5.3088431058049301e-01 6.2970144355863922e-01 9.1381577339575626e-01
5.5893382074788334e-01 5.8226526388968514e-01 9.5023134451037927e-01
5.7046992409473540e-01 5.3943078787893972e-01 9.6815693288442140e-01
5.2282912975487894e-01 5.1043076713798774e-01 9.9692516276408771e-01
4.9187468547258023e-01 4.6069076006061538e-01 9.9208803952809288e-01
4.5720034660590220e-01 4.1564792149107838e-01 9.5640968999923970e-01
4.1682281151529538e-01 3.9702995523922063e-01 9.1600297402733488e-01
3.6870538563983007e-01 3.7509008970056051e-01 8.4650983408070912e-01
3.1986613507488976e-01 3.4108824000520871e-01 7.4109209996136360e-01
2.7347418708247495e-01 3.4892284051017358e-01 6.7355213905277189e-01
2.4065336997413259e-01 3.1445454520863858e-01 5.7269398505457725e-01
2.1008416368338181e-01 2.7239785475598127e-01 4.6293201591765570e-01
1.5858710130965906e-01 2.7019470153434622e-01 3.5861076165787853e-01
1.2541734866805099e-01 2.2629197334327306e-01 2.5049608811061930e-01
7.8416383489594260e-02 1.9918130654057417e-01 1.4283535053898400e-01
7.8914694298752974e-02 1.7280214105632985e-01 1.2676688981520995e-01
4.0421731984041240e-02 1.9354038597165210e-01 7.2350613124687824e-02
1.1737178699827074e-02 2.1010991922925257e-01 2.2605819597387326e-02
2.6020326207969988e-02 1.6817283313361811e-01 4.1164277034312337e-02
2.4938830966825285e-02 1.2251495672993062e-01 2.9397411980399243e-02
7.5122885711540353e-03 8.3937607307186177e-02 6.1575605503590173e-03
-3.8844899346970080e-02 8.4353302979586917e-02 -3.1867460231902477e-02
-5.2481635257408815e-02 3.9026836727317459e-02 -2.0051763990918760e-02
-3.1279062722369688e-02 -1.1371906860741474e-02 3.5083645861989790e-03
-5.5885090062568178e-02 -6.6897004518634368e-02 3.6421308477741283e-02
-6.2338775529936774e-02 -1.0712620297570688e-01 6.4263366320089499e-02
-9.5643154914303627e-02 -1.4150969121501772e-01 1.2727376107158328e-01
-9.3204652243402603e-02 -1.9471440451894062e-01 1.6573162993651155e-01
-8.5927360904577033e-02 -2.4932371389364749e-01 1.8814919465885205e-01
-8.4914853028709991e-02 -3.0874476573472148e-01 2.1743550455261298e-01
-6.1586360266954528e-02 -3.5862947627045871e-01 1.7361136002377905e-01
-5.1388273679904999e-02 -3.9097557987289533e-01 1.5141307643659940e-01
-9.6597858734788853e-03 -4.1491937824319880e-01 2.9268814134931178e-02
3.6325329296601989e-02 -4.0958077487684230e-01 -1.0930091715177462e-01
7.1361161495763284e-02 -4.4756927952223158e-01 -2.1933518874086108e-01
1.1580744269255827e-01 -4.7189417968223291e-01 -3.5446525684014646e-01
1.2816130348164850e-01 -5.1482808357301579e-01 -3.9138346540430241e-01
1.6735062718832613e-01 -5.3594506650502594e-01 -4.9863675912040500e-01
1.8731656219715476e-01 -5.8466388886670029e-01 -5.3557082997198258e-01
1.5899375315758335e-01 -6.2159754297048353e-01 -4.4444916266416490e-01
1.1750084322889333e-01 -6.6311719360536170e-01 -3.1448000883058547e-01
6.5393406883361704e-02 -6.7823790720008992e-01 -1.7284584975528511e-01
7.5244035673071794e-02 -7.2391612335321120e-01 -1.7861123639584159e-01
8.7796302545392640e-02 -7.5479770459172579e-01 -1.8967745988710710e-01
4.4142093361094550e-02 -7.9274020288396707e-01 -8.3775185380657882e-02
3.2248471142795568e-02 -7.6190189353134907e-01 -6.8796236349167608e-02
-5.0787717719772496e-03 -7.5188623627449336e-01 1.1242799424950021e-02
-1.8914162743643374e-02 -8.0876133232436043e-01 3.3589761772247907e-02
-5.4987916535677438e-02 -8.4329273747732014e-01 8.1248254780042703e-02
-1.0361373765429033e-01 -8.5647158608678131e-01 1.3936894172619763e-01
-1.4888752350400974e-01 -8.7268962928908311e-01 1.7557402430068400e-01
-2.1123864035635920e-01 -8.6518418825695531e-01 2.5317609652010731e-01
-2.1015931909271748e-01 -8.9976195851910090e-01 1.8995612256318853e-01
-1.5341301503555019e-01 -8.9616052117995815e-01 1.4854347039122029e-01
-1.5000258376126724e-01 -9.2000068574966998e-01 1.1290556085053551e-01
-1.9224162288297070e-01 -9.2938718273531407e-01 1.2492933481063570e-01
-1.5375636292346631e-01 -9.6487609094393156e-01 5.1147034798478111e-02
-1.5483777321516295e-01 -9.7993806037759423e-01 2.9442152258001900e-02
-1.5798460817234766e-01 -1.0253316666061871e+00 -3.7856446697607689e-02
-1.8974796394823434e-01 -1.0549419185967710e+00 -9.6444981603954621e-02
-1.7132581424956014e-01 -1.0980564262674763e+00 -1.5543231120021903e-01
-1.8094428507657606e-01 -1.1415196027053767e+00 -2.3154199570322867e-01
-1.6610579074091919e-01 -1.1850231145355361e+00 -2.7370351562929923e-01
-1.9023423789449656e-01 -1.2366085672847242e+00 -3.8079014789483273e-01
-1.9248926685242501e-01 -1.2882357646479321e+00 -4.4727980902422693e-01
-2.0354943094131603e-01 -1.3471802032820619e+00 -5.2929932833439464e-01
-2.2844192725197318e-01 -1.3980877923421975e+00 -6.2419451236068313e-01
-2.5190617968391898e-01 -1.4553424942416868e+00 -7.0437958261936096e-01
-2.9024846802169163e-01 -1.4827266669235790e+00 -7.8949110942050893e-01
-3.4642161749012379e-01 -1.4827844780906272e+00 -8.8458448699314396e-01
-4.0431923914865092e-01 -1.4776721365994008e+00 -9.5286723426309294e-01
-4.6029562194799867e-01 -1.4920850376351908e+00 -9.9198103617964706e-01
-4.9413029292971711e-01 -1.5257575126806011e+00 -9.9650904369687865e-01
-5.3110373921021703e-01 -1.5744051248900304e+00 -9.6804144627049415e-01
-5.2161903717612701e-01 -1.6321614358948540e+00 -9.1287847667974897e-01
-5.3692724355792532e-01 -1.6784124535678902e+00 -8.4126947262843876e-01
-5.9650799480758554e-01 -1.6677466073513543e+00 -8.2480094248978353e-01
-6.5437075453649673e-01 -1.6884367826886797e+00 -7.3411788156177127e-01
-7.0376094049838533e-01 -1.6658884630960009e+00 -6.9549024357347844e-01
-6.8895145942894109e-01 -1.6166068863239247e+00 -7.7376907416441965e-01
-7.1879297254815278e-01 -1.5642017605171397e+00 -7.5714549000398190e-01
-7.4990213593424815e-01 -1.5134872581759629e+00 -7.0660793858401505e-01
-7.4874411677669728e-01 -1.4901473611401543e+00 -7.0952428560761238e-01
-7.3671832455703801e-01 -1.4493588397444130e+00 -7.2668400981288983e-01
-7.1846373981884515e-01 -1.4332125211520772e+00 -7.5658012547872644e-01
-7.1465908638141495e-01 -1.3748057588309954e+00 -7.2151117240393192e-01
-7.5733087406543531e-01 -1.3394713865048209e+00 -6.0468856202196408e-01
-7.9693186480215594e-01 -1.2969184000853280e+00 -4.7842069961752254e-01
-8.1915728534130783e-01 -1.2403439609170046e+00 -3.6876878432089827e-01
-8.3399640538849151e-01 -1.1842348687384670e+00 -2.7254307661806287e-01
-8.6320012987743922e-01 -1.1385248777842656e+00 -1.7564502939646334e-01
-8.8117164502248635e-01 -1.0862420301453177e+00 -9.7596850697899959e-02
-8.8009250265132355e-01 -1.0402573655213259e+00 -4.6400474273304113e-02
-8.6473872546483621e-01 -9.8128239835775566e-01 2.4233807347153212e-02
-8.8331590073097166e-01 -9.4496027656473913e-01 6.1679656775276891e-02
-9.1556161659776647e-01 -9.2100452624853268e-01 6.4403126339401193e-02
-9.6098216046159191e-01 -9.0510554364462803e-01 3.5906262661269894e-02
-9.5480698839522737e-01 -8.3834380205070957e-01 6.8794217807173291e-02
-9.0266206266824589e-01 -8.3371370631596398e-01 1.5023277806083890e-01
-8.7845934160778494e-01 -7.8529826722588070e-01 2.3271906530269573e-01
-8.6474088877685262e-01 -7.3326891168644115e-01 3.0640420359387305e-01
-8.7591460639230734e-01 -6.7954739585575341e-01 3.2113720436012150e-01
-8.5975391605705931e-01 -6.3935883882637556e-01 3.8622500331073201e-01
-8.4439152342948176e-01 -5.9382666671722228e-01 4.4932658648273793e-01
-7.9635474884954682e-01 -5.7111322330141434e-01 5.8208633753807082e-01
-7.6349220315494892e-01 -5.2719831762994174e-01 6.7395919646352587e-01
-7.6172488753037348e-01 -4.7352463623459656e-01 6.7819602083234221e-01
-7.4616223030622741e-01 -4.2259812031435978e-01 6.9449127216105488e-01
-7.6475198551322676e-01 -3.7172630569229081e-01 6.1960748139991895e-01
-7.8783797923215515e-01 -3.2299547639023390e-01 5.2509168827217712e-01
-7.5499560368286189e-01 -3.0540816346598149e-01 5.6984778606082032e-01
-7.2405987030206798e-01 -2.6318431949483367e-01 5.6085654545140085e-01
-7.0567536949167542e-01 -2.1132170630899383e-01 4.9195062169824028e-01
-7.3481546975626111e-01 -1.6577198970473456e-01 3.6821764275473556e-01
-7.7737781256502514e-01 -1.3359984885602863e-01 2.6233862010089964e-01
-8.1415940638391571e-01 -1.0168776153037072e-01 1.7313359179254958e-01
-8.0448603568501997e-01 -4.6969447559762602e-02 8.4808813315211673e-02
-7.9417222067003135e-01 7.6249642515525771e-03 -1.4277007124776466e-02
-8.0941904936503772e-01 6.0008093871759684e-02 -1.0545872666626972e-01
-8.2537800452069254e-01 1.1094039953223418e-01 -1.7795328773442498e-01
-8.2481573302902889e-01 1.6471790275313297e-01 -2.5862037440625962e-01
-8.0887873740110583e-01 2.1199674949416827e-01 -3.4900311521837907e-01
-8.3642864294192498e-01 2.6022085482962126e-01 -3.5855317959944771e-01
-8.0890297307029169e-01 3.0629704456523660e-01 -4.6354579420604791e-01
-7.9622965248811362e-01 3.5386871195076192e-01 -5.3555693252423575e-01
-7.6203543685373720e-01 3.9715105388771632e-01 -6.4478845918345662e-01
-7.2157435424584360e-01 4.3368673160041421e-01 -7.5085732788510406e-01
-6.6862166583147520e-01 4.4639961104390369e-01 -8.5080532195825287e-01
-6.1370606264414052e-01 4.3798460711138626e-01 -9.1917560390645592e-01
-5.5940495689366365e-01 4.2734031127164296e-01 -9.5709940577602959e-01
-5.2265039095181554e-01 4.6539294931451125e-01 -9.9144412587993214e-01
-5.1071202335396781e-01 5.1748964805865849e-01 -9.9777538967887947e-01
-5.1791929924676872e-01 5.7230810887294614e-01 -9.7265312075777377e-01
-5.6695062813833741e-01 5.9498732141699684e-01 -9.3473740038878983e-01
-5.4845019101673165e-01 6.3536716354495704e-01 -9.0039440250584624e-01
-5.1399359189065441e-01 6.7891317331404433e-01 -8.4531567322462253e-01
-4.8193557372506218e-01 7.2346260874921309e-01 -7.6227269636663819e-01
-4.5545973902477815e-01 7.6924993525970398e-01 -6.5657340880244053e-01
-4.5541070763633923e-01 8.2445172570360004e-01 -5.1887591224102925e-01
-4.4268652419752186e-01 8.7783038699350036e-01 -3.6847262108779627e-01
-4.4485957607756915e-01 9.3120547180535385e-01 -2.1133163349849934e-01
-4.1822518413801363e-01 9.5646014442587324e-01 -1.3195566956773855e-01
-3.6522927399994681e-01 9.7002354285598680e-01 -8.5699472507173538e-02
-3.1543073478343092e-01 9.9438269877131291e-01 -1.4543024883087568e-02
-3.1475166963071011e-01 1.0460668971223974e+00 1.2056906741223532e-01
-2.8205194739751777e-01 1.0842312793914846e+00 2.0273876171797861e-01
-2.4658287336988324e-01 1.1269036632223011e+00 2.7168877709372768e-01
-2.0751857422612227e-01 1.1656749968365001e+00 3.0188442155447626e-01
-1.6726993590519976e-01 1.2000934430299506e+00 2.9517095578520830e-01
-1.6950227615538019e-01 1.2547770043776620e+00 3.6436527446877370e-01
-2.0479413489347373e-01 1.2975940565057325e+00 4.8263545565895721e-01
-1.5802550576075217e-01 1.3199831398387492e+00 4.0208610485227692e-01
-1.3159146496375071e-01 1.3683501763685315e+00 3.6778317832114882e-01
-9.9655787410558153e-02 1.4099503775643532e+00 2.9566832886677175e-01
-5.0726402299736954e-02 1.4357989450084394e+00 1.5545136682442748e-01
1.6998382070071601e-05 1.4252213861014620e+00 -1.4294397247156413e-05
5.1563279897951356e-02 1.4099910706740550e+00 -1.5472212037106503e-01
8.5385311476475823e-02 1.4533034598833376e+00 -2.6210537814413354e-01
9.9992888818002654e-02 1.5036456849892608e+00 -3.0892519167320520e-01
1.0297062751008243e-01 1.5541211460169324e+00 -3.1328574802086145e-01
1.5378740112194664e-01 1.5417746378236621e+00 -4.6054175634473710e-01
2.0921544923674107e-01 1.5422300786373617e+00 -6.0560800988122432e-01
2.6275792065008197e-01 1.5273059026668776e+00 -7.3226296448471140e-01
3.1625593088418180e-01 1.5122130129948039e+00 -8.3755300471487093e-01
3.6897479389885635e-01 1.5110976446673823e+00 -9.1621586626799634e-01
4.1394592244040651e-01 1.5433748673334269e+00 -9.5494802701412618e-01
4.1208939885206819e-01 1.5877399107032804e+00 -9.2575016286512934e-01
4.3645395716970298e-01 1.6368681328740202e+00 -8.9074936666495397e-01
4.4543377360259412e-01 1.6768063991043836e+00 -8.3705672791505359e-01
4.8280257956359224e-01 1.6479460561185004e+00 -8.9246428321235716e-01
5.3094261513516317e-01 1.6242224198169042e+00 -9.2027824277788217e-01
5.7116563691577238e-01 1.5881007512001928e+00 -9.3792999521171960e-01
6.1598241050775271e-01 1.5628213727249247e+00 -9.1625409871991126e-01
6.6204855191418277e-01 1.5402363308263449e+00 -8.6637032531454494e-01
7.1418101136544421e-01 1.5277111995647128e+00 -7.7921331096108826e-01
7.6710713538385411e-01 1.5155009410807405e+00 -6.6743285673446751e-01
8.1631722842874321e-01 1.4920797185064001e+00 -5.4551224965235734e-01
8.4281149179748738e-01 1.4476821885437963e+00 -4.6766790528142632e-01
8.8655861885423082e-01 1.4208073925467091e+00 -3.3817464792777369e-01
8.7544389524247057e-01 1.3682612762510105e+00 -3.4916688991724720e-01
8.6445733234272026e-01 1.3179917511435166e+00 -3.4735961986409697e-01
8.9153283493560642e-01 1.2779421661928274e+00 -2.5606374377900731e-01
8.8878655309567023e-01 1.2573694812549987e+00 -2.4751211025247083e-01
8.9992837230319589e-01 1.2059560419115989e+00 -1.8630514827360362e-01
9.3446020191546297e-01 1.1636502101896065e+00 -1.0040556034445249e-01
9.3790051048353285e-01 1.1144285534438760e+00 -6.8120450213940101e-02
9.0999208054888336e-01 1.0712643224250631e+00 -6.1930924409455967e-02
9.0196367618860662e-01 1.0185603487983368e+00 -1.7703763187188942e-02
9.2399589403809124e-01 9.6984764111013333e-01 2.2308724470046590e-02
9.5984448124642274e-01 9.3218883996628255e-01 2.6548990575339545e-02
9.3207165523940827e-01 9.2320210276242121e-01 5.0531033102318476e-02
8.7815055107255369e-01 9.2038263790415498e-01 9.2392873390929386e-02
8.2659050229136088e-01 9.3434239471433789e-01 1.0608022766586640e-01
7.8393521843471559e-01 9.3679793690890778e-01 1.2378631480771303e-01
7.3453316026407123e-01 9.3007084362111803e-01 1.6135205266056760e-01
6.9767611235456439e-01 9.0058897536060178e-01 2.4987717706527796e-01
6.6626300470191335e-01 8.7855835458151377e-01 3.2269148705814105e-01
6.1732609745949096e-01 8.8855385843867918e-01 3.1979055180203264e-01
6.3072460191115698e-01 8.4103704143180491e-01 4.3908946836531115e-01
5.9537709656389193e-01 8.2203343158389608e-01 5.0676857115118790e-01
5.6271234198554410e-01 7.8287944441677881e-01 6.1822474800232163e-01
5.7243146049035465e-01 7.3245010230353136e-01 7.2584885273305710e-01
5.3511130218102831e-01 6.9452666074374214e-01 8.1410012959934386e-01
4.9545230512810245e-01 6.6249630525343461e-01 8.7241188506816625e-01
5.1740498460037221e-01 6.1603124819820620e-01 9.3294580417334583e-01
5.5000084048870568e-01 5.7397951445863393e-01 9.6109985988464275e-01
5.4328496329916864e-01 5.4317491445397326e-01 9.8166962581962514e-01
5.0395513586479124e-01 5.0691585438840492e-01 9.9972490370538836e-01
4.7905661801681476e-01 4.5960305283978753e-01 9.8986684830017391e-01
4.4255988982066297e-01 4.2749977565967789e-01 9.5845729114732203e-01
3.9691216646771849e-01 4.0460261815413384e-01 9.0587135598408064e-01
3.5302491887248727e-01 3.8262098844731884e-01 8.3514123246979421e-01
3.1025481577655006e-01 3.4891976940927966e-01 7.3608554207578503e-01
2.6114129949164533e-01 3.5458805486397305e-01 6.5632686086986824e-01
2.2845221059832707e-01 3.1507116363839521e-01 5.4964596140425936e-01
1.9390888157191408e-01 2.9312782361644479e-01 4.5543805037955687e-01
1.4294550527842428e-01 2.7492633945076728e-01 3.2996484768910178e-01
1.0925220257842520e-01 2.3643238697073701e-01 2.2756135205941591e-01
6.6473686866279927e-02 2.0593682548163986e-01 1.2496172323996020e-01
5.1882594167237978e-02 2.0533100562850432e-01 9.7566110739548073e-02
1.3844079860784300e-02 2.3602742782034652e-01 2.9359799039618325e-02
-1.1936007092907409e-02 1.9158638866662242e-01 -2.1189426053619717e-02
1.4526787389785994e-02 1.4826038997348834e-01 2.0515087592897604e-02
1.8737098876018432e-02 1.0028219570914348e-01 1.8237781279162875e-02
-3.1843378027212703e-02 9.9213342159719511e-02 -3.0585559739377034e-02
-6.7009400631031960e-02 6.4599998491799399e-02 -4.2053389047461080e-02
-5.4903469431831053e-02 1.3718198849104961e-02 -7.3751825942538988e-03
-5.2039729497563789e-02 -3.3644568837672806e-02 1.7171332062876386e-02
-7.1397486972884297e-02 -8.3566262647943243e-02 5.7683837584094198e-02
-1.0280014277143036e-01 -1.1600657324728073e-01 1.1308251158547973e-01
-1.0903216886582137e-01 -1.6850892521774041e-01 1.6958731640347885e-01
-9.9880204947875528e-02 -2.1841516018794188e-01 1.9549512911001510e-01
-9.3535561643324175e-02 -2.7180905265677890e-01 2.1832985037719946e-01
-9.1223341828708449e-02 -3.2574378859161557e-01 2.4138347908871785e-01
-9.1256334205890841e-02 -3.7154209203562966e-01 2.6018142425540747e-01
-5.3641092200903649e-02 -4.0278611316866403e-01 1.6000881354289478e-01
-1.1691948300135622e-02 -4.3123375016298915e-01 3.5887095076647391e-02
3.5982424394838709e-02 -4.2892274887875270e-01 -1.1002006266773331e-01
7.1118027222538141e-02 -4.6667275685314685e-01 -2.2039416274890997e-01
1.0214537940038543e-01 -4.9938164817061548e-01 -3.1536847083745168e-01
1.3266048534772901e-01 -5.4267271158016450e-01 -4.0113026588571982e-01
1.6809374824040391e-01 -5.6553525745374844e-01 -4.9315104379776598e-01
1.4460440072782002e-01 -6.0330591346588369e-01 -4.1594487837923000e-01
1.2058026016101021e-01 -6.4544793526062705e-01 -3.3194505112492728e-01
6.9633436197940504e-02 -6.5997465313858872e-01 -1.9020070585994439e-01
4.3151722024779959e-02 -7.0453420835760627e-01 -1.0820199895570079e-01
7.8386959761630043e-02 -7.3959620876749710e-01 -1.7796832762461401e-01
4.3219803268340698e-02 -7.5644576649402495e-01 -9.3776608080994264e-02
1.6416549614878811e-03 -7.2500885898719070e-01 -3.8473703600666698e-03
-2.3538296168973374e-02 -7.6856255862712108e-01 4.9179251522691494e-02
-4.7496594887833830e-02 -8.1276329768943700e-01 8.2546761435841706e-02
-8.6421634883572185e-02 -8.2771223001669758e-01 1.3823183402455405e-01
-1.2563697082357195e-01 -8.6299027517223525e-01 1.6047297521108864e-01
-1.8045693362019216e-01 -8.5508174818874738e-01 2.3619365334115666e-01
-2.3279805884793889e-01 -8.6267163248076817e-01 2.7931933221190508e-01
-2.2949728309416439e-01 -9.1003881202963144e-01 1.8404112179389215e-01
-1.9947268051577746e-01 -9.3901084913500665e-01 1.1162642679914429e-01
-1.7224151244273112e-01 -9.7449389387255614e-01 4.1207799081378116e-02
-1.7523542407495946e-01 -1.0186558156838361e+00 -3.0660352651992209e-02
-2.0725596213462461e-01 -1.0591397444915223e+00 -1.1205650392971643e-01
-1.9105709759812606e-01 -1.1080390984259991e+00 -1.8809534769548200e-01
-1.8842745016941156e-01 -1.1610599514930577e+00 -2.7045984209899698e-01
-1.9026672375087048e-01 -1.1999595249689989e+00 -3.3074437407750462e-01
-1.9982500761744351e-01 -1.2514668978014603e+00 -4.1720824978645710e-01
-2.0464908066145984e-01 -1.3037769310210570e+00 -4.8913427290998057e-01
-2.1969781829651508e-01 -1.3553727200357011e+00 -5.7204702754153725e-01
-2.4469324374871090e-01 -1.4030256016754008e+00 -6.6314744156238137e-01
-2.6406832821333120e-01 -1.4544786575148609e+00 -7.3016709562831583e-01
-3.0460903414818430e-01 -1.4621733498713723e+00 -8.1169599276954396e-01
-3.5725499518291587e-01 -1.4689654872148254e+00 -8.9693891561103622e-01
-4.1012511659134909e-01 -1.4671460505960965e+00 -9.5539280072675747e-01
-4.6272174781144487e-01 -1.4762255833265847e+00 -9.9047170590598477e-01
-5.0003784192721212e-01 -1.5122061264557598e+00 -9.9919566896556111e-01
-5.3510677797963435e-01 -1.5538234950958536e+00 -9.7953469664658277e-01
-5.4702499047820197e-01 -1.6073265992489782e+00 -9.3318476940214601e-01
-5.3071741282842666e-01 -1.6543696175620899e+00 -8.8046612220514842e-01
-5.7697797371882087e-01 -1.6541220112649635e+00 -8.5909164942318605e-01
-6.3010716650983334e-01 -1.6655924215233120e+00 -7.9604532044563947e-01
-6.8210117330567777e-01 -1.6694769899106510e+00 -7.2430802670048722e-01
-6.7958796403832433e-01 -1.6309256472779783e+00 -7.7434948168657669e-01
-6.9673350793092748e-01 -1.5826581423515880e+00 -7.8743761586192418e-01
-7.2465549747132130e-01 -1.5362248289432807e+00 -7.5597542114910543e-01
-7.2584767934710170e-01 -1.4969392784387903e+00 -7.5849609221115499e-01
-7.2029957785525134e-01 -1.4486703836996038e+00 -7.5985548487762433e-01
-6.9419886907351003e-01 -1.4026183344475931e+00 -7.8152610194762018e-01
-7.1750421116450647e-01 -1.3547424798060648e+00 -6.9627284074198370e-01
-7.5082362211555820e-01 -1.3186521204001853e+00 -5.9401953257023288e-01
-7.8640971980605123e-01 -1.2808386858063880e+00 -4.8023175453219674e-01
-8.0672203575599433e-01 -1.2310282727297173e+00 -3.7877182844260510e-01
-8.2263692952122791e-01 -1.1790494235029150e+00 -2.8208187099077525e-01
-8.5032560508968780e-01 -1.1373277813678608e+00 -1.8944870675952996e-01
-8.6793910370007432e-01 -1.0883441757807379e+00 -1.1042301308382979e-01
-8.6735776353628524e-01 -1.0363523375118830e+00 -4.6116946056565543e-02
-8.5232597044838565e-01 -9.8382936211955552e-01 2.2730166493698269e-02
-8.6398056534830558e-01 -9.3408943963234115e-01 8.5228409513358569e-02
-9.0621516557819271e-01 -9.0968076322777758e-01 8.1308186083642403e-02
-9.4507018378644569e-01 -8.9108945695227904e-01 5.7566029039285135e-02
-9.3826605670055385e-01 -8.5897647718154613e-01 8.2583087801839955e-02
-8.9024565093504104e-01 -8.4228083963658884e-01 1.6074431755370563e-01
-8.6865902619114455e-01 -7.9626288244072885e-01 2.3952172120648463e-01
-8.5418384888006404e-01 -7.4804947046319292e-01 3.1459799831154223e-01
-8.5391555106637351e-01 -6.9702221755869864e-01 3.6076007227930607e-01
-8.5246537198327332e-01 -6.5231765518128904e-01 3.9680415189140023e-01
-8.3266542294040002e-01 -6.0827468046059219e-01 4.7298770327269529e-01
-7.8855555658659748e-01 -5.8326505048029509e-01 5.9537067646200958e-01
-7.5523694326904056e-01 -5.4399886796883290e-01 6.8860116518733572e-01
-7.4152169985552885e-01 -4.9434258200376685e-01 7.2547346729842266e-01
-7.3207381955947348e-01 -4.4654993163767970e-01 7.3522317053391517e-01
-7.3720113313157831e-01 -3.9557860638894476e-01 6.9571689400628189e-01
-7.6240209425208527e-01 -3.5096452523973409e-01 6.0592314608299025e-01
-7.5384651943209180e-01 -3.1986820206856936e-01 5.8957815403749680e-01
-7.1996781872827420e-01 -2.8509684074977276e-01 6.0144898470001373e-01
-6.9720836449035539e-01 -2.3942120290036492e-01 5.5618587492908089e-01
-6.9646856749629305e-01 -1.8906794383602751e-01 4.5640544746933570e-01
-7.3023981691231743e-01 -1.4973864396968334e-01 3.3979365481761914e-01
-7.7048574225196520e-01 -1.1927722162861355e-01 2.4165553874153300e-01
-7.9698244349379144e-01 -8.8038408157239789e-02 1.6263341559533404e-01
-7.8783864180162011e-01 -3.6969222040125788e-02 7.1786565458820964e-02
-7.7888072148813992e-01 1.4106799480559064e-02 -2.8098625571844310e-02
-7.9486069003470650e-01 6.3040147470728183e-02 -1.1794416685717822e-01
-8.1026007117788490e-01 1.1064731381462761e-01 -1.9103106855332874e-01
-8.0843249119770544e-01 1.6130777849818675e-01 -2.7460423996076710e-01
-7.9133188700631163e-01 2.0683057934371393e-01 -3.6865339331358199e-01
-8.1535984647474535e-01 2.5263300901963387e-01 -3.9071400605124229e-01
-7.9815593226498160e-01 2.9636006338062443e-01 -4.7532082795591413e-01
-7.8621463868601627e-01 3.4276957056136037e-01 -5.4796057272812437e-01
-7.5457810183270158e-01 3.8347953610769148e-01 -6.5082334999429969e-01
-7.1816091766667767e-01 4.1929021869404909e-01 -7.4957705292266030e-01
-6.6884747529509270e-01 4.3183411755479578e-01 -8.4300129449145333e-01
-6.1754201850669121e-01 4.2405585785959504e-01 -9.0622529919166739e-01
-5.6697641361621953e-01 4.1267510714487182e-01 -9.4132318789754477e-01
-5.2399116628138209e-01 4.3579459758100919e-01 -9.7677571908086991e-01
-4.9751743909731805e-01 4.8034977650539762e-01 -9.9779153941039311e-01
-4.9805136537748323e-01 5.3173415419734649e-01 -9.9476351444156996e-01
-5.0710007210248875e-01 5.8214097568422296e-01 -9.6647597559619558e-01
-5.5188834340234816e-01 6.0538796071989986e-01 -9.3313594947057765e-01
-5.2214456490225036e-01 6.4581700682126908e-01 -8.9468863855369518e-01
-4.8911725697345598e-01 6.8577921696372302e-01 -8.3390523286022800e-01
-4.6537458870972637e-01 7.3072751875079611e-01 -7.4411224891914529e-01
-4.4051540334116301e-01 7.7344195500402879e-01 -6.4173882078034483e-01
-4.4079306159253628e-01 8.2507757452412833e-01 -5.1333784157998230e-01
-4.2789126352367124e-01 8.7461918331533595e-01 -3.7408438720791720e-01
-4.2928311649462669e-01 9.2476168242651624e-01 -2.2855190105246395e-01
-3.9654994315338743e-01 9.4318109206424738e-01 -1.6834860126025350e-01
-3.4852287803793408e-01 9.6183950471985968e-01 -1.0619743804100354e-01
-3.0299334017861407e-01 9.8615482610109939e-01 -3.5056525921894399e-02
-2.9607203786492098e-01 1.0348069240204123e+00 8.7736837503408049e-02
-2.7247515256575761e-01 1.0726951521927564e+00 1.7124732389635694e-01
-2.3938428930697273e-01 1.1126081478756888e+00 2.3693464643118284e-01
-2.0429656226579301e-01 1.1502625977490657e+00 2.7249176460499186e-01
-1.6098422714123969e-01 1.1782248346776902e+00 2.5764993789643642e-01
-1.5061582737584492e-01 1.2281379282314098e+00 2.9954250374633823e-01
-1.6747321969624307e-01 1.2754612611055851e+00 3.8230035072664303e-01
-1.4852009364921143e-01 1.3086135945251980e+00 3.7088244228959627e-01
-1.2218591315745758e-01 1.3529121869996215e+00 3.3512969140516935e-01
-9.6352109201136044e-02 1.3956297816323260e+00 2.8210427870639515e-01
-4.9850754325337102e-02 1.4185154806776581e+00 1.5084742986574692e-01
-2.4911943184747418e-03 1.4100866007340882e+00 7.5945469470315883e-03
4.5936152410706040e-02 1.3940273032254800e+00 -1.3570734225643213e-01
8.3883785625413224e-02 1.4259050516493752e+00 -2.5329815852073595e-01
1.1294203600866608e-01 1.4688135864800316e+00 -3.4563213644967289e-01
1.1299844568452529e-01 1.5196944343584966e+00 -3.4686448739769038e-01
1.3671617120782237e-01 1.5297918955032019e+00 -4.1455118707741995e-01
1.8835185895257886e-01 1.5278807447771332e+00 -5.5566039918957200e-01
2.3889536789448715e-01 1.5192764537924224e+00 -6.8086735543218535e-01
2.8884282352872725e-01 1.5051942524678883e+00 -7.8807898404437271e-01
3.3874305060900844e-01 1.4909512669054645e+00 -8.7452051478914661e-01
3.8578269224348460e-01 1.5061265719654662e+00 -9.3663349556049746e-01
4.2709457696707326e-01 1.5369580918302030e+00 -9.6762077367050037e-01
4.2769963411268636e-01 1.5853862455003214e+00 -9.3938907052802212e-01
4.5071253622879021e-01 1.6314126770864603e+00 -9.0476847897435941e-01
4.6471953064047500e-01 1.6475860047255728e+00 -8.8869950443371992e-01
5.0610405639335942e-01 1.6207381351917935e+00 -9.2854214023216497e-01
5.4877758145540378e-01 1.5924045427106290e+00 -9.4679674640606892e-01
5.9141874136450501e-01 1.5673148868587168e+00 -9.3768624259916855e-01
6.3504673237717868e-01 1.5443290467946664e+00 -9.0267773828873110e-01
6.7747127612857183e-01 1.5190515313510458e+00 -8.4733932547211421e-01
7.2765865067705349e-01 1.5102174808767308e+00 -7.5481289285604924e-01
7.7689655625779364e-01 1.4961865115239401e+00 -6.4504246877428295e-01
8.1130530830444714e-01 1.4642272703708223e+00 -5.5530201078482766e-01
8.4764355108778211e-01 1.4322897796467986e+00 -4.5026353019928722e-01
8.6099480522909932e-01 1.3902438892580373e+00 -3.9809438267973302e-01
8.6103675685065084e-01 1.3392192287206117e+00 -3.7001445668180644e-01
8.5175257622102751e-01 1.2911847319228811e+00 -3.5590425132521403e-01
8.7357619166954426e-01 1.2516744491216432e+00 -2.7487720916200314e-01
8.8321456963358880e-01 1.2022612743454084e+00 -2.1280418450898245e-01
9.1501043811276794e-01 1.1619021310433628e+00 -1.2834605032833241e-01
9.2301387329946216e-01 1.1155888861223948e+00 -8.4984837525780663e-02
8.9441893471754030e-01 1.0756214059066460e+00 -7.6639486188946671e-02
8.8812538308870381e-01 1.0254870183080276e+00 -2.7598894386817570e-02
8.9930204663039970e-01 9.7594010628738359e-01 2.3395085722722513e-02
9.3566655231702056e-01 9.4162099466629290e-01 3.6525078807172602e-02
8.9408223912442852e-01 9.3383229023206682e-01 6.7292591580287497e-02
8.4547121346186793e-01 9.4675055774555106e-01 7.7591436318932644e-02
7.9764419326445146e-01 9.4540368562605182e-01 1.0125061927216213e-01
7.4863784137636114e-01 9.5042364562844750e-01 1.1003810923143310e-01
7.0074943728553452e-01 9.3755233419343154e-01 1.5728573386787090e-01
6.7862602041449238e-01 8.9196406869366240e-01 2.8185949695701273e-01
6.3516929535553535e-01 9.0964038780173961e-01 2.5497330647469413e-01
5.9749151219410146e-01 8.8047939772885597e-01 3.4940162070246078e-01
6.0944218696243069e-01 8.3595103804220627e-01 4.6401208660244270e-01
5.6267455060366556e-01 8.1893891253280493e-01 5.2810633106680271e-01
5.5021526872880167e-01 7.7159748609850431e-01 6.4938484654587858e-01
5.5030613912065196e-01 7.2617336951546041e-01 7.4866275330379251e-01
5.1112295557861065e-01 6.9507954160580765e-01 8.1755622208903078e-01
4.7980057337054383e-01 6.5741145488705111e-01 8.7839563127927534e-01
5.0311512355189580e-01 6.1316573766664673e-01 9.3748971612538201e-01
5.2935023593396835e-01 5.6956615080349215e-01 9.7208412457858051e-01
5.2100281473037824e-01 5.3900573698133525e-01 9.9035738850942001e-01
4.8207255250282033e-01 5.0650030287540238e-01 9.9825456099367516e-01
4.6127695182704409e-01 4.6017308882542202e-01 9.8493744805258998e-01
4.2041855022102886e-01 4.3702231925070067e-01 9.5013826261100032e-01
3.7999940044361269e-01 4.0689069148451074e-01 8.9039278748763728e-01
3.3552501960611580e-01 3.8666828685537602e-01 8.1495266651343479e-01
2.9413123153069382e-01 3.7471705600703814e-01 7.3697661202140896e-01
2.4766175033287793e-01 3.6081465952930292e-01 6.3568129761838232e-01
2.1540980779216121e-01 3.2219690688426483e-01 5.3088256518724652e-01
1.7373765946917175e-01 3.0461914858905248e-01 4.2416070729296046e-01
1.2892782012137358e-01 2.8093050409784343e-01 3.0420640820659700e-01
9.3611332400911143e-02 2.4547360354463077e-01 2.0195199077661039e-01
5.4739946578640689e-02 2.3273402056585854e-01 1.1422709046341234e-01
1.0141102454993070e-02 2.5002383660257671e-01 2.2506263498074441e-02
-2.4592276814184601e-02 2.1328385769485306e-01 -4.7881006751787095e-02
-1.2388440749066736e-02 1.6609025442864689e-01 -1.9332896165106816e-02
-2.5248744120528670e-03 1.2176762310562594e-01 -2.9136629473974812e-03
-3.9937239158102981e-02 1.1200981258206437e-01 -4.3054276546707064e-02
-7.9526342196522035e-02 8.2370432603896732e-02 -6.3161965748165502e-02
-8.0154572076218927e-02 3.1640058533401336e-02 -2.4658842461939168e-02
-5.9667633598308657e-02 -1.1517502094100037e-02 6.7435184834141269e-03
-8.1001086623070678e-02 -5.7835403318381710e-02 4.5447639432370741e-02
-1.0848418172008059e-01 -9.5968060935884628e-02 9.9211937633849695e-02
-1.2510651539181347e-01 -1.4398181637439086e-01 1.6735741259067097e-01
-1.1957737123599955e-01 -1.9378455639629144e-01 2.0975997103357727e-01
-1.1287568121914517e-01 -2.4428411674274500e-01 2.4102973662831897e-01
-1.1036345855258013e-01 -2.9531963839890674e-01 2.7197335284395641e-01
-9.5662415482385618e-02 -3.4275254204440803e-01 2.6070260990760430e-01
-1.0225527030296383e-01 -3.9144322931946607e-01 2.9781621963059096e-01
-5.9231321163019456e-02 -4.1617390009311989e-01 1.7875198294952643e-01
-1.9001406160287664e-02 -4.4434519000507011e-01 5.8805011570640428e-02
2.9630748410633598e-02 -4.5324807443290249e-01 -9.1991926678611946e-02
6.3169051040209825e-02 -4.8276620127690895e-01 -1.9689557624079559e-01
9.3077200027273835e-02 -5.1950960268032009e-01 -2.8770354008208049e-01
1.2746494181252457e-01 -5.5665545563496588e-01 -3.8364485813941351e-01
1.4053142824327364e-01 -5.7958719339630571e-01 -4.1399427810025596e-01
1.2338696457203165e-01 -6.2629067438495389e-01 -3.4872787195564781e-01
7.6496927898468806e-02 -6.4378903403171894e-01 -2.1419967630063022e-01
3.6176454691123669e-02 -6.7304867250763734e-01 -9.7018602694090447e-02
3.3454099882989440e-02 -7.2233400773570278e-01 -8.0339909069006316e-02
-6.9607313637411444e-03 -7.1215848531470272e-01 1.7326974696162033e-02
-3.2700862129906715e-02 -7.5254562639826117e-01 7.2071531121185320e-02
-5.3894395952187507e-02 -7.9541614460214305e-01 1.0111306373350669e-01
-8.9741004388326009e-02 -8.1368244531901168e-01 1.5382581343315399e-01
-1.2840915864043009e-01 -8.4508628983413103e-01 1.8367398590486231e-01
-1.7813795332435897e-01 -8.4079677524892316e-01 2.5470131175950234e-01
-2.2933178811238814e-01 -8.4208750828565948e-01 3.1413047068560246e-01
-2.5747086806862690e-01 -8.8258553530752160e-01 2.6082513568244281e-01
-2.3277838296006298e-01 -9.2477519683700760e-01 1.5625912229364577e-01
-1.9645964058320664e-01 -9.5701936212716920e-01 7.7835539335210771e-02
-1.9111752009967761e-01 -1.0010021596687790e+00 -1.8635580708843845e-03
-2.1438279145925729e-01 -1.0417711550994957e+00 -8.1792430086362167e-02
-2.1669011946156544e-01 -1.0905769522860624e+00 -1.7684331915389709e-01
-2.0833165236869472e-01 -1.1382312141505435e+00 -2.5623743790547149e-01
-1.9897631895128284e-01 -1.1854550867358264e+00 -3.2200961265018935e-01
-2.1630428659600018e-01 -1.2323548592967892e+00 -4.1905768719533670e-01
-2.1834023253609286e-01 -1.2828974063444278e+00 -4.9162123254676010e-01
-2.2729373469921399e-01 -1.3329538236561331e+00 -5.6667680335998571e-01
-2.5080475087909432e-01 -1.3778960382149257e+00 -6.5723438921584487e-01
-2.7092273642020831e-01 -1.4250878506774380e+00 -7.3123662185727145e-01
-2.9587535845526075e-01 -1.4502047617160059e+00 -7.9155674878614868e-01
-3.4543861820339522e-01 -1.4548031630140841e+00 -8.7560053223095613e-01
-3.9561782730035655e-01 -1.4506013973734968e+00 -9.3545968169614024e-01
-4.4564133439067666e-01 -1.4581185489000179e+00 -9.7705761725373297e-01
-4.8582145989035974e-01 -1.4843788190555500e+00 -9.9784431378646377e-01
-5.2495009120531377e-01 -1.5164061573389715e+00 -9.9541551979778586e-01
-5.5341359207959195e-01 -1.5591721704111021e+00 -9.6856907500858613e-01
-5.6119390103657751e-01 -1.6099029321511278e+00 -9.2328473719227855e-01
-5.5634359224913565e-01 -1.6408959963319087e+00 -8.8928080319425673e-01
-6.0780621199939067e-01 -1.6422776700473596e+00 -8.5017781311126528e-01
-6.5631044447957665e-01 -1.6594911342100023e+00 -7.7324659759735026e-01
-6.6465841218843269e-01 -1.6308425507933988e+00 -7.9645856739923160e-01
-6.7674281323913899e-01 -1.5829967382184427e+00 -8.2059719604651182e-01
-7.0524743176319749e-01 -1.5410440057737607e+00 -7.9225509491439061e-01
-7.0832286037208092e-01 -1.4995652883428359e+00 -7.9308841833663901e-01
-6.9921918405468286e-01 -1.4512976811977094e+00 -8.0079680469675973e-01
-6.7989268596730579e-01 -1.4042846793656043e+00 -8.0660757649840520e-01
-6.9526969765471125e-01 -1.3557812585678979e+00 -7.3537041554129967e-01
-7.3244202002380954e-01 -1.3252742095912484e+00 -6.3577632866082845e-01
-7.6443135198679268e-01 -1.2858320357817605e+00 -5.2756402759874332e-01
-7.9064285688500191e-01 -1.2434832590074221e+00 -4.2346255314508413e-01
-8.0285705872821811e-01 -1.1936526690828269e+00 -3.3190634788455314e-01
-8.2505675339159357e-01 -1.1480029241615726e+00 -2.3426757076971813e-01
-8.4920641461698276e-01 -1.1050955183108635e+00 -1.4789158653091844e-01
-8.5640012665315579e-01 -1.0561097576464635e+00 -7.6445047184227691e-02
-8.4474428088966047e-01 -1.0061170762023517e+00 -9.0060148748053719e-03
-8.3870638264521180e-01 -9.5625638508872413e-01 6.6494469294112707e-02
-8.6669291453463415e-01 -9.1768352697259437e-01 1.0403438026273938e-01
-9.0834017069617445e-01 -8.9021943227914557e-01 9.6017263377692161e-02
-8.6004794522217898e-01 -8.3106046853737237e-01 2.1548345196662147e-01
-7.8182983374380399e-01 -1.2462242002461648e+00 -4.4243026416624143e-01
-7.8182983374380399e-01 -1.1078362896765674e+00 -2.1057324070608716e-01
-7.8182983374380399e-01 -9.6944837910696979e-01 6.0579745975961878e-02
-7.8182983374380399e-01 -8.3106046853737237e-01 3.2025582324725682e-01
-7.8182983374380399e-01 -6.9267255796777483e-01 5.2025686777054991e-01
-7.8182983374380399e-01 1.3765490544981018e-01 -2.6496124548505656e-01
-7.8182983374380399e-01 2.7604281601940772e-01 -4.8264863756004717e-01
-7.0361172226542912e-01 -1.5230000213853598e+00 -7.9984940438673546e-01
-7.0361172226542912e-01 -1.2462242002461648e+00 -5.6104853118867670e-01
-7.0361172226542912e-01 -1.1078362896765674e+00 -2.6703132232008997e-01
-7.0361172226542912e-01 -9.6944837910696979e-01 7.6618263357882507e-02
-7.0361172226542912e-01 -8.3106046853737237e-01 4.0565968525307616e-01
-7.0361172226542912e-01 -6.9267255796777483e-01 6.5924797224155751e-01
-7.0361172226542912e-01 -5.5428464739817729e-01 7.9037787386908842e-01
-7.0361172226542912e-01 -4.1589673682857975e-01 7.7433921265019801e-01
-7.0361172226542912e-01 -2.7750882625898221e-01 6.1406765232070959e-01
-7.0361172226542912e-01 -1.3912091568938467e-01 3.3967887726304458e-01
-7.0361172226542912e-01 -7.3300511978735550e-04 2.2663162943987883e-03
-7.0361172226542912e-01 1.3765490544981018e-01 -3.3578666970957627e-01
-7.0361172226542912e-01 2.7604281601940772e-01 -6.1169888316342236e-01
-7.0361172226542912e-01 4.1443072658900548e-01 -7.7364814870228393e-01
-6.2539361078705413e-01 -1.5230000213853598e+00 -9.2037721270526118e-01
-6.2539361078705413e-01 -1.3846121108157623e+00 -8.6359756355619299e-01
-6.2539361078705413e-01 -1.2462242002461648e+00 -6.4580843406463262e-01
-6.2539361078705413e-01 -1.1078362896765674e+00 -3.0737703502435954e-01
-6.2539361078705413e-01 -9.6944837910696979e-01 8.8012866948418256e-02
-6.2539361078705413e-01 -8.3106046853737237e-01 4.6673711046058852e-01
-6.2539361078705413e-01 -6.9267255796777483e-01 7.5871983604070403e-01
-6.2539361078705413e-01 -5.5428464739817729e-01 9.0960471266307574e-01
-6.2539361078705413e-01 -4.1589673682857975e-01 8.9113834943334613e-01
-6.2539361078705413e-01 -2.7750882625898221e-01 7.0686872746987495e-01
-6.2539361078705413e-01 -1.3912091568938467e-01 3.9113820800632415e-01
-6.2539361078705413e-01 -7.3300511978735550e-04 2.5158139940635316e-03
-6.2539361078705413e-01 1.3765490544981018e-01 -3.8674337348439186e-01
-6.2539361078705413e-01 2.7604281601940772e-01 -7.0407107242532818e-01
-6.2539361078705413e-01 4.1443072658900548e-01 -8.9031423599497406e-01
-5.4717549930867926e-01 -1.5230000213853598e+00 -9.8612397785965789e-01
-5.4717549930867926e-01 -1.3846121108157623e+00 -9.2504429322579296e-01
-5.4717549930867926e-01 -1.2462242002461648e+00 -6.9161679722068126e-01
-5.4717549930867926e-01 -1.1078362896765674e+00 -3.2927927917456451e-01
-5.4717549930867926e-01 -9.6944837910696979e-01 9.4127374433816302e-02
-5.4717549930867926e-01 -8.3106046853737237e-01 4.9992910682520475e-01
-5.4717549930867926e-01 -6.9267255796777483e-01 8.1274365512591740e-01
-5.4717549930867926e-01 -5.5428464739817729e-01 9.7425693647364486e-01
-5.4717549930867926e-01 -4.1589673682857975e-01 9.5452398690884976e-01
-5.4717549930867926e-01 -2.7750882625898221e-01 7.5734656210923679e-01
-5.4717549930867926e-01 -1.3912091568938467e-01 4.1912071154441211e-01
-5.4717549930867926e-01 -7.3300511978735550e-04 2.5275865663261787e-03
-5.4717549930867926e-01 1.3765490544981018e-01 -4.1458505467120016e-01
-5.4717549930867926e-01 2.7604281601940772e-01 -7.5422336951019631e-01
-5.4717549930867926e-01 4.1443072658900548e-01 -9.5341499344038871e-01
-4.6895738783030438e-01 -1.3846121108157623e+00 -9.3076258517316524e-01
-4.6895738783030438e-01 -1.2462242002461648e+00 -6.9579733517811515e-01
-4.6895738783030438e-01 -1.1078362896765674e+00 -3.3144827159734380e-01
-4.6895738783030438e-01 -9.6944837910696979e-01 9.4651140247213217e-02
-4.6895738783030438e-01 -8.3106046853737237e-01 5.0324527134207186e-01
-4.6895738783030438e-01 -6.9267255796777483e-01 8.1806407599350017e-01
-4.6895738783030438e-01 -5.5428464739817729e-01 9.8052100688202304e-01
-4.6895738783030438e-01 -4.1589673682857975e-01 9.6073038937895427e-01
-4.6895738783030438e-01 -2.7750882625898221e-01 7.6237119451526425e-01
-4.6895738783030438e-01 -1.3912091568938467e-01 4.2186509552724250e-01
-4.6895738783030438e-01 -7.3300511978735550e-04 2.4085991917069394e-03
-4.6895738783030438e-01 1.3765490544981018e-01 -4.1743081516203229e-01
-4.6895738783030438e-01 2.7604281601940772e-01 -7.5908014515512634e-01
-4.6895738783030438e-01 4.1443072658900548e-01 -9.5922867702011483e-01
-4.6895738783030438e-01 5.5281863715860280e-01 -9.8117257786538070e-01
-4.6895738783030438e-01 6.9120654772820012e-01 -8.2089149866696531e-01
-3.9073927635192940e-01 -1.3846121108157623e+00 -8.8045999709658518e-01
-3.9073927635192940e-01 -1.2462242002461648e+00 -6.5816659471089589e-01
-3.9073927635192940e-01 -1.1078362896765674e+00 -3.1367852097840765e-01
-3.9073927635192940e-01 -9.6944837910696979e-01 8.9584346058454667e-02
-3.9073927635192940e-01 -8.3106046853737237e-01 4.7639788869355093e-01
-3.9073927635192940e-01 -6.9267255796777483e-01 7.7431285968243002e-01
-3.9073927635192940e-01 -5.5428464739817729e-01 9.2803941865171036e-01
-3.9073927635192940e-01 -4.1589673682857975e-01 9.0934019399822996e-01
-3.9073927635192940e-01 -2.7750882625898221e-01 7.2153888337362737e-01
-3.9073927635192940e-01 -1.3912091568938467e-01 3.9917248821944717e-01
-3.9073927635192940e-01 -7.3300511978735550e-04 2.2323000946513627e-03
-3.9073927635192940e-01 1.3765490544981018e-01 -3.9500377684605059e-01
-3.9073927635192940e-01 2.7604281601940772e-01 -7.1827812692571991e-01
-3.9073927635192940e-01 4.1443072658900548e-01 -9.0751367684919693e-01
-3.9073927635192940e-01 5.5281863715860280e-01 -9.2795844448604881e-01
-3.9073927635192940e-01 6.9120654772820012e-01 -7.7618499855071099e-01
-3.9073927635192940e-01 8.2959445829779788e-01 -4.8023001455863262e-01
-3.1252116487355452e-01 -1.3846121108157623e+00 -7.7730885462160570e-01
-3.1252116487355452e-01 -1.2462242002461648e+00 -5.8102089284145220e-01
-3.1252116487355452e-01 -1.1078362896765674e+00 -2.7693341700787433e-01
-3.1252116487355452e-01 -9.6944837910696979e-01 7.9217940298838663e-02
-3.1252116487355452e-01 -8.3106046853737237e-01 4.2088587689217749e-01
-3.1252116487355452e-01 -6.9267255796777483e-01 6.8404528402044473e-01
-3.1252116487355452e-01 -5.5428464739817729e-01 8.1988587776726596e-01
-3.1252116487355452e-01 -4.1589673682857975e-01 8.0330898441898158e-01
-3.1252116487355452e-01 -2.7750882625898221e-01 6.3722440562688798e-01
-3.1252116487355452e-01 -1.3912091568938467e-01 3.5241916417880559e-01
-3.1252116487355452e-01 -7.3300511978735550e-04 2.0051769629444438e-03
-3.1252116487355452e-01 1.3765490544981018e-01 -3.4868549542933430e-01
-3.1252116487355452e-01 2.7604281601940772e-01 -6.3424076392115347e-01
-3.1252116487355452e-01 4.1443072658900548e-01 -8.0134667717906982e-01
-3.1252116487355452e-01 5.5281863715860280e-01 -8.1910852661007216e-01
-3.1252116487355452e-01 6.9120654772820012e-01 -6.8475038294822099e-01
-3.1252116487355452e-01 8.2959445829779788e-01 -4.2335768940186425e-01
-3.1252116487355452e-01 9.6798236886739519e-01 -8.3148405904725262e-02
-2.3430305339517965e-01 -1.2462242002461648e+00 -4.6904789804751740e-01
-2.3430305339517965e-01 -1.1078362896765674e+00 -2.2339672884237413e-01
-2.3430305339517965e-01 -9.6944837910696979e-01 6.4126257521275751e-02
-2.3430305339517965e-01 -8.3106046853737237e-01 3.3997180287556217e-01
-2.3430305339517965e-01 -6.9267255796777483e-01 5.5260226869089690e-01
-2.3430305339517965e-01 -5.5428464739817729e-01 6.6240080401484114e-01
-2.3430305339517965e-01 -4.1589673682857975e-01 6.4885503257685806e-01
-2.3430305339517965e-01 -2.7750882625898221e-01 5.1446827434666531e-01
-2.3430305339517965e-01 -1.3912091568938467e-01 2.8444585923267057e-01
-2.3430305339517965e-01 -7.3300511978735550e-04 1.6790067472053360e-03
-2.3430305339517965e-01 1.3765490544981018e-01 -2.8137885241190630e-01
-2.3430305339517965e-01 2.7604281601940772e-01 -5.1204830848639882e-01
-2.3430305339517965e-01 4.1443072658900548e-01 -6.4708565105206783e-01
-2.3430305339517965e-01 5.5281863715860280e-01 -6.6127864807024661e-01
-2.3430305339517965e-01 6.9120654772820012e-01 -5.5238320687395359e-01
-2.3430305339517965e-01 8.2959445829779788e-01 -3.4100947743320620e-01
-2.3430305339517965e-01 9.6798236886739519e-01 -6.6413259654582849e-02
-2.3430305339517965e-01 1.1063702794369930e+00 2.2054341736753630e-01
-1.5608494191680466e-01 -8.3106046853737237e-01 2.3852556996667637e-01
-1.5608494191680466e-01 -6.9267255796777483e-01 3.8781688176077589e-01
-1.5608494191680466e-01 -5.5428464739817729e-01 4.6490070467382427e-01
-1.5608494191680466e-01 -4.1589673682857975e-01 4.5518477340882862e-01
-1.5608494191680466e-01 -2.7750882625898221e-01 3.6069028263135028e-01
-1.5608494191680466e-01 -1.3912091568938467e-01 1.9936751940764905e-01
-1.5608494191680466e-01 -7.3300511978735550e-04 1.2021363961371629e-03
-1.5608494191680466e-01 1.3765490544981018e-01 -1.9724121051710256e-01
-1.5608494191680466e-01 2.7604281601940772e-01 -3.5910853885281346e-01
-1.5608494191680466e-01 4.1443072658900548e-01 -4.5399907018307151e-01
-1.5608494191680466e-01 5.5281863715860280e-01 -4.6396664587329384e-01
-1.5608494191680466e-01 6.9120654772820012e-01 -3.8721950457248033e-01
-1.5608494191680466e-01 8.2959445829779788e-01 -2.3850622894385520e-01
-1.5608494191680466e-01 9.6798236886739519e-01 -4.5842561850484520e-02
-1.5608494191680466e-01 1.1063702794369930e+00 1.5519930223951706e-01
-7.7866830438429790e-02 -6.9267255796777483e-01 1.9957744344658965e-01
-7.7866830438429790e-02 -5.5428464739817729e-01 2.3922768696090968e-01
-7.7866830438429790e-02 -4.1589673682857975e-01 2.3400111901359910e-01
-7.7866830438429790e-02 -7.3300511978735550e-04 5.8407304178456480e-04
-7.7866830438429790e-02 1.3765490544981018e-01 -1.0136896694981928e-01
-7.7866830438429790e-02 2.7604281601940772e-01 -1.8466723862765017e-01
-7.7866830438429790e-02 4.1443072658900548e-01 -2.3369191491910768e-01
-7.7866830438429790e-02 5.5281863715860280e-01 -2.3894074485732930e-01
-7.7866830438429790e-02 6.9120654772820012e-01 -1.9918966228623636e-01
-7.7866830438429790e-02 8.2959445829779788e-01 -1.2223397049330309e-01
-7.7866830438429790e-02 9.6798236886739519e-01 -2.2936366300867483e-02
-7.7866830438429790e-02 1.1063702794369930e+00 8.0366974356128579e-02
-7.7866830438429790e-02 1.2447581900065903e+00 1.6883330223740411e-01
-7.7866830438429790e-02 1.3831461005761880e+00 2.2598410410203096e-01
3.5128103994508386e-04 -6.9267255796777483e-01 -7.5723278748230575e-04
3.5128103994508386e-04 -5.5428464739817729e-01 -9.0905573250909773e-04
3.5128103994508386e-04 1.3765490544981018e-01 5.1236110479856807e-04
3.5128103994508386e-04 2.7604281601940772e-01 7.8627535164881794e-04
3.5128103994508386e-04 4.1443072658900548e-01 6.2961364332170255e-04
3.5128103994508386e-04 5.5281863715860280e-01 4.2372541201562974e-04
3.5128103994508386e-04 6.9120654772820012e-01 5.5900920259610576e-04
3.5128103994508386e-04 8.2959445829779788e-01 8.5089586712339127e-04
3.5128103994508386e-04 9.6798236886739519e-01 8.3986616448195051e-04
3.5128103994508386e-04 1.1063702794369930e+00 4.0269622316380094e-04
3.5128103994508386e-04 1.2447581900065903e+00 -2.3810977174942849e-04
3.5128103994508386e-04 1.3831461005761880e+00 -8.6094317299722329e-04
7.8569392518319958e-02 -5.5428464739817729e-01 -2.4081418980255700e-01
7.8569392518319958e-02 2.7604281601940772e-01 1.8616324358928846e-01
7.8569392518319958e-02 4.1443072658900548e-01 2.3496259942318876e-01
7.8569392518319958e-02 5.5281863715860280e-01 2.3988682697234376e-01
7.8569392518319958e-02 6.9120654772820012e-01 2.0026480344553421e-01
7.8569392518319958e-02 8.2959445829779788e-01 1.2362671076132559e-01
7.8569392518319958e-02 9.6798236886739519e-01 2.4167623187960618e-02
7.8569392518319958e-02 1.1063702794369930e+00 -7.9960857833495158e-02
7.8569392518319958e-02 1.2447581900065903e+00 -1.6957642496396663e-01
7.8569392518319958e-02 1.3831461005761880e+00 -2.2781070792567304e-01
1.5678750399669505e-01 4.1443072658900548e-01 4.5530968322267951e-01
1.5678750399669505e-01 5.5281863715860280e-01 4.6515249440161566e-01
1.5678750399669505e-01 6.9120654772820012e-01 3.8817437565067658e-01
1.5678750399669505e-01 8.2959445829779788e-01 2.3909866390285839e-01
1.5678750399669505e-01 9.6798236886739519e-01 4.5896135440226304e-02
1.5678750399669505e-01 1.1063702794369930e+00 -1.5585777600818651e-01
1.5678750399669505e-01 1.2447581900065903e+00 -3.2901115370467338e-01
1.5678750399669505e-01 1.3831461005761880e+00 -4.4130531464030398e-01
1.5678750399669505e-01 1.5215340111457853e+00 -4.7176178885298281e-01
2.3500561547506993e-01 4.1443072658900548e-01 6.4845685761018856e-01
2.3500561547506993e-01 5.5281863715860280e-01 6.6270485258749567e-01
2.3500561547506993e-01 6.9120654772820012e-01 5.5316294208339301e-01
2.3500561547506993e-01 8.2959445829779788e-01 3.4063506285764733e-01
2.3500561547506993e-01 9.6798236886739519e-01 6.5005393483523077e-02
2.3500561547506993e-01 1.1063702794369930e+00 -2.2257256445811491e-01
2.3500561547506993e-01 1.2447581900065903e+00 -4.6893779200524199e-01
2.3500561547506993e-01 1.3831461005761880e+00 -6.2852803218263043e-01
3.1322372695344480e-01 4.1443072658900548e-01 8.0272973999895658e-01
3.1322372695344480e-01 5.5281863715860280e-01 8.2061091204857828e-01
3.1322372695344480e-01 6.9120654772820012e-01 6.8532835498330713e-01
3.1322372695344480e-01 8.2959445829779788e-01 4.2223219444864435e-01
3.1322372695344480e-01 9.6798236886739519e-01 8.0558877905677395e-02
3.1322372695344480e-01 1.1063702794369930e+00 -2.7588069628066858e-01
3.1322372695344480e-01 1.2447581900065903e+00 -5.8090272729023162e-01
3.1322372695344480e-01 1.3831461005761880e+00 -7.7822496831581212e-01
3.9144183843181968e-01 5.5281863715860280e-01 9.2923421533442763e-01
3.9144183843181968e-01 6.9120654772820012e-01 7.7655410589288765e-01
3.9144183843181968e-01 8.2959445829779788e-01 4.7885213882871958e-01
3.9144183843181968e-01 9.6798236886739519e-01 9.1684819447998223e-02
3.9144183843181968e-01 1.1063702794369930e+00 -3.1240413174413018e-01
3.9144183843181968e-01 1.2447581900065903e+00 -6.5808895437588633e-01
3.9144183843181968e-01 1.3831461005761880e+00 -8.8133511679161947e-01
4.6965994991019455e-01 5.5281863715860280e-01 9.8183294990600045e-01
4.6965994991019455e-01 6.9120654772820012e-01 8.2104167912868364e-01
4.6965994991019455e-01 8.2959445829779788e-01 5.0680670966368691e-01
4.6965994991019455e-01 9.6798236886739519e-01 9.7609275513093952e-02
4.6965994991019455e-01 1.1063702794369930e+00 -3.2989063684326725e-01
4.6965994991019455e-01 1.2447581900065903e+00 -6.9570174166431897e-01
4.6965994991019455e-01 1.3831461005761880e+00 -9.3149089722054668e-01
4.6965994991019455e-01 1.5215340111457853e+00 -9.9365274681100446e-01
5.4787806138856965e-01 8.2959445829779788e-01 5.0410731852394042e-01
5.4787806138856965e-01 9.6798236886739519e-01 9.7748631831313618e-02
5.4787806138856965e-01 1.1063702794369930e+00 -3.2734493016383936e-01
5.4787806138856965e-01 1.2447581900065903e+00 -6.9127106289615958e-01
5.4787806138856965e-01 1.3831461005761880e+00 -9.2544072268155508e-01
5.4787806138856965e-01 1.5215340111457853e+00 -9.8687038758588586e-01
6.2609617286694452e-01 9.6798236886739519e-01 9.1845699288826910e-02
6.2609617286694452e-01 1.1063702794369930e+00 -3.0501876580398135e-01
6.2609617286694452e-01 1.2447581900065903e+00 -6.4488075094282649e-01
6.2609617286694452e-01 1.3831461005761880e+00 -8.6337324357341272e-01
6.2609617286694452e-01 1.5215340111457853e+00 -9.2080667250530190e-01
7.0431428434531940e-01 9.6798236886739519e-01 8.0101318481710884e-02
7.0431428434531940e-01 1.1063702794369930e+00 -2.6433671022742478e-01
7.0431428434531940e-01 1.2447581900065903e+00 -5.5929864493228765e-01
7.0431428434531940e-01 1.3831461005761880e+00 -7.4906066927532422e-01
7.8253239582369427e-01 9.6798236886739519e-01 6.3234199496574092e-02
7.8253239582369427e-01 1.1063702794369930e+00 -2.0782780420650185e-01
7.8253239582369427e-01 1.2447581900065903e+00 -4.3993839126166706e-01
7.8253239582369427e-01 1.3831461005761880e+00 -5.8971412908922471e-01
8.6075050730206915e-01 9.6798236886739519e-01 4.2408887113718631e-02
8.6075050730206915e-01 1.1063702794369930e+00 -1.3905599931775797e-01
8.6075050730206915e-01 1.2447581900065903e+00 -2.9457183928326042e-01
8.6075050730206915e-01 1.3831461005761880e+00 -3.9544716401722640e-01
-6.3348949721354664e-01 -1.6885780495092084e+00 -7.5769637482415997e-01
-6.7458552018574769e-01 -1.6945198207890115e+00 -6.9888273832087233e-01
-7.0924058880182561e-01 -1.6863395624104407e+00 -6.5980278584603613e-01
-7.3518180609279093e-01 -1.6831158147878444e+00 -6.2025933501513664e-01
-7.1587404917219410e-01 -1.6754894712033437e+00 -6.6333349751493254e-01
-7.2509827985055975e-01 -1.6536547980300351e+00 -6.7334071993126821e-01
-7.1329102053903626e-01 -1.6338368780656016e+00 -7.1550982162295351e-01
-7.0752686740907145e-01 -1.6250614427104768e+00 -7.3432677369827470e-01
-7.1077991982531952e-01 -1.6024700445336191e+00 -7.4813788521298208e-01
-7.2110203730080036e-01 -1.5782765430030892e+00 -7.4518776789419483e-01
-7.4086699351097340e-01 -1.5529039773790181e+00 -7.1708200378043374e-01
-7.5892955168995935e-01 -1.5182648120365736e+00 -6.8586402210044983e-01
-7.7911013591198008e-01 -1.4852702355168645e+00 -6.3889087442274162e-01
-7.8208866423002410e-01 -1.4628520061353811e+00 -6.2805301955720727e-01
-7.4784804599745203e-01 -1.4792607114198018e+00 -7.1036057969877342e-01
-7.4498679406664114e-01 -1.4573887079648540e+00 -7.1172993734835588e-01
-7.6501008993877795e-01 -1.4279368577614255e+00 -6.5581597903477840e-01
-7.2873143517359729e-01 -1.4283237291758211e+00 -7.3373729550517786e-01
-7.2002537177819692e-01 -1.3881916353883323e+00 -7.2341890294626510e-01
-7.4049682937302652e-01 -1.3762707047446940e+00 -6.7359788168376067e-01
-7.6309619941250795e-01 -1.3551305370717799e+00 -6.0846774180537233e-01
-7.7807887806969211e-01 -1.3262882231250666e+00 -5.4880165329676123e-01
-8.0569288386959814e-01 -1.3083479894544179e+00 -4.7242301566174677e-01
-8.1406742620703865e-01 -1.2810422742689307e+00 -4.2606304193544520e-01
-8.2462886979996264e-01 -1.2653986328261024e+00 -3.8763212757348009e-01
-8.2931221236737218e-01 -1.2500615732133245e+00 -3.6133078100630101e-01
-8.2865531241206081e-01 -1.2338105685938370e+00 -3.4361604274052937e-01
-8.4722827581121340e-01 -1.2240830502613991e+00 -2.9885811927760525e-01
-8.4500197547385036e-01 -1.2031777449411849e+00 -2.7880447171914025e-01
-8.4674173179241519e-01 -1.1867707425058471e+00 -2.5639455243431908e-01
-8.5820241908059602e-01 -1.1919126504090811e+00 -2.4432875052348799e-01
-8.7046089030138019e-01 -1.1979291251929665e+00 -2.3056811699365692e-01
-8.7293064031059786e-01 -1.1841817621455435e+00 -2.1255923802745444e-01
-8.7413745585052505e-01 -1.1685072399783627e+00 -1.9451840144767621e-01
-8.7209377175515457e-01 -1.1584209056409738e+00 -1.8671256348474757e-01
-8.7413314264638398e-01 -1.1424627258712039e+00 -1.6670099978743749e-01
-8.7928444939784745e-01 -1.1360887484859492e+00 -1.5350146413423213e-01
-8.8974032910389944e-01 -1.1157619579440128e+00 -1.2076648984773163e-01
-9.0173787485855650e-01 -1.1145267267017607e+00 -1.0697001855581620e-01
-8.9204952441294016e-01 -1.0991785269383743e+00 -1.0198469495690335e-01
-9.0218217268770484e-01 -1.0908785156731378e+00 -8.5193350813358049e-02
-9.0893783597773936e-01 -1.0768466453643255e+00 -6.7467637253492835e-02
-9.0621971286505065e-01 -1.0658384970996961e+00 -5.9633323237785321e-02
-8.9942627616306525e-01 -1.0537434875862721e+00 -5.2214904422980178e-02
-8.8938485795937861e-01 -1.0294473351277937e+00 -3.1460396880185829e-02
-8.8621169198960414e-01 -1.0088031474383561e+00 -9.6758820371719827e-03
-8.7745575826629052e-01 -9.8454780573704515e-01 1.8223455239446674e-02
-8.8482445348840166e-01 -9.5992437880648662e-01 4.4450230514678800e-02
-8.9164658419349230e-01 -9.6000968182505853e-01 4.1834471867467346e-02
-9.0722857347599972e-01 -9.6397116175112529e-01 3.2454178685013553e-02
-9.2378062163159547e-01 -9.7602495438869352e-01 1.7846611602805578e-02
-9.4084886844542137e-01 -9.8128813945739579e-01 1.0854934279309858e-02
-9.4879052703159306e-01 -9.8195956588949784e-01 9.0738057359736109e-03
-9.3359838941558460e-01 -9.6923972749347509e-01 1.9981953598955535e-02
-9.1567358642784191e-01 -9.4329747480519333e-01 4.6395362277593312e-02
-9.2178859093169152e-01 -9.3879831134543201e-01 4.6480990654114741e-02
-9.2786408502342299e-01 -9.4143557686270196e-01 4.1106304913289343e-02
-9.4105579031171538e-01 -9.7003559326644617e-01 1.7306930374383904e-02
-9.4964115704407981e-01 -9.6496466052572993e-01 1.7305787546784537e-02
-9.4574450209868233e-01 -9.4892857774568296e-01 2.7098894595659315e-02
-9.5799063371471971e-01 -9.5560049493386789e-01 1.8295881489458470e-02
-9.4839006351519983e-01 -9.3421458204982277e-01 3.3125476487653738e-02
-9.6001461017462386e-01 -9.5016002718931269e-01 1.9537099558024455e-02
-9.7774981742650235e-01 -9.5120935002190787e-01 1.0663855464614449e-02
-9.8065108884470908e-01 -9.4220418694577324e-01 1.0969737563582238e-02
-9.7100755138342509e-01 -9.3099647703004551e-01 1.9563581843830023e-02
-9.6582830831085498e-01 -9.2051154581266426e-01 2.6479669387866944e-02
-9.7180082279474933e-01 -9.0590287572747341e-01 2.5775103467288250e-02
-9.6986978198773399e-01 -8.9496124042987402e-01 3.0626131377319801e-02
-9.7492709035367908e-01 -8.7093710554645498e-01 3.1037812204791074e-02
-9.8727155572590930e-01 -8.5641550724384496e-01 1.7427597403154881e-02
-9.8249980526120795e-01 -8.5609375415072120e-01 2.4005299069055575e-02
-9.8250146466304111e-01 -8.4563409629069974e-01 2.5613893585881974e-02
-9.8389617927422335e-01 -8.3098979849406507e-01 2.5606782205178879e-02
-9.8803483306548789e-01 -8.2805546043605704e-01 1.9327448836770067e-02
-9.8431257048500076e-01 -8.1854283630888669e-01 2.6586873409681487e-02
-9.9564606730981042e-01 -8.2236289847767208e-01 7.2430325488211239e-03
-9.9988273990881593e-01 -8.1641108031392051e-01 2.0088400532231173e-04
-9.8902259783207791e-01 -8.1011850987310863e-01 1.9369842218833203e-02
-9.8123696826491802e-01 -7.9077805388152478e-01 3.5993490265134966e-02
-9.9223769395427441e-01 -7.8224488154011418e-01 1.5409796161228740e-02
-9.5991964661449236e-01 -7.6603612936446497e-01 8.4216587071532595e-02
-9.4426143838172694e-01 -7.9724785859668412e-01 1.0361538285911055e-01
-9.3015397884143047e-01 -8.1905421647858445e-01 1.1717958337384132e-01
-9.0865860823237843e-01 -8.0124616499816492e-01 1.6546631408217871e-01
-8.9679804586808087e-01 -7.7251076742714320e-01 2.0878144820569572e-01
-8.9363852888253170e-01 -7.3944063097554458e-01 2.3946745515547782e-01
-8.9085897650975998e-01 -7.0373467272618462e-01 2.6965241619838859e-01
-9.0190712001685291e-01 -6.6672817281047403e-01 2.6264773789803425e-01
-8.9953991661904809e-01 -6.3548380575162111e-01 2.8269720196155507e-01
-8.7064223802420682e-01 -6.1972168103220948e-01 3.6766344051833616e-01
-8.8219129936396856e-01 -5.8665456560789830e-01 3.4839418123165622e-01
-8.6307517978044324e-01 -5.6909214015759468e-01 4.0723271399778449e-01
-8.3035057777436638e-01 -5.6608066972868898e-01 4.9718369039919991e-01
-8.0415325093521339e-01 -5.4635257159876083e-01 5.7107073936222175e-01
-7.8563882277858321e-01 -5.2048800655550365e-01 6.2238368594342297e-01
-7.8192045311130953e-01 -4.8780759282239911e-01 6.3229956620532268e-01
-7.7461480033348418e-01 -4.5320761813652416e-01 6.4335326860359365e-01
-7.6798987975693722e-01 -4.1800819204320966e-01 6.4406176681179717e-01
-7.8246081366144893e-01 -3.8575630894286511e-01 5.9121316679170710e-01
-8.0223264970350128e-01 -3.5683985248797756e-01 5.2421001884050822e-01
-8.1330825139712259e-01 -3.2014506882438509e-01 4.6743445870305467e-01
-8.2187270470077733e-01 -2.9069330921131253e-01 4.2016156977569330e-01
-7.8211016910916031e-01 -2.8372136682474303e-01 4.9187571220784615e-01
-7.5469882495365659e-01 -2.6899876812028040e-01 5.2106975015908574e-01
-7.3737875557089394e-01 -2.4236073085558596e-01 5.0681285132634224e-01
-7.2767321799754581e-01 -2.0960277389958187e-01 4.6195412912122380e-01
-7.4951106686858948e-01 -1.8347903608239527e-01 3.8598088148175397e-01
-7.7256273520679908e-01 -1.5862566198490491e-01 3.1318761053415450e-01
-8.0484123021900900e-01 -1.4803359416434678e-01 2.5805993085153739e-01
-8.3080235100934519e-01 -1.2686001418940529e-01 1.9670387783196946e-01
-8.3617323753005979e-01 -9.6322321270018427e-02 1.4669569512011629e-01
-8.2994876169774401e-01 -6.1257022148420728e-02 9.7385223184824385e-02
-8.2366223130007543e-01 -2.6275781113658365e-02 4.3377226191979285e-02
-8.1729449050343184e-01 8.5708571861004210e-03 -1.4618692559803609e-02
-8.2731675423962125e-01 4.3405415603424966e-02 -7.0182931010872807e-02
-8.4210902190985915e-01 7.9292381446723126e-02 -1.1733563773178998e-01
-8.4936584365060785e-01 1.1434341853545646e-01 -1.6022159802548813e-01
-8.4300573007576030e-01 1.4903648648777285e-01 -2.1366730882663676e-01
-8.4256680168465958e-01 1.8312532184008359e-01 -2.5826452501516528e-01
-8.3286361748348792e-01 2.0735097112701936e-01 -3.0392955750985290e-01
-8.5052234657830428e-01 2.3976564252638885e-01 -3.0953360084907960e-01
-8.6174349939469763e-01 2.6955292823144761e-01 -3.1526821001579186e-01
-8.4288266895309694e-01 2.9450084058597881e-01 -3.7844245545088834e-01
-8.3035761505831651e-01 3.2159117843448831e-01 -4.3033663920486620e-01
-8.2814190566807866e-01 3.5407312055602780e-01 -4.6097704247958227e-01
-8.0873009589055178e-01 3.7851554692882122e-01 -5.2469934735787960e-01
-7.8748808750617294e-01 4.0155495791222967e-01 -5.8974886117198100e-01
-7.6788522695290440e-01 4.2586948207432129e-01 -6.4829384654048505e-01
-7.4456829654750645e-01 4.4722426311830504e-01 -7.0920861512293654e-01
-7.1287836792384163e-01 4.6198891290019589e-01 -7.7899304834236027e-01
-6.7378681270343321e-01 4.7011805731063422e-01 -8.5086229981822914e-01
-6.3504488871206188e-01 4.6436122272308600e-01 -9.0563906713469056e-01
-5.9676909532203004e-01 4.5806608641041763e-01 -9.4587632094215179e-01
-5.6046768400649560e-01 4.4931860935860224e-01 -9.6958962318482611e-01
-5.4331929916196953e-01 4.7596105872732730e-01 -9.8792985524327193e-01
-5.3152815665431352e-01 5.0700041706083210e-01 -9.9485805483206402e-01
-5.3749532299668490e-01 5.5265421790569613e-01 -9.7951437320113055e-01
-5.6382681182593164e-01 5.6994800025290426e-01 -9.5639778055116453e-01
-5.9545999688065532e-01 5.8454441250592926e-01 -9.2186628945288773e-01
-5.9902065833913110e-01 6.0667553604041569e-01 -8.9904019040627403e-01
-5.7985859803214501e-01 6.3144723418893489e-01 -8.8726464360251978e-01
-5.6117615711873758e-01 6.5667589278365035e-01 -8.6506359912899156e-01
-5.4177117552091558e-01 6.8132721210081970e-01 -8.3484613202296021e-01
-5.2182362257391057e-01 7.0554333732691854e-01 -7.9678225721006435e-01
-5.0362772755459384e-01 7.3122903630685643e-01 -7.4750352399691600e-01
-4.9053619195533898e-01 7.6106726347025622e-01 -6.8179764736389858e-01
-4.7858766288149573e-01 7.9194386869008571e-01 -6.0669503204716146e-01
-4.7768022498438656e-01 8.3194609763401306e-01 -5.0253154006250167e-01
-4.7235289180477719e-01 8.6827496764104140e-01 -4.0059984868692045e-01
-4.5942051612813906e-01 8.9830213236453749e-01 -3.1153667867291090e-01
-4.6971357445492345e-01 9.3870227539106976e-01 -1.9051879994959744e-01
-4.6901829815552615e-01 9.7581709145790219e-01 -7.5540550201768336e-02
-4.2303982728385098e-01 9.7823717865520665e-01 -6.6329602889343642e-02
-3.8385673590790420e-01 9.8633702961903436e-01 -4.0085455295539592e-02
-3.5230103027287946e-01 1.0007680428665873e+00 2.1577502578819917e-03
-3.3143596873927295e-01 1.0212943196689177e+00 5.7691971446600453e-02
-3.4317117398127661e-01 1.0593032375398355e+00 1.6319983880707656e-01
-3.2063361321861528e-01 1.0796491191520461e+00 2.0933790343543884e-01
-2.9693958262210068e-01 1.1008640647589454e+00 2.5031514081748008e-01
-2.7690102797437682e-01 1.1252157561629406e+00 2.9295240539352413e-01
-2.5668391935251073e-01 1.1494025540100952e+00 3.2648163636938560e-01
-2.3599662412387984e-01 1.1732892812055293e+00 3.4975663661051692e-01
-2.0837646003259080e-01 1.1910801124882464e+00 3.4394191824014597e-01
-1.8928423546773479e-01 1.2164125527388054e+00 3.5221154194720045e-01
-1.9606057048664208e-01 1.2515427385074416e+00 4.1049053723763684e-01
-2.1809622093503125e-01 1.2772242169009345e+00 4.8404807162475594e-01
-2.3155419455776344e-01 1.3048853827554177e+00 5.4390443440752789e-01
-2.0195792288709080e-01 1.3208605110914535e+00 5.0133247682413751e-01
-1.7299778084014275e-01 1.3374845150665382e+00 4.5117722506809460e-01
-1.5738849920809467e-01 1.3659301053532689e+00 4.3307345116434209e-01
-1.4431672881261343e-01 1.3965806866065644e+00 4.1509475157215775e-01
-1.2485710529055920e-01 1.4216527914897377e+00 3.7074760487053066e-01
-9.4688770869704370e-02 1.4371759189678639e+00 2.8741534253999140e-01
-6.5343831013459711e-02 1.4534824303203191e+00 2.0167205654485787e-01
-3.6635716235827592e-02 1.4620270482847608e+00 1.1402435681471962e-01
-2.0720948800828048e-03 1.4505501323329926e+00 6.4312380737296809e-03
2.9273115741274894e-02 1.4356076446049646e+00 -8.9961951461271020e-02
5.3264182845374486e-02 1.4463933571573797e+00 -1.6419820889907047e-01
7.1407822596416315e-02 1.4732365137909211e+00 -2.2167152179993860e-01
7.7770600455845953e-02 1.5076518376853050e+00 -2.4183012690299807e-01
7.3876265203606614e-02 1.5480143368974755e+00 -2.2739936051345627e-01
9.1698282732342151e-02 1.5751592997701054e+00 -2.7622735307876606e-01
1.2866753915160031e-01 1.5779329261113209e+00 -3.8157346451819441e-01
1.6075604751804920e-01 1.5638587096629517e+00 -4.7412974975549538e-01
2.0564940357223357e-01 1.5654720570330629e+00 -5.8935983771680389e-01
2.4186762032666487e-01 1.5557277022131468e+00 -6.7828298351420213e-01
2.7807129893174365e-01 1.5459180477356742e+00 -7.5867391512722071e-01
3.1420018334297661e-01 1.5360128656847716e+00 -8.2909050532439310e-01
3.5026846060327710e-01 1.5260444373191862e+00 -8.8840698273012675e-01
3.7731635458053570e-01 1.5450098476860439e+00 -9.1739133338848988e-01
3.8831229625602348e-01 1.5628622647146699e+00 -9.2081844284914116e-01
3.5455002628909260e-01 1.5751513914900122e+00 -8.7250966386957596e-01
3.8206565007042714e-01 1.5923673393130631e+00 -8.9317487265718665e-01
4.0293951943128586e-01 1.6176192509593452e+00 -8.8948703424396858e-01
4.1267306818045685e-01 1.6504164690104697e+00 -8.5711275661625763e-01
3.9535512859601751e-01 1.6789152280527888e+00 -8.0083453299320617e-01
3.7842865175788248e-01 1.6967947995969419e+00 -7.5617968509977618e-01
4.2224075294467434e-01 1.6989204395843884e+00 -7.8692691568336093e-01
4.6147486665444754e-01 1.6942741371856178e+00 -8.1346428334129506e-01
4.9516470132108498e-01 1.6819873466421551e+00 -8.4086906648587545e-01
5.0222994525816456e-01 1.6587119983055363e+00 -8.7822730627617263e-01
5.3240992327294467e-01 1.6495647947733270e+00 -8.8700862183158558e-01
5.6029323553950083e-01 1.6316425105633383e+00 -8.9931520259691444e-01
5.8219269458860579e-01 1.6103223128875566e+00 -9.0935573188070529e-01
6.1567724699111137e-01 1.5977963606074594e+00 -8.9092114039055037e-01
6.3935605261854378e-01 1.5817908971067292e+00 -8.7595164088656319e-01
6.6902703691208198e-01 1.5678813440970520e+00 -8.4276049516469276e-01
6.9869541218877129e-01 1.5539059808138549e+00 -7.9981139884344843e-01
7.2922357658043602e-01 1.5483359259809595e+00 -7.4307158891826908e-01
7.6201406021205220e-01 1.5402218640508747e+00 -6.7450004857855239e-01
7.9191489310219954e-01 1.5327747437196597e+00 -6.0492171956809193e-01
8.2106406596153725e-01 1.5163553688402180e+00 -5.3229790108762565e-01
8.4651521880380398e-01 1.4966289968073938e+00 -4.6369162339623277e-01
8.5652153637595496e-01 1.4706580694423892e+00 -4.3379198382138479e-01
8.7961220838299536e-01 1.4550863570067729e+00 -3.6558727792632817e-01
9.0739671876005756e-01 1.4374911049353845e+00 -2.8132237557385070e-01
9.2171144134881899e-01 1.4146837919030268e+00 -2.3478513485095734e-01
8.9785226933746021e-01 1.3935783556577428e+00 -2.9796153890453880e-01
8.9985425396215868e-01 1.3598095484860810e+00 -2.7992204313693264e-01
9.0204124449040080e-01 1.3273572852323356e+00 -2.5943975853569623e-01
8.8799596102491984e-01 1.3043709508654244e+00 -2.8158706190556970e-01
9.2244155711067255e-01 1.2987305946113625e+00 -1.9461091263650582e-01
9.3770761354380772e-01 1.2798830763133651e+00 -1.4978120451725363e-01
9.2416828835865106e-01 1.2562371801680812e+00 -1.7010424226691162e-01
9.1265535276413601e-01 1.2343030687891856e+00 -1.8192741520445466e-01
9.2601017664629581e-01 1.2081460478770107e+00 -1.4012570449054965e-01
9.4638039841973232e-01 1.1839500552578814e+00 -9.1583942104722565e-02
9.6543962297767794e-01 1.1586585835668766e+00 -5.1802885398183909e-02
9.7049726553007587e-01 1.1338858054356666e+00 -3.7791360680459268e-02
9.6022806983204867e-01 1.1111998588365712e+00 -4.2656002360631912e-02
9.5029175095636109e-01 1.0754924315149517e+00 -3.6541467312845792e-02
9.2450520188087604e-01 1.0541213636884679e+00 -3.9756823961968085e-02
9.2379376625814613e-01 1.0156781518107445e+00 -1.1674890705546890e-02
9.3998085902485695e-01 9.8769585365073631e-01 7.2436317629321805e-03
9.6575023752267897e-01 9.7127992646951999e-01 9.6764288991088420e-03
9.8170002351512509e-01 9.4310143734190943e-01 1.0216380329945282e-02
9.9429868933513987e-01 9.1520027088547518e-01 4.7151590114119669e-03
9.8275905136840902e-01 8.9724674337011290e-01 1.7174144052079256e-02
9.6589403561466025e-01 8.8637116433072816e-01 3.7370080324566048e-02
9.4777777681107456e-01 8.8779096358097698e-01 5.6389812050909704e-02
9.3259530311729266e-01 9.0062087467173069e-01 6.4558879368937117e-02
9.0960287640030368e-01 8.8909119760685451e-01 9.5662905439456825e-02
8.8644061390764806e-01 8.9561182940166606e-01 1.1248884375018137e-01
8.8060470181338368e-01 8.8865627357246590e-01 1.2555321626729476e-01
8.5911229696146252e-01 8.9489282793552916e-01 1.3887058159410912e-01
8.3468834630163258e-01 9.0958120486493033e-01 1.3909270635262630e-01
8.5523466413417903e-01 8.8422788448065859e-01 1.5626966876261839e-01
8.6123625944809223e-01 8.7582015405511182e-01 1.6058692113591999e-01
8.4753236726144721e-01 8.7953910931896906e-01 1.7028305442667149e-01
8.3495526415093924e-01 8.6887911319704081e-01 1.9841921770454185e-01
8.1206062889381969e-01 8.8738149198044236e-01 1.9288383245770882e-01
7.9395486957415295e-01 9.0203290104881040e-01 1.8268378983600456e-01
7.6789706414852466e-01 9.1767887154150496e-01 1.7039166087454963e-01
7.7557254919855467e-01 8.8896300087985569e-01 2.2151435766846000e-01
7.5953112895282049e-01 8.9330848470716906e-01 2.2552813937280280e-01
7.4182297011070097e-01 9.0235527056054765e-01 2.1894025182836185e-01
7.2337205754036427e-01 8.9801359883611431e-01 2.4052975023779871e-01
7.2001879414130854e-01 8.8181010559603734e-01 2.7955270312472730e-01
7.2136020435416104e-01 8.5744916039758556e-01 3.3246247645493326e-01
7.0911286280242836e-01 8.5390327500887309e-01 3.5081832567488075e-01
7.2672688927926199e-01 8.5100406979235399e-01 3.4148348611243301e-01
7.3048073678109327e-01 8.3112201353921678e-01 3.7905355585941081e-01
7.1097232942032451e-01 8.3438623647969112e-01 3.9187927005210282e-01
6.9193340662018610e-01 8.4070786824311217e-01 3.9519094077591976e-01
6.7288964889109104e-01 8.4816904336545396e-01 3.9303581665534459e-01
6.4240477152583841e-01 8.6686648438316838e-01 3.6619037716984215e-01
6.5230385092074428e-01 8.5497591757448554e-01 3.9059314204145312e-01
6.8743475346358573e-01 8.3658881507746985e-01 4.0840463044973946e-01
6.7981954035939018e-01 8.2080189215038324e-01 4.5077822032557996e-01
6.4854148874910433e-01 8.2198213090992245e-01 4.7383003079454777e-01
6.6820943419221734e-01 8.1097087307891269e-01 4.8322982380799401e-01
6.5554772286818830e-01 8.0272031014304779e-01 5.1286675450636254e-01
6.3731272697281804e-01 7.9342913566572348e-01 5.4899358841097579e-01
6.0051361429739347e-01 8.0061281576026977e-01 5.5724162700271029e-01
6.1311017911850241e-01 7.8021860546347266e-01 5.9710539883202718e-01
5.9632511785905451e-01 7.8858356749546410e-01 5.8840745957780283e-01
5.8702391647849728e-01 7.8240895488344087e-01 6.0811799213943196e-01
5.9813608553873521e-01 7.7545693843940200e-01 6.1778563451432023e-01
6.1598844336305880e-01 7.6640237308874481e-01 6.2577305618655898e-01
6.1702525152453880e-01 7.5922146556944281e-01 6.4046489813896801e-01
6.2591642293309024e-01 7.4460018498392244e-01 6.6347431837032966e-01
5.9777479811352452e-01 7.4507403102994840e-01 6.8435902298269535e-01
5.9754855082131686e-01 7.2385908948670219e-01 7.2719194197912917e-01
5.8416741355315316e-01 7.1073971573603512e-01 7.6131575461905143e-01
5.7599290887438903e-01 6.9328820260395418e-01 7.9793756920129966e-01
5.6304133193167094e-01 6.8349595925000206e-01 8.2200337887913366e-01
5.4866526176964903e-01 6.6473860715842026e-01 8.5890129407575300e-01
5.3518950943380750e-01 6.4992384880526566e-01 8.8567525080543330e-01
5.1847129066915931e-01 6.5313794045299345e-01 8.8499564504815587e-01
5.3763132833267768e-01 6.3857622771029221e-01 9.0039343557465756e-01
5.5027565516557209e-01 6.3032566477442376e-01 9.0592913272112996e-01
5.4330922435624307e-01 6.2111587678937608e-01 9.1989936055203281e-01
5.5251716437684184e-01 6.0631543076305017e-01 9.3190950861008448e-01
5.6658589089666700e-01 5.9376911893186057e-01 9.3606229484197756e-01
5.8780827715159623e-01 5.8958601798731303e-01 9.2433515154315105e-01
5.9314086521896503e-01 5.7348436273172076e-01 9.3209219730984905e-01
5.8823152218596308e-01 5.7038156379332305e-01 9.3841274682417652e-01
6.0477134548097877e-01 5.6376149846165624e-01 9.2739561934164549e-01
5.9203966699946742e-01 5.4506737640443625e-01 9.4889546854955753e-01
5.7328286082865798e-01 5.2778643541422654e-01 9.6990789113765818e-01
5.5382997915337728e-01 5.1987009895243541e-01 9.8381468957683993e-01
5.3106531142877100e-01 4.9725344476546574e-01 9.9520438166052749e-01
5.1276416115315526e-01 4.8246818717432233e-01 9.9768093055170715e-01
5.0048992589870789e-01 4.5438277431598517e-01 9.8974740671188188e-01
4.8879314611986885e-01 4.3164560697549947e-01 9.7642599652069784e-01
4.7447617458361008e-01 4.0841505853511589e-01 9.5581157485081714e-01
4.6598663716575989e-01 3.9647088648067508e-01 9.4216739761458157e-01
4.5001745974278784e-01 3.8397967794252508e-01 9.2281134195020420e-01
4.4314158938976306e-01 3.9841733587432165e-01 9.3440045019931239e-01
4.3031527570660510e-01 3.7976903227937986e-01 9.0732392632664693e-01
4.1801244852384750e-01 3.7534487171798014e-01 8.9380250190870436e-01
4.0911670358790792e-01 3.8048484574139979e-01 8.9267221679367981e-01
4.0244976563479612e-01 3.6893809099603392e-01 8.7372523893521359e-01
3.7898509306593336e-01 3.6082052281863580e-01 8.4123700537727053e-01
3.5824895930162121e-01 3.5034386249156341e-01 8.0454980560134315e-01
3.3472823694583315e-01 3.3603798088016967e-01 7.5555170196812227e-01
3.2662281822330802e-01 3.1400676386815074e-01 7.1339138112265110e-01
3.0283459747714192e-01 3.1765975905128863e-01 6.8424185583069497e-01
2.7786031241431253e-01 3.3992669606617942e-01 6.7135086888953122e-01
2.8259026231838047e-01 3.1643637778027833e-01 6.5022976634280527e-01
2.6260259396607682e-01 3.1200670224111271e-01 6.1011556644699039e-01
2.4858691792999499e-01 2.9175699664990246e-01 5.5861119801399739e-01
2.2990136522974128e-01 2.7892457189611497e-01 5.0794384212802612e-01
2.1953148493658314e-01 2.6183411159401887e-01 4.6633691425494395e-01
2.2240522228599505e-01 2.5380117093746679e-01 4.6022972581157851e-01
2.0000135260823407e-01 2.5240680738792165e-01 4.1876011789330969e-01
1.9271207551516953e-01 2.5821769414373336e-01 4.1267532613049440e-01
1.8046786780427260e-01 2.6263208933075843e-01 3.9453182011658178e-01
1.9022514107189253e-01 2.4889295552104010e-01 3.9648038623014048e-01
1.6635202178377370e-01 2.5224942765958280e-01 3.5543326965918487e-01
1.5821177713706128e-01 2.5619875179934742e-01 3.4366645095668003e-01
1.5280161470775622e-01 2.4371370065657660e-01 3.2004020031175284e-01
1.3990203423437375e-01 2.3756016057421761e-01 2.8888930507448818e-01
1.3064893748584577e-01 2.0993237457641903e-01 2.4449401202259236e-01
1.1974919536870647e-01 2.0584135231536624e-01 2.2136528377949366e-01
1.0182935930238224e-01 2.0261168625315051e-01 1.8692655786993093e-01
1.0989721240782598e-01 1.9818477850901445e-01 1.9736194346331049e-01
1.3899884596208684e-01 1.8900062392566799e-01 2.3662325244532845e-01
1.1475038719008478e-01 1.8721138925256045e-01 1.9570648887389050e-01
1.3257610762233010e-01 1.7822948429441801e-01 2.1487199114003927e-01
1.2337587022888657e-01 1.6601336711038270e-01 1.8831005185344088e-01
9.9497579703612740e-02 1.7331088991469593e-01 1.5928276871537103e-01
9.1941300789292926e-02 1.5890815528499830e-01 1.3636692118282556e-01
8.5510293218537550e-02 1.5300457512482635e-01 1.2272458005107068e-01
6.5021087136933581e-02 1.4975997878591638e-01 9.1956641141683088e-02
7.5068861592352487e-02 1.5233809673023546e-01 1.0760381877091238e-01
5.6470752075933779e-02 1.5788908910658189e-01 8.3991942471588685e-02
4.0435166579525374e-02 1.6909440013510840e-01 6.4179676087674623e-02
2.8866325320245467e-02 1.9002310041026860e-01 5.0908822752922543e-02
2.3148784160907196e-02 2.1467387785907649e-01 4.5371986998932919e-02
9.9541866028813805e-03 1.9803409265963731e-01 1.8221648041632357e-02
3.5309154024092952e-02 1.7205692183050705e-01 5.6965240560690154e-02
4.3818871974827513e-02 1.4928017545313357e-01 6.2022942965525123e-02
5.2798392187920838e-02 1.1855427905230827e-01 6.0083712334738602e-02
4.1395104896361001e-02 1.1517339882093225e-01 4.5904802185463937e-02
6.1843054371490055e-02 9.9393821570306157e-02 5.9310804305238038e-02
4.8985464596465161e-02 1.0626107700150747e-01 5.0226047866589622e-02
3.8136097838182684e-02 8.4733388521422690e-02 3.1441975176297737e-02
2.0201519206340054e-02 7.6046391017332543e-02 1.5008302808440753e-02
1.1595470890840422e-02 5.6064663138451154e-02 6.3816572962115273e-03
-8.3650672865307578e-03 6.0610637597124137e-02 -4.9732519867853970e-03
-3.8226407527725846e-02 7.4208040269498482e-02 -2.7677613081437846e-02
-4.0986834335694340e-02 4.9507218520677805e-02 -1.9891133170139814e-02
-3.5153451724952794e-02 3.3607555317874543e-02 -1.1614868425806437e-02
-2.4469174277774328e-02 1.6082839808460848e-02 -3.8785481080905178e-03
-1.8282913291837062e-03 3.5669843408964782e-03 -6.4362791294882176e-05
-1.3757192899419235e-02 8.3372805643200376e-03 -1.1315379320309227e-03
-1.8222765540647286e-02 -1.1785050777654451e-02 2.1179173873099666e-03
-3.0267807641552236e-02 -4.1735955752147058e-02 1.2413415826528291e-02
-4.2334455540292318e-02 -5.9873224979961066e-02 2.4795983218166846e-02
-4.8020941971277507e-02 -8.5516428584651680e-02 3.9892786200131418e-02
-3.4912638996416355e-02 -9.9694299222225446e-02 3.3725471521337612e-02
-3.6419733732208463e-02 -1.2067468573511793e-01 4.2252387928903352e-02
-2.1197234585365033e-02 -1.3896345471667440e-01 2.8136780816909731e-02
-4.4806837894993207e-02 -1.2022480771159824e-01 5.1740147193296358e-02
-5.2867796834076275e-02 -1.2330007943043197e-01 6.2451112207368750e-02
-7.6451497951886327e-02 -1.2124363281278416e-01 8.8431790534927182e-02
-5.8078618425118272e-02 -1.3523604584362073e-01 7.4791340802607922e-02
-7.5298731286737669e-02 -1.4034436701688177e-01 1.0001406129092176e-01
-6.0899186329735726e-02 -1.4808590921978249e-01 8.5308361706018895e-02
-7.6337913948546388e-02 -1.4703593316184160e-01 1.0586109062045630e-01
-7.6596140205658955e-02 -1.5650015880861073e-01 1.1250760397555996e-01
-7.9685059154684934e-02 -1.5994447156900526e-01 1.1930765610777623e-01
-7.7910348746277572e-02 -1.7085830651697750e-01 1.2391594035061169e-01
-6.6738374400089479e-02 -1.8629906274973912e-01 1.1497823079612919e-01
-8.2479271121743580e-02 -1.9764925421329127e-01 1.4907115563322587e-01
-6.2929793361363728e-02 -2.1725243574515241e-01 1.2388829998131334e-01
-6.4424846470964692e-02 -2.2713817568134767e-01 1.3157431039203871e-01
-6.8591002872840423e-02 -2.3540586408329631e-01 1.4410589403786922e-01
-7.0135954436891468e-02 -2.5473035846780068e-01 1.5682481886818297e-01
-6.9101958148099815e-02 -2.8054008428929755e-01 1.6619281965953903e-01
-5.9212783871071442e-02 -2.9574227596213959e-01 1.4816138192895820e-01
-7.0570140366886178e-02 -3.1508675982092466e-01 1.8381933364019945e-01
-4.5155084598202180e-02 -3.2701946152931133e-01 1.2101555130498047e-01
-5.0664552335896125e-02 -3.4558308634535773e-01 1.4020909098593085e-01
-4.3970489155460618e-02 -3.5883407463786066e-01 1.2437770888245261e-01
-6.2892607545919132e-02 -3.7478400651788757e-01 1.8130643154726284e-01
-4.0018125243890708e-02 -3.8206766469914072e-01 1.1688179556350174e-01
-1.2048563563943217e-02 -3.8097576452037640e-01 3.5227736412705143e-02
-3.6877681714764482e-03 -3.9697068440856570e-01 1.0983616768716441e-02
5.5969266467731232e-03 -4.1744231501723744e-01 -1.6994291760325811e-02
1.2631961655696067e-02 -4.1854165169806490e-01 -3.8382021842636650e-02
3.2869034415481065e-02 -4.0004016463676051e-01 -9.8036741537461877e-02
5.6934494875733925e-02 -4.0357740294037647e-01 -1.6981230061593952e-01
7.0727683094595567e-02 -4.2791059558785005e-01 -2.1474619964428068e-01
9.1645577151511406e-02 -4.4649112112034939e-01 -2.7994920895432207e-01
1.0223715815996609e-01 -4.5670484036463899e-01 -3.1277784911032341e-01
1.2943283843976994e-01 -4.6576145190049240e-01 -3.9322619813545845e-01
1.4950391661051191e-01 -4.8177040916125746e-01 -4.5185929377018841e-01
1.5282547622275675e-01 -4.9629822801616480e-01 -4.6185029273420930e-01
1.2581359236387685e-01 -4.8958876942556123e-01 -3.8483765141283210e-01
1.3883207416582791e-01 -5.0749736839235993e-01 -4.2233931041143558e-01
1.4550209431753977e-01 -5.1065530117604030e-01 -4.4110789179613352e-01
1.6328960217027133e-01 -5.1520657100389644e-01 -4.9022411852294429e-01
1.7856887900107854e-01 -5.1723675974898031e-01 -5.3124545151355018e-01
1.8914501737089728e-01 -5.4048605057717203e-01 -5.5533735303230469e-01
1.9868766410539015e-01 -5.6102178885576148e-01 -5.7373820401013809e-01
2.1507423095471762e-01 -5.7442817810308833e-01 -6.0840540785272146e-01
2.2257367922492405e-01 -5.8086370362867235e-01 -6.2297550299697557e-01
2.1293615833834040e-01 -5.8717532035571440e-01 -5.9705671648268699e-01
1.9712397101405021e-01 -5.6596640261121955e-01 -5.6803149894536298e-01
1.9651949056695273e-01 -5.7364642132050536e-01 -5.6347864002379111e-01
1.8552846087827721e-01 -5.9902752252164437e-01 -5.2398789904362819e-01
1.8126042453939009e-01 -6.0246595144784643e-01 -5.1147113155089030e-01
2.1640826212465120e-01 -6.0226032712201993e-01 -5.9652443088231077e-01
2.0721690076906585e-01 -6.1783832627689872e-01 -5.6492331625843195e-01
1.8523815586909140e-01 -6.2021920244810647e-01 -5.1091033060251934e-01
1.7316620140914665e-01 -6.2428183631677614e-01 -4.7862521465832147e-01
1.6780785603333456e-01 -6.3347298870157709e-01 -4.5951636955212977e-01
1.6127870863534280e-01 -6.4537023081241651e-01 -4.3553728885794141e-01
1.3075152718095573e-01 -6.6620911411730666e-01 -3.4610235390881589e-01
1.0295973573231938e-01 -6.7806300329869984e-01 -2.6939825587880695e-01
9.4676896323575760e-02 -6.8342184899173875e-01 -2.4574477613095705e-01
1.0139531728460172e-01 -6.9283900613567784e-01 -2.5744722627094607e-01
8.9175620597686106e-02 -6.9625372929944684e-01 -2.2559299711092010e-01
7.3940297330995650e-02 -6.8491369853090622e-01 -1.9244288736065865e-01
7.4952866537850535e-02 -7.0492834733586696e-01 -1.8659906067115201e-01
7.9883004787764070e-02 -7.1398436383275388e-01 -1.9430173201898263e-01
1.0893009230022338e-01 -7.0360967126590090e-01 -2.6923048196534227e-01
1.2453530229601055e-01 -7.1297294782894027e-01 -2.9911714916397891e-01
1.2406109400769021e-01 -6.9191809593547338e-01 -3.1296212891214953e-01
1.3797818990024935e-01 -6.9756876894844799e-01 -3.4168194015540315e-01
1.4933802200152529e-01 -7.0505907605600726e-01 -3.6151625233153867e-01
1.5250835757981721e-01 -7.1025023817500732e-01 -3.6403738591732882e-01
1.4318589021613634e-01 -7.2134230356201801e-01 -3.3385820527786297e-01
1.6376067987286685e-01 -7.2475894044281475e-01 -3.7441712361342777e-01
1.4357771058387103e-01 -7.2624167057240152e-01 -3.3037094675995643e-01
1.2606720588075704e-01 -7.1486296428545493e-01 -3.0117731236195161e-01
1.3630503830671425e-01 -7.2515630311346180e-01 -3.1562425198718336e-01
1.4507697549514928e-01 -7.3453492377549989e-01 -3.2598577235389414e-01
1.2160107348050268e-01 -7.3099073070063447e-01 -2.7887015400310561e-01
1.1045702195269272e-01 -7.1447069708576294e-01 -2.6576859816362114e-01
1.0830510716998788e-01 -7.2471959929157592e-01 -2.5395598990641111e-01
1.1092362961514622e-01 -7.3499468168175908e-01 -2.5256316527220057e-01
1.0701739827696230e-01 -7.3502652238002508e-01 -2.4399098457721483e-01
1.1429858451107866e-01 -7.5067413378740544e-01 -2.4795947352885542e-01
1.2753007494405996e-01 -7.5032042558750167e-01 -2.7550427766432778e-01
1.0884153219628338e-01 -7.6108435657647089e-01 -2.2870244376330418e-01
9.8936371103940324e-02 -7.7198134050372869e-01 -2.0082195691476731e-01
8.8140738883684566e-02 -7.7432648094033940e-01 -1.7798378578715573e-01
9.0713270095199527e-02 -7.6708587996615685e-01 -1.8784555084804022e-01
6.2333679189830613e-02 -7.8177469650802156e-01 -1.2319076225067492e-01
5.6609130020719586e-02 -7.9292495071161762e-01 -1.0713841487361363e-01
5.2874835692267141e-02 -8.1126553601537743e-01 -9.2395100461237362e-02
4.6339775484747256e-02 -8.3722174535239757e-01 -7.0993438374614318e-02
3.5994243370690349e-02 -8.2213280682412604e-01 -5.9822128354561320e-02
3.2833828306259839e-02 -8.2345452832437327e-01 -5.4226097660342747e-02
3.2935262416637794e-02 -8.4255060787137892e-01 -4.9030926588449847e-02
3.0516984318827385e-02 -8.2042176257609334e-01 -5.1184955548523453e-02
2.2106304308043064e-02 -8.0812339917348275e-01 -3.9342444253940151e-02
2.2065977516873413e-02 -8.1322676827798013e-01 -3.8350976700811487e-02
2.0351675726471424e-02 -7.9483833878386811e-01 -3.8388667684546976e-02
2.2260510554162113e-02 -7.6412571677828212e-01 -4.7169512990139925e-02
9.0763389247626065e-03 -7.6874890815845953e-01 -1.8938106661115884e-02
7.2232076651083631e-03 -7.5825189367948065e-01 -1.5623270917678490e-02
1.1049220075842987e-04 -7.8129330906075800e-01 -2.2017502453567896e-04
-4.8780259965685658e-03 -8.0183139865062691e-01 8.9358437084235028e-03
-3.1616764405724648e-05 -8.2022686231343889e-01 5.3162280650692617e-05
-7.6272522766441799e-03 -8.2735011389467206e-01 1.2367598622198212e-02
-1.4841871993045040e-02 -8.3033897336699058e-01 2.3683796485600702e-02
-1.7894377199536949e-02 -8.3239273947561099e-01 2.8237283353037108e-02
-2.1299106828025181e-02 -8.4235539221623712e-01 3.1777145420229899e-02
-3.7296603685881287e-02 -8.4335701917670303e-01 5.5234847807565997e-02
-4.2668238346096565e-02 -8.5271921706369735e-01 5.9654177563321871e-02
-5.7194748607355544e-02 -8.6107000250729571e-01 7.5550109917646102e-02
-7.8366640640236213e-02 -8.5920205402133787e-01 1.0432191776315525e-01
-8.9542340050691449e-02 -8.5785020518840382e-01 1.1989441028671748e-01
-8.6529648744765209e-02 -8.6793196674123874e-01 1.0823499404143704e-01
-7.4655695683882348e-02 -8.7420961437571421e-01 8.9465972288498341e-02
-8.7950869676600055e-02 -8.7761182749469591e-01 1.0232582484899447e-01
-1.0513438155628001e-01 -8.7409566368544145e-01 1.2496142895504959e-01
-9.3281716485420732e-02 -8.8500282433265898e-01 1.0210819746440106e-01
-1.3270135933239419e-01 -8.8505832267442797e-01 1.4306036560791424e-01
-1.7659634007438624e-01 -8.7773587544922704e-01 1.9739506225637943e-01
-2.1058753639436176e-01 -8.7794237906863914e-01 2.2985039216465625e-01
-2.1125883487641137e-01 -8.8720929315409081e-01 2.1374523602666679e-01
-1.9057641106566928e-01 -8.9003077135897357e-01 1.9085471392636752e-01
-1.7451404674654372e-01 -8.8434998338757798e-01 1.8522500083061744e-01
-1.5000018779003998e-01 -8.8664999306993775e-01 1.5827087028559064e-01
-1.2982043623805220e-01 -8.9118465222501264e-01 1.3296386222470780e-01
-1.2082238765898709e-01 -9.0512845203058612e-01 1.0880651585574447e-01
-1.0401032678101081e-01 -9.2147965471198323e-01 7.8377049024534809e-02
-1.3321620724638503e-01 -9.3316626435683248e-01 8.4704039423336389e-02
-1.6613621372706205e-01 -9.2599667821627429e-01 1.1486711767952779e-01
-1.7518262539050772e-01 -9.2490985183869501e-01 1.2223306380319253e-01
-1.4770595564157116e-01 -9.3905126924345395e-01 8.5173833139783786e-02
-1.3502233475832831e-01 -9.4825199852431652e-01 6.6616409537044549e-02
-1.3598684861089885e-01 -9.5471184566581335e-01 5.8752050713698677e-02
-1.4185873633353441e-01 -9.5955803482110325e-01 5.4619335625622406e-02
-1.1481205870806875e-01 -9.7215956143993587e-01 3.0828428884426422e-02
-1.2545952089871582e-01 -9.6754066545590001e-01 3.9091895786248596e-02
-1.3392758278751574e-01 -9.7420387733116265e-01 3.3064244263878516e-02
-1.2765678717121859e-01 -9.8014726308095623e-01 2.4331986770055360e-02
-1.1854833666267955e-01 -9.9262866909650760e-01 8.4258883193654224e-03
-1.2331839812839775e-01 -1.0049794036674435e+00 -5.9097402834506225e-03
-1.3717941642167295e-01 -1.0072859701786796e+00 -9.5611578806103856e-03
-1.4718241739054239e-01 -9.9940142648912733e-01 8.3885250217259448e-04
-1.4576826504991114e-01 -1.0073149568974640e+00 -1.0158958406593050e-02
-1.2600754595452415e-01 -1.0225935151869587e+00 -2.7347181797102209e-02
-1.3263785950556384e-01 -1.0264883521804462e+00 -3.3641801067525297e-02
-1.2685082477432252e-01 -1.0365605893883851e+00 -4.4472767467550307e-02
-1.4249939299467307e-01 -1.0394603919154046e+00 -5.3524998503826901e-02
-1.4753580355006768e-01 -1.0318713117374574e+00 -4.4689799847322915e-02
-1.4424751179773604e-01 -1.0440705231110250e+00 -6.0422728767776240e-02
-1.2858631271103874e-01 -1.0405533004935308e+00 -4.9942273048949444e-02
-1.2826407628153269e-01 -1.0584532521766767e+00 -7.1606541000506452e-02
-1.3046808535403687e-01 -1.0654765985817680e+00 -8.1394312274931310e-02
-1.3530086080292517e-01 -1.0712036397828091e+00 -9.1478087963315899e-02
-1.5176201233606743e-01 -1.0681481944769844e+00 -9.7502181435658891e-02
-1.5649428454739539e-01 -1.0554562438550312e+00 -8.1829637587863199e-02
-1.7333944385721647e-01 -1.0454287426308670e+00 -7.3683700465750845e-02
-1.5789616931156594e-01 -1.0694185910917247e+00 -1.0297698552055774e-01
-1.7387574977108186e-01 -1.0662403797649600e+00 -1.0732616687908934e-01
-1.5473044049777221e-01 -1.0878770933645046e+00 -1.2734447286830350e-01
-1.4583593547947007e-01 -1.0989338553876222e+00 -1.3526730653589408e-01
-1.7137409200400699e-01 -1.0773309599155958e+00 -1.2334751657014242e-01
-1.8183055706324533e-01 -1.0758395463238155e+00 -1.2760391854698899e-01
-1.6131266092763580e-01 -1.0906770850884870e+00 -1.3640317750144457e-01
-1.4401882240028041e-01 -1.1075412090190708e+00 -1.4490403523211945e-01
-1.4077428337581793e-01 -1.1153667237822440e+00 -1.5174095422811099e-01
-1.5214130448082464e-01 -1.1184810715727627e+00 -1.6728503788558005e-01
-1.5793811781503572e-01 -1.1165166178795789e+00 -1.7039771569928439e-01
-1.5771445399141082e-01 -1.1236320549664527e+00 -1.8005713736113627e-01
-1.5120361156535289e-01 -1.1440054138248288e+00 -1.9992467696271721e-01
-1.5404972980832665e-01 -1.1464689893388331e+00 -2.0662516358314789e-01
-1.6271802252629897e-01 -1.1371257172537028e+00 -2.0429363996004635e-01
-1.6740661034464033e-01 -1.1417258784284554e+00 -2.1620593864717103e-01
-1.5904219486802629e-01 -1.1540239737984264e+00 -2.2289264394175506e-01
-1.5201247068571044e-01 -1.1555237076199618e+00 -2.1573540635225746e-01
-1.4149313360950747e-01 -1.1688399005621308e+00 -2.1754703400343026e-01
-1.4235444964810154e-01 -1.1757746744415971e+00 -2.2685662519705208e-01
-1.4688423699436534e-01 -1.1863048041910365e+00 -2.4597434131802556e-01
-1.6258227798057068e-01 -1.1943970486532594e+00 -2.8033134965246653e-01
-1.6999253279601600e-01 -1.2135417582733556e+00 -3.1643854042703806e-01
-1.7165050385195876e-01 -1.2310274485447019e+00 -3.4082363288365658e-01
-1.7837330156087797e-01 -1.2449406135913546e+00 -3.6980987435422408e-01
-1.6304550579808741e-01 -1.2693323388228908e+00 -3.6696060908629763e-01
-1.6638835992772238e-01 -1.2811538545621488e+00 -3.8582408244795680e-01
-1.7440379808738191e-01 -1.2844263615535654e+00 -4.0593909700949099e-01
-1.8070569900228164e-01 -1.2855147152520359e+00 -4.2017845667938575e-01
-1.8327821666972888e-01 -1.3091386490584325e+00 -4.4951042527279522e-01
-1.8345569112688351e-01 -1.3279823142548464e+00 -4.6730333118488404e-01
-1.8502969607654104e-01 -1.3421775087350254e+00 -4.8297903567078054e-01
-1.8917331483843441e-01 -1.3437976796530451e+00 -4.9385676287496377e-01
-1.9421418753666167e-01 -1.3583646662637150e+00 -5.1719096516125151e-01
-1.9747258507557783e-01 -1.3741096398858701e+00 -5.3646661663156514e-01
-2.0661688033630676e-01 -1.3759075635533653e+00 -5.5911891458627472e-01
-2.1472336660406438e-01 -1.3997141768070476e+00 -5.9382228298408735e-01
-2.2860405214115118e-01 -1.4234626725654544e+00 -6.3908552633572180e-01
-2.3694307330788747e-01 -1.4445780816588074e+00 -6.6727126998063779e-01
-2.4291138465307105e-01 -1.4703903528638982e+00 -6.8819755098775914e-01
-2.5479122325824016e-01 -1.4869633213104905e+00 -7.1706787872601019e-01
-2.7221427897699385e-01 -1.5135052838069762e+00 -7.5401403218191321e-01
-2.7698106384825938e-01 -1.4976989909385605e+00 -7.6441320657157530e-01
-2.8391464895162205e-01 -1.5054029441719934e+00 -7.7818185047762967e-01
-2.8891543127379016e-01 -1.4967091024361106e+00 -7.8801997125292556e-01
-3.0438706390360704e-01 -1.4893234638488926e+00 -8.1658142284743684e-01
-3.1605227151488913e-01 -1.4919984650762628e+00 -8.3735312516182325e-01
-3.1894176005879116e-01 -1.4903763139964439e+00 -8.4215683042658862e-01
-3.3593814920276732e-01 -1.4937781125589360e+00 -8.6992178399589004e-01
-3.4508676676572275e-01 -1.5022208296104897e+00 -8.8387163542833247e-01
-3.5561290825254871e-01 -1.4916913382423977e+00 -8.9856681661449433e-01
-3.7219927158221261e-01 -1.4954843428556843e+00 -9.2038405609061347e-01
-3.8422585643460039e-01 -1.4980483474169366e+00 -9.3456403218073902e-01
-3.9608694764306190e-01 -1.4907941031735352e+00 -9.4678983481588308e-01
-3.9757665944478382e-01 -1.4974094795141422e+00 -9.4864496850971813e-01
-4.2109940583781658e-01 -1.4954521956704401e+00 -9.6933738547467418e-01
-4.3602637448160420e-01 -1.4969680237170591e+00 -9.7982714498248102e-01
-4.4905351676974864e-01 -1.5067059600652390e+00 -9.8699974950185576e-01
-4.4222128360103857e-01 -1.5344352271072745e+00 -9.7782107220620540e-01
-4.6553654096316077e-01 -1.5293395914428003e+00 -9.8992443840502642e-01
-4.7366944541207695e-01 -1.5245656943922090e+00 -9.9361429545971813e-01
-4.9296488711010161e-01 -1.5427659257423696e+00 -9.9074616153336326e-01
-5.1561571791954508e-01 -1.5641564644589887e+00 -9.7857800857542210e-01
-5.2415958244583816e-01 -1.6081877613658897e+00 -9.4007975738389615e-01
-5.0305551682276761e-01 -1.6430898729289354e+00 -9.0060990133245689e-01
-5.1956213742632240e-01 -1.6767127855209625e+00 -8.4821201614959862e-01
-5.5491843662690254e-01 -1.6823918768358204e+00 -8.2780245050692092e-01
-5.9343338188083894e-01 -1.6777730979815972e+00 -8.1178335289864889e-01
