# x y z u
4.8518484463132498e-02 2.3835602972625413e-03 9.8880750164312070e-01 -3.1472521418433267e-04
4.8051224934850999e-02 7.1277259031383858e-03 9.8880750164312070e-01 1.3458777320150054e-02
4.7121205842975376e-02 1.1803247612155683e-02 9.8880750164312070e-01 2.7202334479571710e-02
4.5737383779760568e-02 1.6365097594356445e-02 9.8880750164312070e-01 4.0990653154848580e-02
4.3913085708149398e-02 2.0769342740651203e-02 9.8880750164312070e-01 5.4542466534752171e-02
4.1665880615834268e-02 2.4973567762675845e-02 9.8880750164312070e-01 6.7376203410432697e-02
3.9017410316301425e-02 2.8937283675205098e-02 9.8880750164312070e-01 7.9180744468784550e-02
3.5993181026336502e-02 3.2622317727213766e-02 9.8880750164312070e-01 9.0010494782366363e-02
3.2622317727213766e-02 3.5993181026336502e-02 9.8880750164312070e-01 1.0009903604284121e-01
2.8937283675205101e-02 3.9017410316301418e-02 9.8880750164312070e-01 1.0949077176005936e-01
2.4973567762675845e-02 4.1665880615834268e-02 9.8880750164312070e-01 1.1788285123512028e-01
2.0769342740651210e-02 4.3913085708149398e-02 9.8880750164312070e-01 1.2484640400371215e-01
1.6365097594356445e-02 4.5737383779760568e-02 9.8880750164312070e-01 1.3019374398164513e-01
1.1803247612155688e-02 4.7121205842975376e-02 9.8880750164312070e-01 1.3410264676390668e-01
7.1277259031383858e-03 4.8051224934850999e-02 9.8880750164312070e-01 1.3686753346314917e-01
2.3835602972625469e-03 4.8518484463132498e-02 9.8880750164312070e-01 1.3854024910271764e-01
1.4508819386111599e-01 7.1277259031383867e-03 9.7928474486513317e-01 1.3309234073390665e-02
1.4369091524095887e-01 2.1314533812556612e-02 9.7928474486513317e-01 5.5459958115011657e-02
1.4090981455758694e-01 3.5296071109650509e-02 9.7928474486513317e-01 9.7720275774992274e-02
1.3677167533088536e-01 4.8937687947163334e-02 9.7928474486513317e-01 1.3918453755694474e-01
1.3131635010374423e-01 6.2108008097683493e-02 9.7928474486513317e-01 1.7973943901216960e-01
1.2459637664028508e-01 7.4680194178532139e-02 9.7928474486513317e-01 2.1865080405688606e-01
1.1667647195847219e-01 8.6533169165094723e-02 9.7928474486513317e-01 2.5570486888264077e-01
1.0763290906985169e-01 9.7552782428755355e-02 9.7928474486513317e-01 2.9025176729994545e-01
9.7552782428755355e-02 1.0763290906985169e-01 9.7928474486513317e-01 3.2210865272139294e-01
8.6533169165094737e-02 1.1667647195847218e-01 9.7928474486513317e-01 3.5064915030942950e-01
7.4680194178532139e-02 1.2459637664028508e-01 9.7928474486513317e-01 3.7584467440947533e-01
6.2108008097683506e-02 1.3131635010374423e-01 9.7928474486513317e-01 3.9701103519385744e-01
4.8937687947163334e-02 1.3677167533088536e-01 9.7928474486513317e-01 4.1442513074391479e-01
3.5296071109650530e-02 1.4090981455758694e-01 9.7928474486513317e-01 4.2719574875259236e-01
2.1314533812556612e-02 1.4369091524095887e-01 9.7928474486513317e-01 4.3613674011509734e-01
7.1277259031384023e-03 1.4508819386111599e-01 9.7928474486513317e-01 4.3985383009293033e-01
2.4026062463894235e-01 1.1803247612155683e-02 9.6033094066259850e-01 2.6694682496471025e-02
2.3794678348385193e-01 3.5296071109650509e-02 9.6033094066259850e-01 9.6570278173016819e-02
2.3334138472886881e-01 5.8448974147564253e-02 9.6033094066259850e-01 1.6681152339062111e-01
2.2648878088157059e-01 8.1038981612977568e-02 9.6033094066259850e-01 2.3654805837538800e-01
2.1745496626302102e-01 1.0284853938504428e-01 9.6033094066259850e-01 3.0490654121662036e-01
2.0632694144638217e-01 1.2366760950010235e-01 9.6033094066259850e-01 3.7099800347467327e-01
1.9321187539383536e-01 1.4329569293208241e-01 9.6033094066259850e-01 4.3394439453430295e-01
1.7823607336089106e-01 1.6154376050773261e-01 9.6033094066259850e-01 4.9290133963259786e-01
1.6154376050773261e-01 1.7823607336089106e-01 9.6033094066259850e-01 5.4707945735742414e-01
1.4329569293208244e-01 1.9321187539383533e-01 9.6033094066259850e-01 5.9576286217626029e-01
1.2366760950010235e-01 2.0632694144638217e-01 9.6033094066259850e-01 6.3832412901190139e-01
1.0284853938504430e-01 2.1745496626302102e-01 9.6033094066259850e-01 6.7423528200527050e-01
8.1038981612977568e-02 2.2648878088157059e-01 9.6033094066259850e-01 7.0307482983327074e-01
5.8448974147564281e-02 2.3334138472886881e-01 9.6033094066259850e-01 7.2452963560521022e-01
3.5296071109650509e-02 2.3794678348385193e-01 9.6033094066259850e-01 7.3840803292175983e-01
1.1803247612155711e-02 2.4026062463894235e-01 9.6033094066259850e-01 7.4448296489902988e-01
3.3311921426167834e-01 1.6365097594356445e-02 9.3212862453119061e-01 3.9073322708213697e-02
3.2991109412685232e-01 4.8937687947163334e-02 9.3212862453119061e-01 1.3566359213113058e-01
3.2352574980783561e-01 8.1038981612977568e-02 9.3212862453119061e-01 2.3332670245853188e-01
3.1402467566100456e-01 1.1235982558544520e-01 9.3212862453119061e-01 3.3104704830561416e-01
3.0149937222420853e-01 1.4259858301539644e-01 9.3212862453119061e-01 4.2740106630279051e-01
2.8607046501657135e-01 1.7146403813859454e-01 9.3212862453119061e-01 5.2092805342947990e-01
2.6788654284880103e-01 1.9867820084274029e-01 9.3212862453119061e-01 6.1018217474688052e-01
2.4712272683171632e-01 2.2397898386421808e-01 9.3212862453119061e-01 6.9378298045653042e-01
2.2397898386421808e-01 2.4712272683171632e-01 9.3212862453119061e-01 7.7045987804664962e-01
1.9867820084274032e-01 2.6788654284880098e-01 9.3212862453119061e-01 8.3908822263724592e-01
1.7146403813859454e-01 2.8607046501657135e-01 9.3212862453119061e-01 8.9871562238071090e-01
1.4259858301539646e-01 3.0149937222420853e-01 9.3212862453119061e-01 9.4857797776289410e-01
1.1235982558544520e-01 3.1402467566100456e-01 9.3212862453119061e-01 9.8810561274473885e-01
8.1038981612977595e-02 3.2352574980783561e-01 9.3212862453119061e-01 1.0169205890293673e+00
4.8937687947163334e-02 3.2991109412685232e-01 9.3212862453119061e-01 1.0348197605001039e+00
1.6365097594356483e-02 3.3311921426167834e-01 9.3212862453119061e-01 1.0434735437622089e+00
4.2276968374958829e-01 2.0769342740651203e-02 8.9494940019220892e-01 5.0916294372503453e-02
4.1869818058566199e-01 6.2108008097683493e-02 8.9494940019220892e-01 1.7179310136088274e-01
4.1059438505898799e-01 1.0284853938504426e-01 8.9494940019220892e-01 2.9574010651429761e-01
3.9853634115047354e-01 1.4259858301539644e-01 8.9494940019220892e-01 4.2080759975897619e-01
3.8264017441455478e-01 1.8097532433899546e-01 8.9494940019220892e-01 5.4486453443266269e-01
3.6305897362662742e-01 2.1760917435803431e-01 8.9494940019220892e-01 6.6570387777421491e-01
3.3998131645445223e-01 2.5214732907073023e-01 8.9494940019220892e-01 7.8114695183208005e-01
3.1362945335212805e-01 2.8425716716672389e-01 8.9494940019220892e-01 8.8913817272380602e-01
2.8425716716672389e-01 3.1362945335212805e-01 8.9494940019220892e-01 9.8782422159774030e-01
2.5214732907073029e-01 3.3998131645445223e-01 8.9494940019220892e-01 1.0756138943777740e+00
2.1760917435803431e-01 3.6305897362662742e-01 8.9494940019220892e-01 1.1512169311145728e+00
1.8097532433899552e-01 3.8264017441455478e-01 8.9494940019220892e-01 1.2136620173400301e+00
1.4259858301539644e-01 3.9853634115047354e-01 8.9494940019220892e-01 1.2622957006998228e+00
1.0284853938504432e-01 4.1059438505898799e-01 8.9494940019220892e-01 1.2967650740675247e+00
6.2108008097683493e-02 4.1869818058566199e-01 8.9494940019220892e-01 1.3169878108069133e+00
2.0769342740651252e-02 4.2276968374958829e-01 8.9494940019220892e-01 1.3231135003447185e+00
5.0834865007357188e-01 2.4973567762675845e-02 8.4915132390026937e-01 6.0954880080717935e-02
5.0345297468172390e-01 7.4680194178532139e-02 8.4915132390026937e-01 2.0425119017775392e-01
4.9370877192829982e-01 1.2366760950010233e-01 8.4915132390026937e-01 3.5299041769904776e-01
4.7920988381253821e-01 1.7146403813859451e-01 8.4915132390026937e-01 5.0445442478480684e-01
4.6009594255289232e-01 2.1760917435803431e-01 8.4915132390026937e-01 6.5560843419809756e-01
4.3655102585243571e-01 2.6165861527113110e-01 8.4915132390026937e-01 8.0329468885492838e-01
4.0880188412995438e-01 3.0318814068201799e-01 8.4915132390026937e-01 9.4441568941719778e-01
3.7711575678945986e-01 3.4179779855864012e-01 8.4915132390026937e-01 1.0760926224521528e+00
3.4179779855864012e-01 3.7711575678945986e-01 8.4915132390026937e-01 1.1957907001922372e+00
3.0318814068201805e-01 4.0880188412995433e-01 8.4915132390026937e-01 1.3014071178838655e+00
2.6165861527113110e-01 4.3655102585243571e-01 8.4915132390026937e-01 1.3913208893917033e+00
2.1760917435803437e-01 4.6009594255289232e-01 8.4915132390026937e-01 1.4644069940415907e+00
1.7146403813859451e-01 4.7920988381253821e-01 8.4915132390026937e-01 1.5200194196405890e+00
1.2366760950010239e-01 4.9370877192829982e-01 8.4915132390026937e-01 1.5579487460847996e+00
7.4680194178532139e-02 5.0345297468172390e-01 8.4915132390026937e-01 1.5783604076894846e+00
2.4973567762675900e-02 5.0834865007357188e-01 8.4915132390026937e-01 1.5817202474502108e+00
5.8903194100570766e-01 2.8937283675205098e-02 7.9517545616583851e-01 6.9373475643165747e-02
5.8335924141620987e-01 8.6533169165094709e-02 7.9517545616583851e-01 2.3269256033821514e-01
5.7206847343527423e-01 1.4329569293208241e-01 7.9517545616583851e-01 4.0451717105560170e-01
5.5526837333071877e-01 1.9867820084274029e-01 7.9517545616583851e-01 5.8120399862021943e-01
5.3312073525041925e-01 2.5214732907073023e-01 7.9517545616583851e-01 7.5860102846808874e-01
5.0583885305621945e-01 3.0318814068201799e-01 7.9517545616583851e-01 9.3238155431331127e-01
4.7368546618744339e-01 3.5130908475904110e-01 7.9517545616583851e-01 1.0983386332228664e+00
4.3697022933646656e-01 3.9604673030475390e-01 7.9517545616583851e-01 1.2526265893762096e+00
3.9604673030475390e-01 4.3697022933646656e-01 7.9517545616583851e-01 1.3919419204572516e+00
3.5130908475904121e-01 4.7368546618744334e-01 7.9517545616583851e-01 1.5136410003566452e+00
3.0318814068201799e-01 5.0583885305621945e-01 7.9517545616583851e-01 1.6157968938960809e+00
2.5214732907073029e-01 5.3312073525041925e-01 7.9517545616583851e-01 1.6972019974448864e+00
1.9867820084274029e-01 5.5526837333071877e-01 7.9517545616583851e-01 1.7573253885489581e+00
1.4329569293208247e-01 5.7206847343527423e-01 7.9517545616583851e-01 1.7962341363701055e+00
8.6533169165094709e-02 5.8335924141620987e-01 7.9517545616583851e-01 1.8144877715845393e+00
2.8937283675205160e-02 5.8903194100570766e-01 7.9517545616583851e-01 1.8130156525912429e+00
6.6404253234834554e-01 3.2622317727213766e-02 7.3354161410140950e-01 7.6374733621728086e-02
6.5764743975925788e-01 9.7552782428755355e-02 7.3354161410140950e-01 2.5711007051331897e-01
6.4491884281862866e-01 1.6154376050773261e-01 7.3354161410140950e-01 4.5015272234604869e-01
6.2597932487315511e-01 2.2397898386421808e-01 7.3354161410140950e-01 6.5067139758885040e-01
6.0101128383404578e-01 2.8425716716672389e-01 7.3354161410140950e-01 8.5319203974141578e-01
5.7025517558542682e-01 3.4179779855864012e-01 7.3354161410140950e-01 1.0520140926459443e+00
5.3400719826273157e-01 3.9604673030475396e-01 7.3354161410140950e-01 1.2416480839123951e+00
4.9261643970273744e-01 4.4648151553686743e-01 7.3354161410140950e-01 1.4171562110111366e+00
4.4648151553686743e-01 4.9261643970273744e-01 7.3354161410140950e-01 1.5743955644248437e+00
3.9604673030475401e-01 5.3400719826273146e-01 7.3354161410140950e-01 1.7101661950773221e+00
3.4179779855864012e-01 5.7025517558542682e-01 7.3354161410140950e-01 1.8222711778992344e+00
2.8425716716672400e-01 6.0101128383404578e-01 7.3354161410140950e-01 1.9095006429231494e+00
2.2397898386421808e-01 6.2597932487315511e-01 7.3354161410140950e-01 1.9715532121129529e+00
1.6154376050773267e-01 6.4491884281862866e-01 7.3354161410140950e-01 2.0089083520098319e+00
9.7552782428755355e-02 6.5764743975925788e-01 7.3354161410140950e-01 2.0226636358022057e+00
3.2622317727213843e-02 6.6404253234834554e-01 7.3354161410140950e-01 2.0144145340647874e+00
7.3265803110189587e-01 3.5993181026336502e-02 6.6484336529854815e-01 8.1881426105464117e-02
7.2560213375076443e-01 1.0763290906985169e-01 6.6484336529854815e-01 2.7770684235854115e-01
7.1155829119713887e-01 1.7823607336089103e-01 6.6484336529854815e-01 4.8993890878627544e-01
6.9066175332195578e-01 2.4712272683171629e-01 6.6484336529854815e-01 7.1263542846672578e-01
6.6311376520816279e-01 3.1362945335212805e-01 6.6484336529854815e-01 9.3884077064525773e-01
6.2917962904055802e-01 3.7711575678945986e-01 6.6484336529854815e-01 1.1613208087915132e+00
5.8918614910072098e-01 4.3697022933646656e-01 6.6484336529854815e-01 1.3731691487624194e+00
5.4351848446313256e-01 4.9261643970273739e-01 6.6484336529854815e-01 1.5682577275666632e+00
4.9261643970273739e-01 5.4351848446313256e-01 6.6484336529854815e-01 1.7415484635580227e+00
4.3697022933646668e-01 5.8918614910072087e-01 6.6484336529854815e-01 1.8892752456541841e+00
3.7711575678945986e-01 6.2917962904055802e-01 6.6484336529854815e-01 2.0090079742579530e+00
3.1362945335212816e-01 6.6311376520816279e-01 6.6484336529854815e-01 2.0996142658599344e+00
2.4712272683171629e-01 6.9066175332195578e-01 6.6484336529854815e-01 2.1611351109128361e+00
1.7823607336089112e-01 7.1155829119713887e-01 6.6484336529854815e-01 2.1945929564841626e+00
1.0763290906985169e-01 7.2560213375076443e-01 6.6484336529854815e-01 2.2017547317708730e+00
3.5993181026336585e-02 7.3265803110189587e-01 6.6484336529854815e-01 2.1848944147208123e+00
7.9421763250431465e-01 3.9017410316301418e-02 5.8974231144750910e-01 8.6349924957268440e-02
7.8656888253977675e-01 1.1667647195847218e-01 5.8974231144750910e-01 2.9474487749999040e-01
7.7134504425409134e-01 1.9321187539383533e-01 5.8974231144750910e-01 5.2396716509370089e-01
7.4869273153214644e-01 2.6788654284880098e-01 5.8974231144750910e-01 7.6688584975708396e-01
7.1883009852846791e-01 3.3998131645445223e-01 5.8974231144750910e-01 1.0149820058927839e+00
6.8204473872345683e-01 4.0880188412995438e-01 5.8974231144750910e-01 1.2593984054567957e+00
6.3869091524095889e-01 4.7368546618744334e-01 5.8974231144750910e-01 1.4917302679711790e+00
5.8918614910072087e-01 5.3400719826273146e-01 5.8974231144750910e-01 1.7045931005111594e+00
5.3400719826273146e-01 5.8918614910072087e-01 5.8974231144750910e-01 1.8920109604863931e+00
4.7368546618744345e-01 6.3869091524095878e-01 5.8974231144750910e-01 2.0496410187351128e+00
4.0880188412995438e-01 6.8204473872345683e-01 5.8974231144750910e-01 2.1748481136989057e+00
3.3998131645445229e-01 7.1883009852846791e-01 5.8974231144750910e-01 2.2666449700474778e+00
2.6788654284880098e-01 7.4869273153214644e-01 5.8974231144750910e-01 2.3255143852602984e+00
1.9321187539383541e-01 7.7134504425409134e-01 5.8974231144750910e-01 2.3531374097829620e+00
1.1667647195847218e-01 7.8656888253977675e-01 5.8974231144750910e-01 2.3520625901984542e+00
3.9017410316301508e-02 7.9421763250431465e-01 5.8974231144750910e-01 2.3253554755857762e+00
8.4812848394219564e-01 4.1665880615834268e-02 5.0896171675128943e-01 8.9891393675919140e-02
8.3996054300764178e-01 1.2459637664028508e-01 5.0896171675128943e-01 3.0845312547918136e-01
8.2370332287478443e-01 2.0632694144638214e-01 5.0896171675128943e-01 5.5232401617745330e-01
7.9951338946060369e-01 2.8607046501657130e-01 5.0896171675128943e-01 8.1321578969590103e-01
7.6762370504744060e-01 3.6305897362662742e-01 5.0896171675128943e-01 1.0810566002536608e+00
7.2834138472886889e-01 4.3655102585243571e-01 5.0896171675128943e-01 1.3453581646627530e+00
6.8204473872345694e-01 5.0583885305621945e-01 5.0896171675128943e-01 1.5961984817962966e+00
6.2917962904055802e-01 5.7025517558542682e-01 5.0896171675128943e-01 1.8249124779319106e+00
5.7025517558542682e-01 6.2917962904055802e-01 5.0896171675128943e-01 2.0245662018765906e+00
5.0583885305621956e-01 6.8204473872345683e-01 5.0896171675128943e-01 2.1902341249790638e+00
4.3655102585243571e-01 7.2834138472886889e-01 5.0896171675128943e-01 2.3190927381086075e+00
3.6305897362662748e-01 7.6762370504744060e-01 5.0896171675128943e-01 2.4103434333103593e+00
2.8607046501657130e-01 7.9951338946060369e-01 5.0896171675128943e-01 2.4649787475609894e+00
2.0632694144638222e-01 8.2370332287478443e-01 5.0896171675128943e-01 2.4854212052759790e+00
1.2459637664028508e-01 8.3996054300764178e-01 5.0896171675128943e-01 2.4750832421987723e+00
4.1665880615834358e-02 8.4812848394219564e-01 5.0896171675128943e-01 2.4379053802768755e+00
8.9387139444552277e-01 4.3913085708149398e-02 4.2327954249597938e-01 9.2504839755146159e-02
8.8526292427720332e-01 1.3131635010374423e-01 4.2327954249597938e-01 3.1903242814319555e-01
8.6812888821415390e-01 2.1745496626302102e-01 4.2327954249597938e-01 5.7513845713447320e-01
8.4263429639007859e-01 3.0149937222420853e-01 4.2327954249597938e-01 8.5150671815922196e-01
8.0902467566100456e-01 3.8264017441455478e-01 4.2327954249597938e-01 1.1366090684637600e+00
7.6762370504744060e-01 4.6009594255289232e-01 4.2327954249597938e-01 1.4184020642148600e+00
7.1883009852846791e-01 5.3312073525041925e-01 4.2327954249597938e-01 1.6855025033444004e+00
6.6311376520816290e-01 6.0101128383404578e-01 4.2327954249597938e-01 1.9280030794155953e+00
6.0101128383404578e-01 6.6311376520816290e-01 4.2327954249597938e-01 2.1380368100605418e+00
5.3312073525041936e-01 7.1883009852846791e-01 4.2327954249597938e-01 2.3101110397209084e+00
4.6009594255289232e-01 7.6762370504744060e-01 4.2327954249597938e-01 2.4412245547504856e+00
3.8264017441455489e-01 8.0902467566100456e-01 4.2327954249597938e-01 2.5307785556772915e+00
3.0149937222420853e-01 8.4263429639007859e-01 4.2327954249597938e-01 2.5802924612726623e+00
2.1745496626302110e-01 8.6812888821415390e-01 4.2327954249597938e-01 2.5929566907521475e+00
1.3131635010374423e-01 8.8526292427720332e-01 4.2327954249597938e-01 2.5730798524623295e+00
4.3913085708149502e-02 8.9387139444552277e-01 4.2327954249597938e-01 2.5255014848497868e+00
9.3100583478053034e-01 4.5737383779760568e-02 3.3352095485829786e-01 9.4183456398619692e-02
9.2203973965203490e-01 1.3677167533088536e-01 3.3352095485829786e-01 3.2672701136785742e-01
9.0419389779249737e-01 2.2648878088157059e-01 3.3352095485829786e-01 5.9265808155400046e-01
8.7764017441455489e-01 3.1402467566100456e-01 3.3352095485829786e-01 8.8180268615830693e-01
8.4263429639007847e-01 3.9853634115047354e-01 3.3352095485829786e-01 1.1813455033597380e+00
7.9951338946060369e-01 4.7920988381253826e-01 3.3352095485829786e-01 1.4778494377919995e+00
7.4869273153214655e-01 5.5526837333071877e-01 3.3352095485829786e-01 1.7586158004995458e+00
6.9066175332195578e-01 6.2597932487315511e-01 3.3352095485829786e-01 2.0126181400690655e+00
6.2597932487315511e-01 6.9066175332195578e-01 3.3352095485829786e-01 2.2311491925165896e+00
5.5526837333071888e-01 7.4869273153214644e-01 3.3352095485829786e-01 2.4082036335674095e+00
4.7920988381253826e-01 7.9951338946060369e-01 3.3352095485829786e-01 2.5406157913543375e+00
3.9853634115047365e-01 8.4263429639007847e-01 3.3352095485829786e-01 2.6279644206467978e+00
3.1402467566100456e-01 8.7764017441455489e-01 3.3352095485829786e-01 2.6722520128150555e+00
2.2648878088157071e-01 9.0419389779249737e-01 3.3352095485829786e-01 2.6773889750790367e+00
1.3677167533088536e-01 9.2203973965203490e-01 3.3352095485829786e-01 2.6485403813011588e+00
4.5737383779760672e-02 9.3100583478053034e-01 3.3352095485829786e-01 2.5914116011065182e+00
9.5917417998704246e-01 4.7121205842975376e-02 2.4055037810423133e-01 9.5002747518725977e-02
9.4993680829582439e-01 1.4090981455758692e-01 2.4055037810423133e-01 3.3188945084359411e-01
9.3155102585243565e-01 2.3334138472886881e-01 2.4055037810423133e-01 6.0527141083312219e-01
9.0419389779249737e-01 3.2352574980783561e-01 2.4055037810423133e-01 9.0430225949707888e-01
8.6812888821415379e-01 4.1059438505898799e-01 2.4055037810423133e-01 1.2151129214689880e+00
8.2370332287478443e-01 4.9370877192829982e-01 2.4055037810423133e-01 1.5231223683765207e+00
7.7134504425409145e-01 5.7206847343527423e-01 2.4055037810423133e-01 1.8145591366738731e+00
7.1155829119713876e-01 6.4491884281862866e-01 2.4055037810423133e-01 2.0774930324411249e+00
6.4491884281862866e-01 7.1155829119713876e-01 2.4055037810423133e-01 2.3025433493695355e+00
5.7206847343527434e-01 7.7134504425409134e-01 2.4055037810423133e-01 2.4832912511536733e+00
4.9370877192829982e-01 8.2370332287478443e-01 2.4055037810423133e-01 2.6164289356030110e+00
4.1059438505898810e-01 8.6812888821415379e-01 2.4055037810423133e-01 2.7016640831727408e+00
3.2352574980783561e-01 9.0419389779249737e-01 2.4055037810423133e-01 2.7413824053869829e+00
2.3334138472886892e-01 9.3155102585243565e-01 2.4055037810423133e-01 2.7400902598587935e+00
1.4090981455758692e-01 9.4993680829582439e-01 2.4055037810423133e-01 2.7036859061968217e+00
4.7121205842975487e-02 9.5917417998704246e-01 2.4055037810423133e-01 2.6386320669120065e+00
9.7810515350233651e-01 4.8051224934850999e-02 1.4526316971080813e-01 9.5192370510649549e-02
9.6868546618744344e-01 1.4369091524095887e-01 1.4526316971080813e-01 3.3497384321135937e-01
9.4993680829582439e-01 2.3794678348385193e-01 1.4526316971080813e-01 6.1343707623319899e-01
9.2203973965203490e-01 3.2991109412685232e-01 1.4526316971080813e-01 9.1925956734387682e-01
8.8526292427720332e-01 4.1869818058566199e-01 1.4526316971080813e-01 1.2378160261890518e+00
8.3996054300764178e-01 5.0345297468172390e-01 1.4526316971080813e-01 1.5537160496775375e+00
7.8656888253977675e-01 5.8335924141620987e-01 1.4526316971080813e-01 1.8524443693508164e+00
7.2560213375076443e-01 6.5764743975925788e-01 1.4526316971080813e-01 2.1214583337692963e+00
6.5764743975925788e-01 7.2560213375076443e-01 1.4526316971080813e-01 2.3509286844353006e+00
5.8335924141620998e-01 7.8656888253977675e-01 1.4526316971080813e-01 2.5341579706719028e+00
5.0345297468172390e-01 8.3996054300764178e-01 1.4526316971080813e-01 2.6677295243559662e+00
4.1869818058566205e-01 8.8526292427720332e-01 1.4526316971080813e-01 2.7514169012297796e+00
3.2991109412685232e-01 9.2203973965203490e-01 1.4526316971080813e-01 2.7878502385531729e+00
2.3794678348385204e-01 9.4993680829582439e-01 1.4526316971080813e-01 2.7819464739311184e+00
1.4369091524095887e-01 9.6868546618744344e-01 1.4526316971080813e-01 2.7401360726216106e+00
4.8051224934851103e-02 9.7810515350233651e-01 1.4526316971080813e-01 2.6694498201854495e+00
9.8761643970273749e-01 4.8518484463132498e-02 4.8576997584143945e-02 9.5116897030432870e-02
9.7810515350233662e-01 1.4508819386111599e-01 4.8576997584143945e-02 3.3644019126305086e-01
9.5917417998704246e-01 2.4026062463894235e-01 4.8576997584143945e-02 6.1753967034974433e-01
9.3100583478053034e-01 3.3311921426167834e-01 4.8576997584143945e-02 9.2683454962824974e-01
8.9387139444552277e-01 4.2276968374958829e-01 4.8576997584143945e-02 1.2493042536262500e+00
8.4812848394219575e-01 5.0834865007357188e-01 4.8576997584143945e-02 1.5691527199889292e+00
7.9421763250431476e-01 5.8903194100570766e-01 4.8576997584143945e-02 1.8715071953859510e+00
7.3265803110189587e-01 6.6404253234834554e-01 4.8576997584143945e-02 2.1435446889746399e+00
6.6404253234834554e-01 7.3265803110189587e-01 4.8576997584143945e-02 2.3752392239684696e+00
5.8903194100570777e-01 7.9421763250431465e-01 4.8576997584143945e-02 2.5597668005994860e+00
5.0834865007357188e-01 8.4812848394219575e-01 4.8576997584143945e-02 2.6936437442960917e+00
4.2276968374958840e-01 8.9387139444552277e-01 4.8576997584143945e-02 2.7766441161906408e+00
3.3311921426167834e-01 9.3100583478053034e-01 4.8576997584143945e-02 2.8114859964387859e+00
2.4026062463894246e-01 9.5917417998704246e-01 4.8576997584143945e-02 2.8032743650931495e+00
1.4508819386111599e-01 9.7810515350233662e-01 4.8576997584143945e-02 2.7587146622009948e+00
4.8518484463132609e-02 9.8761643970273749e-01 4.8576997584143945e-02 2.6851503714663085e+00
4.7881373050990356e-02 2.3522610206318209e-03 9.7582316071245345e-01 -1.0454193789994611e-03
4.7420249253888304e-02 7.0341295023901044e-03 9.7582316071245345e-01 1.2790878256666716e-02
4.6502442533926207e-02 1.1648255471794043e-02 9.7582316071245345e-01 2.6480421602867114e-02
4.5136791871541487e-02 1.6150202373420450e-02 9.7582316071245345e-01 3.9901079773779644e-02
4.3336449229153501e-02 2.0496613997592148e-02 9.7582316071245345e-01 5.2910312456220382e-02
4.1118752890575837e-02 2.4645632024378080e-02 9.7582316071245345e-01 6.5356135932209417e-02
3.8505060483865143e-02 2.8557299142096343e-02 9.7582316071245345e-01 7.7101322043285861e-02
3.5520543295687643e-02 3.2193943858068536e-02 9.7582316071245345e-01 8.8036781831347791e-02
3.2193943858068536e-02 3.5520543295687643e-02 9.7582316071245345e-01 9.8071462140727109e-02
2.8557299142096350e-02 3.8505060483865136e-02 9.7582316071245345e-01 1.0711098671895342e-01
2.4645632024378080e-02 4.1118752890575837e-02 9.7582316071245345e-01 1.1504913086299769e-01
2.0496613997592152e-02 4.3336449229153501e-02 9.7582316071245345e-01 1.2178249781485231e-01
1.6150202373420450e-02 4.5136791871541487e-02 9.7582316071245345e-01 1.2723403419526780e-01
1.1648255471794048e-02 4.6502442533926207e-02 9.7582316071245345e-01 1.3136146473529908e-01
7.0341295023901044e-03 4.7420249253888304e-02 9.7582316071245345e-01 1.3414263126478068e-01
2.3522610206318266e-03 4.7881373050990356e-02 9.7582316071245345e-01 1.3555388211146829e-01
1.4318299535586901e-01 7.0341295023901036e-03 9.6642545023559101e-01 1.2589676808143681e-02
1.4180406483880487e-01 2.1034645994815967e-02 9.6642545023559101e-01 5.4093142192052267e-02
1.3905948365935597e-01 3.4832587347604589e-02 9.6642545023559101e-01 9.5448659195424362e-02
1.3497568363462117e-01 4.8295071842806639e-02 9.6642545023559101e-01 1.3618982030241619e-01
1.2959199399127080e-01 6.1292448395390678e-02 9.6642545023559101e-01 1.7589192234024550e-01
1.2296026260359447e-01 7.3699545164066557e-02 9.6642545023559101e-01 2.1409270495117774e-01
1.1514435667012861e-01 8.5396875024542962e-02 9.6642545023559101e-01 2.5036990160197031e-01
1.0621954763762131e-01 9.6271786295852507e-02 9.6642545023559101e-01 2.8428979661233761e-01
9.6271786295852507e-02 1.0621954763762131e-01 9.6642545023559101e-01 3.1546984072242201e-01
8.5396875024542976e-02 1.1514435667012859e-01 9.6642545023559101e-01 3.4352927799543037e-01
7.3699545164066557e-02 1.2296026260359447e-01 9.6642545023559101e-01 3.6815900728247142e-01
6.1292448395390692e-02 1.2959199399127080e-01 9.6642545023559101e-01 3.8904949137604411e-01
4.8295071842806639e-02 1.3497568363462117e-01 9.6642545023559101e-01 4.0599405898437946e-01
3.4832587347604610e-02 1.3905948365935597e-01 9.6642545023559101e-01 4.1876090044093878e-01
2.1034645994815967e-02 1.4180406483880487e-01 9.6642545023559101e-01 4.2727143829818176e-01
7.0341295023901200e-03 1.4318299535586901e-01 9.6642545023559101e-01 4.3136035390082178e-01
2.3710568714368352e-01 1.1648255471794043e-02 9.4772053437106940e-01 2.5744883172581050e-02
2.3482222976133671e-01 3.4832587347604596e-02 9.4772053437106940e-01 9.4286538476241244e-02
2.3027730593949983e-01 5.7681462365828558e-02 9.4772053437106940e-01 1.6312287406716994e-01
2.2351468577908531e-01 7.9974833369574824e-02 9.4772053437106940e-01 2.3144196934113864e-01
2.1459949700906214e-01 1.0149800300928107e-01 9.4772053437106940e-01 2.9839850106715610e-01
2.0361759777082358e-01 1.2204369139555554e-01 9.4772053437106940e-01 3.6313350264859678e-01
1.9067474975735063e-01 1.4141403231782274e-01 9.4772053437106940e-01 4.2479668344849292e-01
1.7589559967029347e-01 1.5942247880409571e-01 9.4772053437106940e-01 4.8256840928093481e-01
1.5942247880409571e-01 1.7589559967029347e-01 9.4772053437106940e-01 5.3568030723971094e-01
1.4141403231782276e-01 1.9067474975735063e-01 9.4772053437106940e-01 5.8343340339647354e-01
1.2204369139555554e-01 2.0361759777082358e-01 9.4772053437106940e-01 6.2521299054230151e-01
1.0149800300928108e-01 2.1459949700906214e-01 9.4772053437106940e-01 6.6049973359372049e-01
7.9974833369574824e-02 2.2351468577908531e-01 9.4772053437106940e-01 6.8887685352908679e-01
5.7681462365828585e-02 2.3027730593949983e-01 9.4772053437106940e-01 7.1003344095469101e-01
3.4832587347604596e-02 2.3482222976133671e-01 9.4772053437106940e-01 7.2376527382732958e-01
1.1648255471794069e-02 2.3710568714368352e-01 9.4772053437106940e-01 7.2996378172133547e-01
3.2874492154915119e-01 1.6150202373420450e-02 9.1988855168381134e-01 3.8054722920311354e-02
3.2557892824437851e-01 4.8295071842806639e-02 9.1988855168381134e-01 1.3242185509323109e-01
3.1927743188106600e-01 7.9974833369574824e-02 9.1988855168381134e-01 2.2806333773507914e-01
3.0990111931394082e-01 1.1088439353230299e-01 9.1988855168381134e-01 3.2371896783415166e-01
2.9754028955863809e-01 1.4072607636973969e-01 9.1988855168381134e-01 4.1802385276579851e-01
2.8231398416281833e-01 1.6921249016303722e-01 9.1988855168381134e-01 5.0957259310947800e-01
2.6436884077098849e-01 1.9606929517510832e-01 9.1988855168381134e-01 5.9696878857616620e-01
2.4387768092382506e-01 2.2103784569226367e-01 9.1988855168381134e-01 6.7887328266924707e-01
2.2103784569226367e-01 2.4387768092382506e-01 9.1988855168381134e-01 7.5404772626020022e-01
1.9606929517510838e-01 2.6436884077098843e-01 9.1988855168381134e-01 8.2139079753297051e-01
1.6921249016303722e-01 2.8231398416281833e-01 9.1988855168381134e-01 8.7996527881222630e-01
1.4072607636973974e-01 2.9754028955863809e-01 9.1988855168381134e-01 9.2901514590513212e-01
1.1088439353230299e-01 3.0990111931394082e-01 9.1988855168381134e-01 9.6797276801859966e-01
7.9974833369574852e-02 3.1927743188106600e-01 9.1988855168381134e-01 9.9645714998407897e-01
4.8295071842806639e-02 3.2557892824437851e-01 9.1988855168381134e-01 1.0142643603287897e+00
1.6150202373420484e-02 3.2874492154915119e-01 9.1988855168381134e-01 1.0214444456918055e+00
4.1721816264984618e-01 2.0496613997592148e-02 8.8319753938160417e-01 4.9265981948978757e-02
4.1320012366888054e-01 6.1292448395390678e-02 8.8319753938160417e-01 1.6770281603371057e-01
4.0520274161881947e-01 1.0149800300928105e-01 8.8319753938160417e-01 2.8903255976183895e-01
3.9330303566061880e-01 1.4072607636973972e-01 8.8319753938160417e-01 4.1139288518540595e-01
3.7761560646769698e-01 1.7859888068605917e-01 8.8319753938160417e-01 5.3274922231391242e-01
3.5829153255880297e-01 2.1475168014929247e-01 8.8319753938160417e-01 6.5098575716709850e-01
3.3551691532929279e-01 2.4883630353747821e-01 8.8319753938160417e-01 7.6400104215537368e-01
3.0951108679295869e-01 2.8052449729483764e-01 8.8319753938160417e-01 8.6979881132741022e-01
2.8052449729483764e-01 3.0951108679295869e-01 8.8319753938160417e-01 9.6656709284593612e-01
2.4883630353747827e-01 3.3551691532929273e-01 8.8319753938160417e-01 1.0527404141120815e+00
2.1475168014929247e-01 3.5829153255880297e-01 8.8319753938160417e-01 1.1270419362697814e+00
1.7859888068605920e-01 3.7761560646769698e-01 8.8319753938160417e-01 1.1885045390635680e+00
1.4072607636973972e-01 3.9330303566061880e-01 8.8319753938160417e-01 1.2364719404447946e+00
1.0149800300928111e-01 4.0520274161881947e-01 8.8319753938160417e-01 1.2705826426387838e+00
6.1292448395390678e-02 4.1320012366888054e-01 8.8319753938160417e-01 1.2907407077465149e+00
2.0496613997592193e-02 4.1721816264984618e-01 8.8319753938160417e-01 1.2970812186211189e+00
5.0167336476957547e-01 2.4645632024378080e-02 8.3800085197026586e-01 5.9113219720945950e-02
4.9684197602428715e-01 7.3699545164066571e-02 8.3800085197026586e-01 1.9954772353131320e-01
4.8722572744843329e-01 1.2204369139555554e-01 8.3800085197026586e-01 3.4511714681027728e-01
4.7291722877257564e-01 1.6921249016303724e-01 8.3800085197026586e-01 4.9324048099608286e-01
4.5405427866078368e-01 2.1475168014929247e-01 8.3800085197026586e-01 6.4103906758946283e-01
4.3081853763417144e-01 2.5822269406050008e-01 8.3800085197026586e-01 7.8549902500056501e-01
4.0343377858077323e-01 2.9920688226902181e-01 8.3800085197026586e-01 9.2363646896638163e-01
3.7216373170030537e-01 3.3730954463817314e-01 8.3800085197026586e-01 1.0526505676068560e+00
3.3730954463817314e-01 3.7216373170030537e-01 8.3800085197026586e-01 1.1700524098561631e+00
2.9920688226902187e-01 4.0343377858077317e-01 8.3800085197026586e-01 1.2737610522354279e+00
2.5822269406050008e-01 4.3081853763417144e-01 8.3800085197026586e-01 1.3621620836827670e+00
2.1475168014929252e-01 4.5405427866078368e-01 8.3800085197026586e-01 1.4341282437708791e+00
1.6921249016303724e-01 4.7291722877257564e-01 8.3800085197026586e-01 1.4890053997483379e+00
1.2204369139555560e-01 4.8722572744843329e-01 8.3800085197026586e-01 1.5265700552479216e+00
7.3699545164066571e-02 4.9684197602428715e-01 8.3800085197026586e-01 1.5469663761529262e+00
2.4645632024378139e-02 5.0167336476957547e-01 8.3800085197026586e-01 1.5506315419895353e+00
5.8129717814401660e-01 2.8557299142096346e-02 7.8473375825659009e-01 6.7518541732234830e-02
5.7569896854912839e-01 8.5396875024542976e-02 7.8473375825659009e-01 2.2762325967173752e-01
5.6455646317804342e-01 1.4141403231782276e-01 7.8473375825659009e-01 3.9574739170439477e-01
5.4797697044859828e-01 1.9606929517510835e-01 7.8473375825659009e-01 5.6844746854949735e-01
5.2612015993905015e-01 2.4883630353747824e-01 7.8473375825659009e-01 7.4181524189895709e-01
4.9919652468275399e-01 2.9920688226902181e-01 7.8473375825659009e-01 9.1174137017637591e-01
4.6746535400518407e-01 3.4669593516119518e-01 7.8473375825659009e-01 1.0741773126650886e+00
4.3123223642598779e-01 3.9084611667448954e-01 7.8473375825659009e-01 1.2253719054574239e+00
3.9084611667448954e-01 4.3123223642598779e-01 7.8473375825659009e-01 1.3620643561218624e+00
3.4669593516119523e-01 4.6746535400518402e-01 7.8473375825659009e-01 1.4816209580659965e+00
2.9920688226902181e-01 4.9919652468275399e-01 7.8473375825659009e-01 1.5821095636109006e+00
2.4883630353747829e-01 5.2612015993905015e-01 7.8473375825659009e-01 1.6623129830356593e+00
1.9606929517510835e-01 5.4797697044859828e-01 7.8473375825659009e-01 1.7216885271572087e+00
1.4141403231782282e-01 5.6455646317804342e-01 7.8473375825659009e-01 1.7602850998384203e+00
8.5396875024542976e-02 5.7569896854912839e-01 7.8473375825659009e-01 1.7786315559393275e+00
2.8557299142096412e-02 5.8129717814401660e-01 7.8473375825659009e-01 1.7776107701432500e+00
6.5532278192356930e-01 3.2193943858068536e-02 7.2390924947179502e-01 7.4502194098922780e-02
6.4901166529777266e-01 9.6271786295852507e-02 7.2390924947179502e-01 2.5183039889811676e-01
6.3645021154929315e-01 1.5942247880409571e-01 7.2390924947179502e-01 4.4065492080193708e-01
6.1775939434451776e-01 2.2103784569226370e-01 7.2390924947179502e-01 6.3652972166213151e-01
5.9311921647056842e-01 2.8052449729483764e-01 7.2390924947179502e-01 8.3433927348731596e-01
5.6276697631006267e-01 3.3730954463817314e-01 7.2390924947179502e-01 1.0286916092972003e+00
5.2699498252796839e-01 3.9084611667448949e-01 7.2390924947179502e-01 1.2143046069242882e+00
4.8614773897936814e-01 4.4061862694900955e-01 7.2390924947179502e-01 1.3863465970613786e+00
4.4061862694900955e-01 4.8614773897936814e-01 7.2390924947179502e-01 1.5407065954532775e+00
3.9084611667448960e-01 5.2699498252796839e-01 7.2390924947179502e-01 1.6741770454865059e+00
3.3730954463817314e-01 5.6276697631006267e-01 7.2390924947179502e-01 1.7845421685551783e+00
2.8052449729483775e-01 5.9311921647056842e-01 7.2390924947179502e-01 1.8705760052900309e+00
2.2103784569226370e-01 6.1775939434451776e-01 7.2390924947179502e-01 1.9319630786017852e+00
1.5942247880409580e-01 6.3645021154929315e-01 7.2390924947179502e-01 1.9691603309325065e+00
9.6271786295852507e-02 6.4901166529777266e-01 7.2390924947179502e-01 1.9832218205197960e+00
3.2193943858068612e-02 6.5532278192356930e-01 7.2390924947179502e-01 1.9756112791387510e+00
7.2303726907732546e-01 3.5520543295687643e-02 6.5611309888553693e-01 8.0147460394449310e-02
7.1607402492373418e-01 1.0621954763762131e-01 6.5611309888553693e-01 2.7225234600676562e-01
7.0221459646424711e-01 1.7589559967029347e-01 6.5611309888553693e-01 4.7979187733209161e-01
6.8159245757126341e-01 2.4387768092382509e-01 6.5611309888553693e-01 6.9722088520935910e-01
6.5440621071553040e-01 3.0951108679295869e-01 6.5611309888553693e-01 9.1807007920504191e-01
6.2091767431578293e-01 3.7216373170030531e-01 6.5611309888553693e-01 1.1355113636381200e+00
5.8144936128424685e-01 4.3123223642598774e-01 6.5611309888553693e-01 1.3428931393058285e+00
5.3638137305099032e-01 4.8614773897936814e-01 6.5611309888553693e-01 1.5342022847012362e+00
4.8614773897936814e-01 5.3638137305099032e-01 6.5611309888553693e-01 1.7044225924859093e+00
4.3123223642598779e-01 5.8144936128424674e-01 6.5611309888553693e-01 1.8497677744075147e+00
3.7216373170030531e-01 6.2091767431578293e-01 6.5611309888553693e-01 1.9677813078212154e+00
3.0951108679295880e-01 6.5440621071553040e-01 6.5611309888553693e-01 2.0573110698433164e+00
2.4387768092382509e-01 6.8159245757126341e-01 6.5611309888553693e-01 2.1183788500889538e+00
1.7589559967029356e-01 7.0221459646424711e-01 6.5611309888553693e-01 2.1519725985805191e+00
1.0621954763762131e-01 7.1607402492373418e-01 6.5611309888553693e-01 2.1597930818583411e+00
3.5520543295687719e-02 7.2303726907732546e-01 6.5611309888553693e-01 2.1439875227196756e+00
7.8378851207749023e-01 3.8505060483865136e-02 5.8199822048910743e-01 8.4603635104649966e-02
7.7624020024379980e-01 1.1514435667012859e-01 5.8199822048910743e-01 2.8908826259578840e-01
7.6121627094570432e-01 1.9067474975735060e-01 5.8199822048910743e-01 5.1324742548881797e-01
7.3886141283525963e-01 2.6436884077098843e-01 5.8199822048910743e-01 7.5037521666498919e-01
7.0939091541647781e-01 3.3551691532929273e-01 5.8199822048910743e-01 9.9255660726947392e-01
6.7308859568971446e-01 4.0343377858077312e-01 5.8199822048910743e-01 1.2314299298985649e+00
6.3030406483880486e-01 4.6746535400518396e-01 5.8199822048910743e-01 1.4588892294480367e+00
5.8144936128424674e-01 5.2699498252796828e-01 5.8199822048910743e-01 1.6676800710685715e+00
5.2699498252796828e-01 5.8144936128424674e-01 5.8199822048910743e-01 1.8518545468569731e+00
4.6746535400518407e-01 6.3030406483880475e-01 5.8199822048910743e-01 2.0070580222838910e+00
4.0343377858077312e-01 6.7308859568971446e-01 5.8199822048910743e-01 2.1306387451029556e+00
3.3551691532929279e-01 7.0939091541647781e-01 5.8199822048910743e-01 2.2215925557074665e+00
2.6436884077098843e-01 7.3886141283525963e-01 5.8199822048910743e-01 2.2803708197096153e+00
1.9067474975735069e-01 7.6121627094570432e-01 5.8199822048910743e-01 2.3085902292761298e+00
1.1514435667012859e-01 7.7624020024379980e-01 5.8199822048910743e-01 2.3086887096371069e+00
3.8505060483865219e-02 7.8378851207749023e-01 5.8199822048910743e-01 2.2835712754699027e+00
8.3699144324396479e-01 4.1118752890575837e-02 5.0227838107677758e-01 8.8005793051476683e-02
8.2893075809946071e-01 1.2296026260359448e-01 5.0227838107677758e-01 3.0259878913294219e-01
8.1288701661481255e-01 2.0361759777082358e-01 5.0227838107677758e-01 5.4119015601585929e-01
7.8901472879091894e-01 2.8231398416281839e-01 5.0227838107677758e-01 7.9591352788861880e-01
7.5754379780944392e-01 3.5829153255880303e-01 5.0227838107677758e-01 1.0573884700621312e+00
7.1877730593949996e-01 4.3081853763417138e-01 5.0227838107677758e-01 1.3156956781094957e+00
6.7308859568971457e-01 4.9919652468275399e-01 5.0227838107677758e-01 1.5612555513916064e+00
6.2091767431578304e-01 5.6276697631006267e-01 5.0227838107677758e-01 1.7855642961863860e+00
5.6276697631006267e-01 6.2091767431578304e-01 5.0227838107677758e-01 1.9817503954024200e+00
4.9919652468275405e-01 6.7308859568971446e-01 5.0227838107677758e-01 2.1449171419018960e+00
4.3081853763417138e-01 7.1877730593949996e-01 5.0227838107677758e-01 2.2722608393363299e+00
3.5829153255880308e-01 7.5754379780944392e-01 5.0227838107677758e-01 2.3629814930494888e+00
2.8231398416281839e-01 7.8901472879091894e-01 5.0227838107677758e-01 2.4180225304317755e+00
2.0361759777082369e-01 8.1288701661481255e-01 5.0227838107677758e-01 2.4396897577505228e+00
1.2296026260359448e-01 8.2893075809946071e-01 5.0227838107677758e-01 2.4312077040587656e+00
4.1118752890575934e-02 8.3699144324396479e-01 5.0227838107677758e-01 2.3962714754209542e+00
8.8213368926593505e-01 4.3336449229153501e-02 4.1772132628138570e-01 9.0472613116726414e-02
8.7363825961497743e-01 1.2959199399127083e-01 4.1772132628138570e-01 3.1307718620110730e-01
8.5672921594467510e-01 2.1459949700906217e-01 4.1772132628138570e-01 5.6384155744303899e-01
8.3156940158899673e-01 2.9754028955863815e-01 4.1772132628138570e-01 8.3380601795332476e-01
7.9840111931394087e-01 3.7761560646769698e-01 4.1772132628138570e-01 1.1121867190935206e+00
7.5754379780944392e-01 4.5405427866078368e-01 4.1772132628138570e-01 1.3875669189199120e+00
7.0939091541647803e-01 5.2612015993905015e-01 4.1772132628138570e-01 1.6489508669209021e+00
6.5440621071553040e-01 5.9311921647056842e-01 4.1772132628138570e-01 1.8866394200785377e+00
5.9311921647056842e-01 6.5440621071553040e-01 4.1772132628138570e-01 2.0928875817288981e+00
5.2612015993905026e-01 7.0939091541647792e-01 4.1772132628138570e-01 2.2623016884978062e+00
4.5405427866078368e-01 7.5754379780944392e-01 4.1772132628138570e-01 2.3919646562360288e+00
3.7761560646769710e-01 7.9840111931394087e-01 4.1772132628138570e-01 2.4813113443435797e+00
2.9754028955863815e-01 8.3156940158899673e-01 4.1772132628138570e-01 2.5317990204687733e+00
2.1459949700906225e-01 8.5672921594467510e-01 4.1772132628138570e-01 2.5464342266279520e+00
1.2959199399127083e-01 8.7363825961497743e-01 4.1772132628138570e-01 2.5292275410338432e+00
4.3336449229153598e-02 8.8213368926593505e-01 4.1772132628138570e-01 2.4846487083450297e+00
9.1878050563694769e-01 4.5136791871541487e-02 3.2914138676419896e-01 9.2119695248055064e-02
9.0993214711114956e-01 1.3497568363462120e-01 3.2914138676419896e-01 3.2084104753118731e-01
8.9232064458916149e-01 2.2351468577908531e-01 3.2914138676419896e-01 5.8146466194753521e-01
8.6611560646769703e-01 3.0990111931394082e-01 3.2914138676419896e-01 8.6406667164662920e-01
8.3156940158899673e-01 3.9330303566061880e-01 3.2914138676419896e-01 1.1566052127524795e+00
7.8901472879091894e-01 4.7291722877257564e-01 3.2914138676419896e-01 1.4463156382060751e+00
7.3886141283525975e-01 5.4797697044859828e-01 3.2914138676419896e-01 1.7209275507654240e+00
6.8159245757126352e-01 6.1775939434451776e-01 3.2914138676419896e-01 1.9696701929991027e+00
6.1775939434451776e-01 6.8159245757126352e-01 3.2914138676419896e-01 2.1840233930680455e+00
5.4797697044859839e-01 7.3886141283525963e-01 3.2914138676419896e-01 2.3581635826383991e+00
4.7291722877257564e-01 7.8901472879091894e-01 3.2914138676419896e-01 2.4890934662756941e+00
3.9330303566061892e-01 8.3156940158899673e-01 3.2914138676419896e-01 2.5764837129181353e+00
3.0990111931394082e-01 8.6611560646769703e-01 3.2914138676419896e-01 2.6222796579755179e+00
2.2351468577908543e-01 8.9232064458916149e-01 3.2914138676419896e-01 2.6301435451512312e+00
1.3497568363462120e-01 9.0993214711114956e-01 3.2914138676419896e-01 2.6048145214192036e+00
4.5136791871541591e-02 9.1878050563694769e-01 3.2914138676419896e-01 2.5514711396564085e+00
9.4657896348216208e-01 4.6502442533926207e-02 2.3739163576548891e-01 9.3082754969280229e-02
9.3746289061113175e-01 1.3905948365935600e-01 2.3739163576548891e-01 3.2622649234124868e-01
9.1931853763417137e-01 2.3027730593949983e-01 2.3739163576548891e-01 5.9434649420319563e-01
8.9232064458916149e-01 3.1927743188106600e-01 2.3739163576548891e-01 8.8673834896501513e-01
8.5672921594467499e-01 4.0520274161881942e-01 2.3739163576548891e-01 1.1903274933925088e+00
8.1288701661481244e-01 4.8722572744843323e-01 2.3739163576548891e-01 1.4912394786877996e+00
7.6121627094570432e-01 5.6455646317804331e-01 2.3739163576548891e-01 1.7761554449662555e+00
7.0221459646424711e-01 6.3645021154929304e-01 2.3739163576548891e-01 2.0334273696627476e+00
6.3645021154929304e-01 7.0221459646424711e-01 2.3739163576548891e-01 2.2539068502247037e+00
5.6455646317804342e-01 7.6121627094570432e-01 2.3739163576548891e-01 2.4314295024776267e+00
4.8722572744843323e-01 8.1288701661481244e-01 2.3739163576548891e-01 2.5629456480119255e+00
4.0520274161881953e-01 8.5672921594467499e-01 2.3739163576548891e-01 2.6483330112647878e+00
3.1927743188106600e-01 8.9232064458916149e-01 2.3739163576548891e-01 2.6899513530157542e+00
2.3027730593949991e-01 9.1931853763417137e-01 2.3739163576548891e-01 2.6920157847789610e+00
1.3905948365935600e-01 9.3746289061113175e-01 2.3739163576548891e-01 2.6598777243820182e+00
4.6502442533926311e-02 9.4657896348216208e-01 2.3739163576548891e-01 2.5993070071151916e+00
9.6526134845634626e-01 4.7420249253888304e-02 1.4335567354288842e-01 9.3532650648377194e-02
9.5596535400518412e-01 1.4180406483880487e-01 1.4335567354288842e-01 3.2956721421525104e-01
9.3746289061113175e-01 2.3482222976133668e-01 1.4335567354288842e-01 6.0276281861078740e-01
9.0993214711114956e-01 3.2557892824437851e-01 1.4335567354288842e-01 9.0186413282998068e-01
8.7363825961497743e-01 4.1320012366888054e-01 1.4335567354288842e-01 1.2130611317949678e+00
8.2893075809946060e-01 4.9684197602428709e-01 1.4335567354288842e-01 1.5216880440060130e+00
7.7624020024379992e-01 5.7569896854912828e-01 1.4335567354288842e-01 1.8136796418973120e+00
7.1607402492373418e-01 6.4901166529777266e-01 1.4335567354288842e-01 2.0767667430729215e+00
6.4901166529777266e-01 7.1607402492373418e-01 1.4335567354288842e-01 2.3013608383727937e+00
5.7569896854912839e-01 7.7624020024379980e-01 1.4335567354288842e-01 2.4810636042059038e+00
4.9684197602428709e-01 8.2893075809946060e-01 1.4335567354288842e-01 2.6127955006761763e+00
4.1320012366888065e-01 8.7363825961497743e-01 1.4335567354288842e-01 2.6965869218531506e+00
3.2557892824437851e-01 9.0993214711114956e-01 1.4335567354288842e-01 2.7350971213517390e+00
2.3482222976133679e-01 9.3746289061113175e-01 1.4335567354288842e-01 2.7329403557147671e+00
1.4180406483880487e-01 9.5596535400518412e-01 1.4335567354288842e-01 2.6959106886705069e+00
4.7420249253888415e-02 9.6526134845634626e-01 1.4335567354288842e-01 2.6302037607953026e+00
9.7464773897936818e-01 4.7881373050990356e-02 4.7939117817887511e-02 9.3665444636553657e-02
9.6526134845634637e-01 1.4318299535586901e-01 4.7939117817887511e-02 3.3115311053870422e-01
9.4657896348216208e-01 2.3710568714368352e-01 4.7939117817887511e-02 6.0692937683927195e-01
9.1878050563694769e-01 3.2874492154915125e-01 4.7939117817887511e-02 9.0945435708534328e-01
8.8213368926593505e-01 4.1721816264984618e-01 4.7939117817887511e-02 1.2245376671955652e+00
8.3699144324396479e-01 5.0167336476957547e-01 4.7939117817887511e-02 1.5371037831277632e+00
7.8378851207749045e-01 5.8129717814401649e-01 4.7939117817887511e-02 1.8327003424053119e+00
7.2303726907732546e-01 6.5532278192356919e-01 4.7939117817887511e-02 2.0987370299394628e+00
6.5532278192356919e-01 7.2303726907732546e-01 4.7939117817887511e-02 2.3254005926727710e+00
5.8129717814401660e-01 7.8378851207749034e-01 4.7939117817887511e-02 2.5061759584647261e+00
5.0167336476957547e-01 8.3699144324396479e-01 4.7939117817887511e-02 2.6379710886110446e+00
4.1721816264984629e-01 8.8213368926593505e-01 4.7939117817887511e-02 2.7208960942092215e+00
3.2874492154915125e-01 9.1878050563694769e-01 4.7939117817887511e-02 2.7577652974363249e+00
2.3710568714368363e-01 9.4657896348216208e-01 4.7939117817887511e-02 2.7534011802680736e+00
1.4318299535586901e-01 9.6526134845634637e-01 4.7939117817887511e-02 2.7138304396149562e+00
4.7881373050990467e-02 9.7464773897936818e-01 4.7939117817887511e-02 2.6454715451295816e+00
4.9748032114112710e-02 4.8997534971762357e-03 5.0754421060282040e-01 3.3353327966741874e-03
4.7836243138985185e-02 1.4510965712445640e-02 5.0754421060282040e-01 2.4931907253105845e-02
4.4086134166900680e-02 2.3564529653229090e-02 5.0754421060282040e-01 4.5825971075438898e-02
3.8641819782571057e-02 3.1712521934579414e-02 5.0754421060282040e-01 6.5011773206011161e-02
3.1712521934579414e-02 3.8641819782571057e-02 5.0754421060282040e-01 8.1127487798173678e-02
2.3564529653229097e-02 4.4086134166900673e-02 5.0754421060282040e-01 9.3539657375697347e-02
1.4510965712445640e-02 4.7836243138985192e-02 5.0754421060282040e-01 1.0229620456706411e-01
4.8997534971762444e-03 4.9748032114112710e-02 5.0754421060282040e-01 1.0710360526398487e-01
1.4733230736721059e-01 1.4510965712445640e-02 4.8803957122342650e-01 2.4283763527447523e-02
1.4167040941999853e-01 4.2975248862850958e-02 4.8803957122342650e-01 8.9938582846582016e-02
1.3056419708845690e-01 6.9788017300254135e-02 4.8803957122342650e-01 1.5342771184256315e-01
1.1444047588405114e-01 9.3918871370379547e-02 4.8803957122342650e-01 2.1181046711044646e-01
9.3918871370379547e-02 1.1444047588405114e-01 4.8803957122342650e-01 2.6220929481885585e-01
6.9788017300254163e-02 1.3056419708845687e-01 4.8803957122342650e-01 3.0210909315879869e-01
4.2975248862850958e-02 1.4167040941999856e-01 4.8803957122342650e-01 3.2954510381731184e-01
1.4510965712445666e-02 1.4733230736721056e-01 4.8803957122342650e-01 3.4319586275147818e-01
2.3925468467309649e-01 2.3564529653229090e-02 4.4977984481766109e-01 4.3767220937731291e-02
2.3006026131668234e-01 6.9788017300254135e-02 4.4977984481766109e-01 1.5114107982438216e-01
2.1202475113714905e-01 1.1332959058000143e-01 4.4977984481766109e-01 2.5686884336777427e-01
1.8584124867626542e-01 1.5251597124972588e-01 4.4977984481766109e-01 3.5507668130961545e-01
1.5251597124972588e-01 1.8584124867626542e-01 4.4977984481766109e-01 4.4008947336351478e-01
1.1332959058000147e-01 2.1202475113714903e-01 4.4977984481766109e-01 5.0705422583428184e-01
6.9788017300254135e-02 2.3006026131668236e-01 4.4977984481766109e-01 5.5238525961449447e-01
2.3564529653229128e-02 2.3925468467309646e-01 4.4977984481766109e-01 5.7397671770203706e-01
3.2198263862256821e-01 3.1712521934579421e-02 3.9423533121499588e-01 6.0707849520947280e-02
3.0960902639024696e-01 9.3918871370379547e-02 3.9423533121499588e-01 2.0571381386858797e-01
2.8533731290449088e-01 1.5251597124972588e-01 3.9423533121499588e-01 3.5081099506214997e-01
2.5010024650282381e-01 2.0525196788588729e-01 3.9423533121499588e-01 4.8658236095057084e-01
2.0525196788588729e-01 2.5010024650282381e-01 3.9423533121499588e-01 6.0396545175122451e-01
1.5251597124972593e-01 2.8533731290449083e-01 3.9423533121499588e-01 6.9547579504976853e-01
9.3918871370379547e-02 3.0960902639024696e-01 3.9423533121499588e-01 7.5598200426820028e-01
3.1712521934579470e-02 3.2198263862256821e-01 3.9423533121499588e-01 7.8288647817915658e-01
3.9233698033971870e-01 3.8641819782571057e-02 3.2354057492345922e-01 7.4522612960990470e-02
3.7725969021037670e-01 1.1444047588405114e-01 3.2354057492345922e-01 2.5126615362106336e-01
3.4768452175592168e-01 1.8584124867626542e-01 3.2354057492345922e-01 4.3071915300551483e-01
3.0474803211411272e-01 2.5010024650282375e-01 3.2354057492345922e-01 5.9953758707624782e-01
2.5010024650282375e-01 3.0474803211411272e-01 3.2354057492345922e-01 7.4498580517631730e-01
1.8584124867626550e-01 3.4768452175592163e-01 3.2354057492345922e-01 8.5691347644829796e-01
1.1444047588405114e-01 3.7725969021037675e-01 3.2354057492345922e-01 9.2889014807171533e-01
3.8641819782571120e-02 3.9233698033971864e-01 3.2354057492345922e-01 9.5836911527806656e-01
4.4761403192752713e-01 4.4086134166900673e-02 2.4041233578125890e-01 8.4915187344994023e-02
4.3041247570539332e-01 1.3056419708845687e-01 2.4041233578125890e-01 2.8626006776559421e-01
3.9667040941999854e-01 2.1202475113714903e-01 2.4041233578125890e-01 4.9321647916910000e-01
3.4768452175592163e-01 2.8533731290449083e-01 2.4041233578125890e-01 6.8864745143382877e-01
2.8533731290449083e-01 3.4768452175592163e-01 2.4041233578125890e-01 8.5633198644675024e-01
2.1202475113714908e-01 3.9667040941999848e-01 2.4041233578125890e-01 9.8372561385780355e-01
1.3056419708845687e-01 4.3041247570539337e-01 2.4041233578125890e-01 1.0634283860302192e+00
4.4086134166900749e-02 4.4761403192752708e-01 2.4041233578125890e-01 1.0932088626097551e+00
4.8568952729320197e-01 4.7836243138985185e-02 1.4804518539977579e-01 9.1762158181288953e-02
4.6702475113714903e-01 1.4167040941999856e-01 1.4804518539977579e-01 3.0984023585782938e-01
4.3041247570539343e-01 2.3006026131668234e-01 1.4804518539977579e-01 5.3601446229501359e-01
3.7725969021037675e-01 3.0960902639024696e-01 1.4804518539977579e-01 7.5012481669655262e-01
3.0960902639024696e-01 3.7725969021037675e-01 1.4804518539977579e-01 9.3319730745078311e-01
2.3006026131668242e-01 4.3041247570539337e-01 1.4804518539977579e-01 1.0708669384757599e+00
1.4167040941999856e-01 4.6702475113714909e-01 1.4804518539977579e-01 1.1551154550122169e+00
4.7836243138985268e-02 4.8568952729320192e-01 1.4804518539977579e-01 1.1841132786852031e+00
5.0510024650282381e-01 4.9748032114112710e-02 4.9988741568075992e-02 9.5117624765599693e-02
4.8568952729320186e-01 1.4733230736721059e-01 4.9988741568075992e-02 3.2170026790310408e-01
4.4761403192752713e-01 2.3925468467309646e-01 4.9988741568075992e-02 5.5780461916148505e-01
3.9233698033971864e-01 3.2198263862256815e-01 4.9988741568075992e-02 7.8160632781124151e-01
3.2198263862256815e-01 3.9233698033971864e-01 4.9988741568075992e-02 9.7259500397410092e-01
2.3925468467309655e-01 4.4761403192752708e-01 4.9988741568075992e-02 1.1153998921757098e+00
1.4733230736721059e-01 4.8568952729320192e-01 4.9988741568075992e-02 1.2017104578605893e+00
4.9748032114112793e-02 5.0510024650282370e-01 4.9988741568075992e-02 1.2299656656550808e+00
5.1016119207217547e-02 5.0246491745552383e-03 5.2048161204955901e-01 3.7161242631255876e-03
4.9055598356253435e-02 1.4880853073743275e-02 5.2048161204955901e-01 2.6444556937663687e-02
4.5209898371155015e-02 2.4165194134585909e-02 5.2048161204955901e-01 4.7949196956101357e-02
3.9626807345656205e-02 3.2520880336833403e-02 5.2048161204955901e-01 6.7436841637683570e-02
3.2520880336833403e-02 3.9626807345656205e-02 5.2048161204955901e-01 8.4094057850613940e-02
2.4165194134585920e-02 4.5209898371155008e-02 5.2048161204955901e-01 9.7223786799335229e-02
1.4880853073743275e-02 4.9055598356253442e-02 5.2048161204955901e-01 1.0635279585465068e-01
5.0246491745552469e-03 5.1016119207217547e-02 5.2048161204955901e-01 1.1124460055907547e-01
1.5108783677068849e-01 1.4880853073743273e-02 5.0047979558794520e-01 2.6103301013170141e-02
1.4528161593462596e-01 4.4070696382884404e-02 5.0047979558794520e-01 9.3794036642286943e-02
1.3389230407306463e-01 7.1566927545162570e-02 5.0047979558794520e-01 1.5926373425225124e-01
1.1735758605364459e-01 9.6312881817075480e-02 5.0047979558794520e-01 2.1944494964793704e-01
9.6312881817075480e-02 1.1735758605364459e-01 5.0047979558794520e-01 2.7138766806989151e-01
7.1566927545162598e-02 1.3389230407306460e-01 5.0047979558794520e-01 3.1250336342166768e-01
4.4070696382884404e-02 1.4528161593462596e-01 5.0047979558794520e-01 3.4076496268012235e-01
1.4880853073743299e-02 1.5108783677068849e-01 5.0047979558794520e-01 3.5483918062851078e-01
2.4535333349809699e-01 2.4165194134585909e-02 4.6124482125418970e-01 4.6384288009744201e-02
2.3592454248749972e-01 7.1566927545162584e-02 4.6124482125418970e-01 1.5701125030015362e-01
2.1742930361711560e-01 1.1621838406537402e-01 4.6124482125418970e-01 2.6590120016362861e-01
1.9057837854448395e-01 1.5640363326197379e-01 4.6124482125418970e-01 3.6707085471580686e-01
1.5640363326197379e-01 1.9057837854448395e-01 4.6124482125418970e-01 4.5468610931593945e-01
1.1621838406537406e-01 2.1742930361711557e-01 4.6124482125418970e-01 5.2372195782078101e-01
7.1566927545162584e-02 2.3592454248749975e-01 4.6124482125418970e-01 5.7044991546155854e-01
2.4165194134585951e-02 2.4535333349809696e-01 4.6124482125418970e-01 5.9268018420429924e-01
3.3019003921490819e-01 3.2520880336833403e-02 4.0428446710871146e-01 6.3804772433015342e-02
3.1750102118058654e-01 9.6312881817075494e-02 4.0428446710871146e-01 2.1302010046745087e-01
2.9261061695891905e-01 1.5640363326197379e-01 4.0428446710871146e-01 3.6238498637604738e-01
2.5647535082544476e-01 2.1048388079278246e-01 4.0428446710871146e-01 5.0230106941937402e-01
2.1048388079278246e-01 2.5647535082544476e-01 4.0428446710871146e-01 6.2339890380604168e-01
1.5640363326197385e-01 2.9261061695891899e-01 4.0428446710871146e-01 7.1786398169850396e-01
9.6312881817075494e-02 3.1750102118058660e-01 4.0428446710871146e-01 7.8031299598757009e-01
3.2520880336833459e-02 3.3019003921490814e-01 4.0428446710871146e-01 8.0807645355901281e-01
4.0233772689739783e-01 3.9626807345656198e-02 3.3178768761758659e-01 7.7784035476300070e-02
3.8687611368632746e-01 1.1735758605364460e-01 3.3178768761758659e-01 2.5953198995035198e-01
3.5654706838891576e-01 1.9057837854448395e-01 3.3178768761758659e-01 4.4428036430842638e-01
3.1251611920721756e-01 2.5647535082544476e-01 3.3178768761758659e-01 6.1839014978542062e-01
2.5647535082544476e-01 3.1251611920721756e-01 3.3178768761758659e-01 7.6861054271191653e-01
1.9057837854448403e-01 3.5654706838891576e-01 3.3178768761758659e-01 8.8427196335169567e-01
1.1735758605364460e-01 3.8687611368632752e-01 3.3178768761758659e-01 9.5859849504088446e-01
3.9626807345656268e-02 4.0233772689739777e-01 3.3178768761758659e-01 9.8894051962380403e-01
4.5902380136881704e-01 4.5209898371155001e-02 2.4654049335999687e-01 8.8104949136729852e-02
4.4138377410572688e-01 1.3389230407306460e-01 2.4654049335999687e-01 2.9511718717190677e-01
4.0678161593462597e-01 2.1742930361711557e-01 2.4654049335999687e-01 5.0828679453655168e-01
3.5654706838891570e-01 2.9261061695891899e-01 2.4654049335999687e-01 7.1003068790949786e-01
2.9261061695891899e-01 3.5654706838891570e-01 2.4654049335999687e-01 8.8337507503231760e-01
2.1742930361711563e-01 4.0678161593462592e-01 2.4654049335999687e-01 1.0150727281018233e+00
1.3389230407306460e-01 4.4138377410572693e-01 2.4654049335999687e-01 1.0973272789543453e+00
4.5209898371155077e-02 4.5902380136881699e-01 2.4654049335999687e-01 1.1278800975100467e+00
4.9806984857714637e-01 4.9055598356253442e-02 1.5181888620408379e-01 9.4804187229037828e-02
4.7892930361711561e-01 1.4528161593462599e-01 1.5181888620408379e-01 3.1903557643903158e-01
4.4138377410572699e-01 2.3592454248749975e-01 1.5181888620408379e-01 5.5212101091375232e-01
3.8687611368632752e-01 3.1750102118058660e-01 1.5181888620408379e-01 7.7330308423802441e-01
3.1750102118058660e-01 3.8687611368632752e-01 1.5181888620408379e-01 9.6264879002873560e-01
2.3592454248749983e-01 4.4138377410572693e-01 1.5181888620408379e-01 1.1049522113095733e+00
1.4528161593462599e-01 4.7892930361711566e-01 1.5181888620408379e-01 1.1917799032836132e+00
4.9055598356253526e-02 4.9806984857714631e-01 1.5181888620408379e-01 1.2213822773445382e+00
5.1797535082544477e-01 5.1016119207217547e-02 5.1262964392360284e-02 9.8054749243034200e-02
4.9806984857714626e-01 1.5108783677068852e-01 5.1262964392360284e-02 3.3100548497251076e-01
4.5902380136881710e-01 2.4535333349809696e-01 5.1262964392360284e-02 5.7436258338038237e-01
4.0233772689739777e-01 3.3019003921490819e-01 5.1262964392360284e-02 8.0559635887479164e-01
3.3019003921490819e-01 4.0233772689739777e-01 5.1262964392360284e-02 1.0031271668172175e+00
2.4535333349809707e-01 4.5902380136881704e-01 5.1262964392360284e-02 1.1506844120335489e+00
1.5108783677068852e-01 4.9806984857714631e-01 5.1262964392360284e-02 1.2395342837292422e+00
5.1016119207217631e-02 5.1797535082544477e-01 5.1262964392360284e-02 1.2682699726904467e+00
1.0000000000000000e-02 0.0000000000000000e+00 5.3333333333333333e-01 -7.1463924697558433e-03
1.0000000000000000e-02 0.0000000000000000e+00 5.9999999999999998e-01 -7.6741006897254431e-03
1.0000000000000000e-02 0.0000000000000000e+00 6.6666666666666663e-01 -6.8741199623581391e-03
1.0000000000000000e-02 0.0000000000000000e+00 7.3333333333333328e-01 -5.4279373568844897e-03
1.0000000000000000e-02 0.0000000000000000e+00 8.0000000000000004e-01 -4.4356393105986942e-03
1.0000000000000000e-02 0.0000000000000000e+00 8.6666666666666670e-01 -5.4211484143934473e-03
1.0000000000000000e-02 0.0000000000000000e+00 9.3333333333333335e-01 -1.0314233466265563e-02
1.0000000000000000e-02 6.6666666666666666e-02 5.3333333333333333e-01 1.5192726044848257e-01
1.0000000000000000e-02 6.6666666666666666e-02 5.9999999999999998e-01 1.5633941679078805e-01
1.0000000000000000e-02 6.6666666666666666e-02 6.6666666666666663e-01 1.6119448432775588e-01
1.0000000000000000e-02 6.6666666666666666e-02 7.3333333333333328e-01 1.6655936505034316e-01
1.0000000000000000e-02 6.6666666666666666e-02 8.0000000000000004e-01 1.7248880108003140e-01
1.0000000000000000e-02 6.6666666666666666e-02 8.6666666666666670e-01 1.7902782436073852e-01
1.0000000000000000e-02 6.6666666666666666e-02 9.3333333333333335e-01 1.8621472322730989e-01
1.0000000000000000e-02 1.3333333333333333e-01 5.3333333333333333e-01 3.1564108026518273e-01
1.0000000000000000e-02 1.3333333333333333e-01 5.9999999999999998e-01 3.2533882724296442e-01
1.0000000000000000e-02 1.3333333333333333e-01 6.6666666666666663e-01 3.3593743726830894e-01
1.0000000000000000e-02 1.3333333333333333e-01 7.3333333333333328e-01 3.4759939277982888e-01
1.0000000000000000e-02 1.3333333333333333e-01 8.0000000000000004e-01 3.6051723123840917e-01
1.0000000000000000e-02 1.3333333333333333e-01 8.6666666666666670e-01 3.7490296832185765e-01
1.0000000000000000e-02 1.3333333333333333e-01 9.3333333333333335e-01 3.9097733585149608e-01
1.0000000000000000e-02 2.0000000000000001e-01 4.6666666666666667e-01 4.7401810364407176e-01
1.0000000000000000e-02 2.0000000000000001e-01 5.3333333333333333e-01 4.8773295108032105e-01
1.0000000000000000e-02 2.0000000000000001e-01 5.9999999999999998e-01 5.0265665911998059e-01
1.0000000000000000e-02 2.0000000000000001e-01 6.6666666666666663e-01 5.1894832601794849e-01
1.0000000000000000e-02 2.0000000000000001e-01 7.3333333333333328e-01 5.3684895696955082e-01
1.0000000000000000e-02 2.0000000000000001e-01 8.0000000000000004e-01 5.5666852215448182e-01
1.0000000000000000e-02 2.0000000000000001e-01 8.6666666666666670e-01 5.7876762042242946e-01
1.0000000000000000e-02 2.0000000000000001e-01 9.3333333333333335e-01 6.0353502715330898e-01
1.0000000000000000e-02 2.6666666666666666e-01 4.6666666666666667e-01 6.4909871918484807e-01
1.0000000000000000e-02 2.6666666666666666e-01 5.3333333333333333e-01 6.6737339356998926e-01
1.0000000000000000e-02 2.6666666666666666e-01 5.9999999999999998e-01 6.8734287012001671e-01
1.0000000000000000e-02 2.6666666666666666e-01 6.6666666666666663e-01 7.0919085747225119e-01
1.0000000000000000e-02 2.6666666666666666e-01 7.3333333333333328e-01 7.3321695211474058e-01
1.0000000000000000e-02 2.6666666666666666e-01 8.0000000000000004e-01 7.5982238472106645e-01
1.0000000000000000e-02 2.6666666666666666e-01 8.6666666666666670e-01 7.8948654773460125e-01
1.0000000000000000e-02 2.6666666666666666e-01 9.3333333333333335e-01 8.2273232817752717e-01
1.0000000000000000e-02 3.3333333333333331e-01 4.0000000000000002e-01 8.1081407112433079e-01
1.0000000000000000e-02 3.3333333333333331e-01 4.6666666666666667e-01 8.3119024348484405e-01
1.0000000000000000e-02 3.3333333333333331e-01 5.3333333333333333e-01 8.5369594390954695e-01
1.0000000000000000e-02 3.3333333333333331e-01 5.9999999999999998e-01 8.7844809174445759e-01
1.0000000000000000e-02 3.3333333333333331e-01 6.6666666666666663e-01 9.0564860389545943e-01
1.0000000000000000e-02 3.3333333333333331e-01 7.3333333333333328e-01 9.3563728283965164e-01
1.0000000000000000e-02 3.3333333333333331e-01 8.0000000000000004e-01 9.6887720666140598e-01
1.0000000000000000e-02 3.3333333333333331e-01 8.6666666666666670e-01 1.0059279473063800e+00
1.0000000000000000e-02 3.3333333333333331e-01 9.3333333333333335e-01 1.0440697003418977e+00
1.0000000000000000e-02 4.0000000000000002e-01 3.3333333333333331e-01 9.7502278433313094e-01
1.0000000000000000e-02 4.0000000000000002e-01 4.0000000000000002e-01 9.9577994731797936e-01
1.0000000000000000e-02 4.0000000000000002e-01 4.6666666666666667e-01 1.0193857867029221e+00
1.0000000000000000e-02 4.0000000000000002e-01 5.3333333333333333e-01 1.0457797070911103e+00
1.0000000000000000e-02 4.0000000000000002e-01 5.9999999999999998e-01 1.0750310650202020e+00
1.0000000000000000e-02 4.0000000000000002e-01 6.6666666666666663e-01 1.1073570053839457e+00
1.0000000000000000e-02 4.0000000000000002e-01 7.3333333333333328e-01 1.1431201297213291e+00
1.0000000000000000e-02 4.0000000000000002e-01 8.0000000000000004e-01 1.1828133110983796e+00
1.0000000000000000e-02 4.0000000000000002e-01 8.6666666666666670e-01 1.2270300365271782e+00
1.0000000000000000e-02 4.6666666666666667e-01 2.0000000000000001e-01 1.1279316745758474e+00
1.0000000000000000e-02 4.6666666666666667e-01 2.6666666666666666e-01 1.1435138164526284e+00
1.0000000000000000e-02 4.6666666666666667e-01 3.3333333333333331e-01 1.1629964072863865e+00
1.0000000000000000e-02 4.6666666666666667e-01 4.0000000000000002e-01 1.1861147399021579e+00
1.0000000000000000e-02 4.6666666666666667e-01 4.6666666666666667e-01 1.2127016794250318e+00
1.0000000000000000e-02 4.6666666666666667e-01 5.3333333333333333e-01 1.2427092484428168e+00
1.0000000000000000e-02 4.6666666666666667e-01 5.9999999999999998e-01 1.2762240493636856e+00
1.0000000000000000e-02 4.6666666666666667e-01 6.6666666666666663e-01 1.3134742910521393e+00
1.0000000000000000e-02 4.6666666666666667e-01 7.3333333333333328e-01 1.3548258741664900e+00
1.0000000000000000e-02 4.6666666666666667e-01 8.0000000000000004e-01 1.4007650474968911e+00
1.0000000000000000e-02 4.6666666666666667e-01 8.6666666666666670e-01 1.4518656637602916e+00
1.0000000000000000e-02 5.3333333333333333e-01 0.0000000000000000e+00 1.3000133933820688e+00
1.0000000000000000e-02 5.3333333333333333e-01 6.6666666666666666e-02 1.2985921719875759e+00
1.0000000000000000e-02 5.3333333333333333e-01 1.3333333333333333e-01 1.3055683758003487e+00
1.0000000000000000e-02 5.3333333333333333e-01 2.0000000000000001e-01 1.3175861936844060e+00
1.0000000000000000e-02 5.3333333333333333e-01 2.6666666666666666e-01 1.3343103820867299e+00
1.0000000000000000e-02 5.3333333333333333e-01 3.3333333333333331e-01 1.3554515089221757e+00
1.0000000000000000e-02 5.3333333333333333e-01 4.0000000000000002e-01 1.3807915102622625e+00
1.0000000000000000e-02 5.3333333333333333e-01 4.6666666666666667e-01 1.4102053399365464e+00
1.0000000000000000e-02 5.3333333333333333e-01 5.3333333333333333e-01 1.4436778600088425e+00
1.0000000000000000e-02 5.3333333333333333e-01 5.9999999999999998e-01 1.4813145010992970e+00
1.0000000000000000e-02 5.3333333333333333e-01 6.6666666666666663e-01 1.5233435981204726e+00
1.0000000000000000e-02 5.3333333333333333e-01 7.3333333333333328e-01 1.5701078869791207e+00
1.0000000000000000e-02 5.3333333333333333e-01 8.0000000000000004e-01 1.6220426168446180e+00
1.0000000000000000e-02 5.9999999999999998e-01 0.0000000000000000e+00 1.4875284461115381e+00
1.0000000000000000e-02 5.9999999999999998e-01 6.6666666666666666e-02 1.4903070288567062e+00
1.0000000000000000e-02 5.9999999999999998e-01 1.3333333333333333e-01 1.4976987366879331e+00
1.0000000000000000e-02 5.9999999999999998e-01 2.0000000000000001e-01 1.5105106516320186e+00
1.0000000000000000e-02 5.9999999999999998e-01 2.6666666666666666e-01 1.5284590854215017e+00
1.0000000000000000e-02 5.9999999999999998e-01 3.3333333333333331e-01 1.5513100940382178e+00
1.0000000000000000e-02 5.9999999999999998e-01 4.0000000000000002e-01 1.5788995994173087e+00
1.0000000000000000e-02 5.9999999999999998e-01 4.6666666666666667e-01 1.6111485183237229e+00
1.0000000000000000e-02 5.9999999999999998e-01 5.3333333333333333e-01 1.6480723549469154e+00
1.0000000000000000e-02 5.9999999999999998e-01 5.9999999999999998e-01 1.6897841092135784e+00
1.0000000000000000e-02 5.9999999999999998e-01 6.6666666666666663e-01 1.7364887445126560e+00
1.0000000000000000e-02 5.9999999999999998e-01 7.3333333333333328e-01 1.7884670613074076e+00
1.0000000000000000e-02 6.6666666666666663e-01 0.0000000000000000e+00 1.6797389652110148e+00
1.0000000000000000e-02 6.6666666666666663e-01 6.6666666666666666e-02 1.6838839605784388e+00
1.0000000000000000e-02 6.6666666666666663e-01 1.3333333333333333e-01 1.6919148985266648e+00
1.0000000000000000e-02 6.6666666666666663e-01 2.0000000000000001e-01 1.7057321010300210e+00
1.0000000000000000e-02 6.6666666666666663e-01 2.6666666666666666e-01 1.7251024516406575e+00
1.0000000000000000e-02 6.6666666666666663e-01 3.3333333333333331e-01 1.7498443765580458e+00
1.0000000000000000e-02 6.6666666666666663e-01 4.0000000000000002e-01 1.7798413086372753e+00
1.0000000000000000e-02 6.6666666666666663e-01 4.6666666666666667e-01 1.8150486198877782e+00
1.0000000000000000e-02 6.6666666666666663e-01 5.3333333333333333e-01 1.8554937812398689e+00
1.0000000000000000e-02 6.6666666666666663e-01 5.9999999999999998e-01 1.9012690284525580e+00
1.0000000000000000e-02 6.6666666666666663e-01 6.6666666666666663e-01 1.9525153537984781e+00
1.0000000000000000e-02 6.6666666666666663e-01 7.3333333333333328e-01 2.0106564144301222e+00
1.0000000000000000e-02 7.3333333333333328e-01 0.0000000000000000e+00 1.8759775980803877e+00
1.0000000000000000e-02 7.3333333333333328e-01 6.6666666666666666e-02 1.8789872702352213e+00
1.0000000000000000e-02 7.3333333333333328e-01 1.3333333333333333e-01 1.8878659064917287e+00
1.0000000000000000e-02 7.3333333333333328e-01 2.0000000000000001e-01 1.9029124978817258e+00
1.0000000000000000e-02 7.3333333333333328e-01 2.6666666666666666e-01 1.9239350911339539e+00
1.0000000000000000e-02 7.3333333333333328e-01 3.3333333333333331e-01 1.9507899830148192e+00
1.0000000000000000e-02 7.3333333333333328e-01 4.0000000000000002e-01 1.9833875401242409e+00
1.0000000000000000e-02 7.3333333333333328e-01 4.6666666666666667e-01 2.0216896254023280e+00
1.0000000000000000e-02 7.3333333333333328e-01 5.3333333333333333e-01 2.0656987363438732e+00
1.0000000000000000e-02 7.3333333333333328e-01 5.9999999999999998e-01 2.1154387299325155e+00
1.0000000000000000e-02 7.3333333333333328e-01 6.6666666666666663e-01 2.1713658102471665e+00
1.0000000000000000e-02 8.0000000000000004e-01 0.0000000000000000e+00 2.0752549027480076e+00
1.0000000000000000e-02 8.0000000000000004e-01 6.6666666666666666e-02 2.0760738237215040e+00
1.0000000000000000e-02 8.0000000000000004e-01 1.3333333333333333e-01 2.0859312872114386e+00
1.0000000000000000e-02 8.0000000000000004e-01 2.0000000000000001e-01 2.1023658976177195e+00
1.0000000000000000e-02 8.0000000000000004e-01 2.6666666666666666e-01 2.1252093800460901e+00
1.0000000000000000e-02 8.0000000000000004e-01 3.3333333333333331e-01 2.1543302228418311e+00
1.0000000000000000e-02 8.0000000000000004e-01 4.0000000000000002e-01 2.1896310221462101e+00
1.0000000000000000e-02 8.0000000000000004e-01 4.6666666666666667e-01 2.2310355027482953e+00
1.0000000000000000e-02 8.0000000000000004e-01 5.3333333333333333e-01 2.2784658100766473e+00
1.0000000000000000e-02 8.6666666666666670e-01 0.0000000000000000e+00 2.2764043930809419e+00
1.0000000000000000e-02 8.6666666666666670e-01 6.6666666666666666e-02 2.2762075960259174e+00
1.0000000000000000e-02 8.6666666666666670e-01 1.3333333333333333e-01 2.2870578531607699e+00
1.0000000000000000e-02 8.6666666666666670e-01 2.0000000000000001e-01 2.3049103239424258e+00
1.0000000000000000e-02 8.6666666666666670e-01 2.6666666666666666e-01 2.3295940943333870e+00
1.0000000000000000e-02 8.6666666666666670e-01 3.3333333333333331e-01 2.3609524725104536e+00
1.0000000000000000e-02 8.6666666666666670e-01 4.0000000000000002e-01 2.3988313071874972e+00
1.0000000000000000e-02 8.6666666666666670e-01 4.6666666666666667e-01 2.4430553907283108e+00
1.0000000000000000e-02 9.3333333333333335e-01 0.0000000000000000e+00 2.4783007085581965e+00
1.0000000000000000e-02 9.3333333333333335e-01 6.6666666666666666e-02 2.4807056456739160e+00
1.0000000000000000e-02 9.3333333333333335e-01 1.3333333333333333e-01 2.4924340151385822e+00
1.0000000000000000e-02 9.3333333333333335e-01 2.0000000000000001e-01 2.5115657757726599e+00
1.0000000000000000e-02 9.3333333333333335e-01 2.6666666666666666e-01 2.5378903968795203e+00
1.0000000000000000e-02 9.3333333333333335e-01 3.3333333333333331e-01 2.5711689616277504e+00
1.3000000000000001e-02 0.0000000000000000e+00 5.3333333333333333e-01 -7.2887235345265675e-03
1.3000000000000001e-02 0.0000000000000000e+00 5.9999999999999998e-01 -7.6576393700206052e-03
1.3000000000000001e-02 0.0000000000000000e+00 6.6666666666666663e-01 -7.1839010327050604e-03
1.3000000000000001e-02 0.0000000000000000e+00 7.3333333333333328e-01 -6.2994251336813828e-03
1.3000000000000001e-02 0.0000000000000000e+00 8.0000000000000004e-01 -5.7020199286163462e-03
1.3000000000000001e-02 0.0000000000000000e+00 8.6666666666666670e-01 -6.3579337543830331e-03
1.3000000000000001e-02 0.0000000000000000e+00 9.3333333333333335e-01 -9.4894487562093375e-03
1.3000000000000001e-02 6.6666666666666666e-02 5.3333333333333333e-01 1.5096535933315255e-01
1.3000000000000001e-02 6.6666666666666666e-02 5.9999999999999998e-01 1.5556612075185758e-01
1.3000000000000001e-02 6.6666666666666666e-02 6.6666666666666663e-01 1.6066595726313870e-01
1.3000000000000001e-02 6.6666666666666666e-02 7.3333333333333328e-01 1.6630756950507805e-01
1.3000000000000001e-02 6.6666666666666666e-02 8.0000000000000004e-01 1.7252493597080981e-01
1.3000000000000001e-02 6.6666666666666666e-02 8.6666666666666670e-01 1.7934552322133798e-01
1.3000000000000001e-02 6.6666666666666666e-02 9.3333333333333335e-01 1.8679307183046009e-01
1.3000000000000001e-02 1.3333333333333333e-01 5.3333333333333333e-01 3.1526757572264574e-01
1.3000000000000001e-02 1.3333333333333333e-01 5.9999999999999998e-01 3.2504799508149368e-01
1.3000000000000001e-02 1.3333333333333333e-01 6.6666666666666663e-01 3.3583796869910287e-01
1.3000000000000001e-02 1.3333333333333333e-01 7.3333333333333328e-01 3.4773949931857978e-01
1.3000000000000001e-02 1.3333333333333333e-01 8.0000000000000004e-01 3.6087102589665682e-01
1.3000000000000001e-02 1.3333333333333333e-01 8.6666666666666670e-01 3.7536100504400205e-01
1.3000000000000001e-02 1.3333333333333333e-01 9.3333333333333335e-01 3.9134171939723056e-01
1.3000000000000001e-02 2.0000000000000001e-01 4.6666666666666667e-01 4.7424344375923760e-01
1.3000000000000001e-02 2.0000000000000001e-01 5.3333333333333333e-01 4.8772924191374994e-01
1.3000000000000001e-02 2.0000000000000001e-01 5.9999999999999998e-01 5.0263392628931025e-01
1.3000000000000001e-02 2.0000000000000001e-01 6.6666666666666663e-01 5.1906022465155044e-01
1.3000000000000001e-02 2.0000000000000001e-01 7.3333333333333328e-01 5.3715955852950759e-01
1.3000000000000001e-02 2.0000000000000001e-01 8.0000000000000004e-01 5.5712334203109526e-01
1.3000000000000001e-02 2.0000000000000001e-01 8.6666666666666670e-01 5.7917119994751431e-01
1.3000000000000001e-02 2.0000000000000001e-01 9.3333333333333335e-01 6.0353695029550913e-01
1.3000000000000001e-02 2.6666666666666666e-01 4.6666666666666667e-01 6.4959561715690617e-01
1.3000000000000001e-02 2.6666666666666666e-01 5.3333333333333333e-01 6.6754852921677610e-01
1.3000000000000001e-02 2.6666666666666666e-01 5.9999999999999998e-01 6.8743922355947906e-01
1.3000000000000001e-02 2.6666666666666666e-01 6.6666666666666663e-01 7.0938637892102796e-01
1.3000000000000001e-02 2.6666666666666666e-01 7.3333333333333328e-01 7.3357867277479727e-01
1.3000000000000001e-02 2.6666666666666666e-01 8.0000000000000004e-01 7.6026483814927470e-01
1.3000000000000001e-02 2.6666666666666666e-01 8.6666666666666670e-01 7.8973814166888812e-01
1.3000000000000001e-02 2.6666666666666666e-01 9.3333333333333335e-01 8.2231409576380288e-01
1.3000000000000001e-02 3.3333333333333331e-01 4.0000000000000002e-01 8.1195093551878317e-01
1.3000000000000001e-02 3.3333333333333331e-01 4.6666666666666667e-01 8.3172439091849160e-01
1.3000000000000001e-02 3.3333333333333331e-01 5.3333333333333333e-01 8.5391102898298021e-01
1.3000000000000001e-02 3.3333333333333331e-01 5.9999999999999998e-01 8.7859114940852934e-01
1.3000000000000001e-02 3.3333333333333331e-01 6.6666666666666663e-01 9.0589507462490337e-01
1.3000000000000001e-02 3.3333333333333331e-01 7.3333333333333328e-01 9.3603714855192710e-01
1.3000000000000001e-02 3.3333333333333331e-01 8.0000000000000004e-01 9.6930519884638888e-01
1.3000000000000001e-02 3.3333333333333331e-01 8.6666666666666670e-01 1.0060424358194020e+00
1.3000000000000001e-02 3.3333333333333331e-01 9.3333333333333335e-01 1.0444815782612491e+00
1.3000000000000001e-02 4.0000000000000002e-01 3.3333333333333331e-01 9.7660290513193937e-01
1.3000000000000001e-02 4.0000000000000002e-01 4.0000000000000002e-01 9.9667398596048062e-01
1.3000000000000001e-02 4.0000000000000002e-01 4.6666666666666667e-01 1.0198126249354580e+00
1.3000000000000001e-02 4.0000000000000002e-01 5.3333333333333333e-01 1.0459854075971691e+00
1.3000000000000001e-02 4.0000000000000002e-01 5.9999999999999998e-01 1.0752400069255377e+00
1.3000000000000001e-02 4.0000000000000002e-01 6.6666666666666663e-01 1.1077160643875203e+00
1.3000000000000001e-02 4.0000000000000002e-01 7.3333333333333328e-01 1.1436422647528532e+00
1.3000000000000001e-02 4.0000000000000002e-01 8.0000000000000004e-01 1.1833251251408143e+00
1.3000000000000001e-02 4.0000000000000002e-01 8.6666666666666670e-01 1.2271286179355128e+00
1.3000000000000001e-02 4.6666666666666667e-01 2.0000000000000001e-01 1.1301793754358143e+00
1.3000000000000001e-02 4.6666666666666667e-01 2.6666666666666666e-01 1.1451451127942813e+00
1.3000000000000001e-02 4.6666666666666667e-01 3.3333333333333331e-01 1.1640397502247444e+00
1.3000000000000001e-02 4.6666666666666667e-01 4.0000000000000002e-01 1.1866974841318074e+00
1.3000000000000001e-02 4.6666666666666667e-01 4.6666666666666667e-01 1.2130148262323304e+00
1.3000000000000001e-02 4.6666666666666667e-01 5.3333333333333333e-01 1.2429641665965967e+00
1.3000000000000001e-02 4.6666666666666667e-01 5.9999999999999998e-01 1.2766029108345813e+00
1.3000000000000001e-02 4.6666666666666667e-01 6.6666666666666663e-01 1.3140768029991756e+00
1.3000000000000001e-02 4.6666666666666667e-01 7.3333333333333328e-01 1.3556158994746912e+00
1.3000000000000001e-02 4.6666666666666667e-01 8.0000000000000004e-01 1.4015217369746107e+00
1.3000000000000001e-02 4.6666666666666667e-01 8.6666666666666670e-01 1.4521445903371246e+00
1.3000000000000001e-02 5.3333333333333333e-01 0.0000000000000000e+00 1.3003629190617674e+00
1.3000000000000001e-02 5.3333333333333333e-01 6.6666666666666666e-02 1.3002673691173821e+00
1.3000000000000001e-02 5.3333333333333333e-01 1.3333333333333333e-01 1.3071497135205596e+00
1.3000000000000001e-02 5.3333333333333333e-01 2.0000000000000001e-01 1.3188755006161126e+00
1.3000000000000001e-02 5.3333333333333333e-01 2.6666666666666666e-01 1.3352353026231401e+00
1.3000000000000001e-02 5.3333333333333333e-01 3.3333333333333331e-01 1.3560470782800953e+00
1.3000000000000001e-02 5.3333333333333333e-01 4.0000000000000002e-01 1.3811734581793023e+00
1.3000000000000001e-02 5.3333333333333333e-01 4.6666666666666667e-01 1.4105361153343026e+00
1.3000000000000001e-02 5.3333333333333333e-01 5.3333333333333333e-01 1.4441265801740513e+00
1.3000000000000001e-02 5.3333333333333333e-01 5.9999999999999998e-01 1.4820125144834670e+00
1.3000000000000001e-02 5.3333333333333333e-01 6.6666666666666663e-01 1.5243381170698911e+00
1.3000000000000001e-02 5.3333333333333333e-01 7.3333333333333328e-01 1.5713171204268903e+00
1.3000000000000001e-02 5.3333333333333333e-01 8.0000000000000004e-01 1.6232168640256222e+00
1.3000000000000001e-02 5.9999999999999998e-01 0.0000000000000000e+00 1.4884663906971303e+00
1.3000000000000001e-02 5.9999999999999998e-01 6.6666666666666666e-02 1.4911369410559705e+00
1.3000000000000001e-02 5.9999999999999998e-01 1.3333333333333333e-01 1.4985541134231346e+00
1.3000000000000001e-02 5.9999999999999998e-01 2.0000000000000001e-01 1.5112427347313029e+00
1.3000000000000001e-02 5.9999999999999998e-01 2.6666666666666666e-01 1.5290270191405047e+00
1.3000000000000001e-02 5.9999999999999998e-01 3.3333333333333331e-01 1.5517600733216845e+00
1.3000000000000001e-02 5.9999999999999998e-01 4.0000000000000002e-01 1.5793379331668052e+00
1.3000000000000001e-02 5.9999999999999998e-01 4.6666666666666667e-01 1.6117099855373138e+00
1.3000000000000001e-02 5.9999999999999998e-01 5.3333333333333333e-01 1.6488853135451267e+00
1.3000000000000001e-02 5.9999999999999998e-01 5.9999999999999998e-01 1.6909341628089105e+00
1.3000000000000001e-02 5.9999999999999998e-01 6.6666666666666663e-01 1.7379833899371520e+00
1.3000000000000001e-02 5.9999999999999998e-01 7.3333333333333328e-01 1.7902045543350453e+00
1.3000000000000001e-02 6.6666666666666663e-01 0.0000000000000000e+00 1.6810105660267658e+00
1.3000000000000001e-02 6.6666666666666663e-01 6.6666666666666666e-02 1.6846389365940448e+00
1.3000000000000001e-02 6.6666666666666663e-01 1.3333333333333333e-01 1.6927250353114267e+00
1.3000000000000001e-02 6.6666666666666663e-01 2.0000000000000001e-01 1.7064938937600311e+00
1.3000000000000001e-02 6.6666666666666663e-01 2.6666666666666666e-01 1.7258032237975169e+00
1.3000000000000001e-02 6.6666666666666663e-01 3.3333333333333331e-01 1.7505397560327516e+00
1.3000000000000001e-02 6.6666666666666663e-01 4.0000000000000002e-01 1.7806291411416473e+00
1.3000000000000001e-02 6.6666666666666663e-01 4.6666666666666667e-01 1.8160412525302669e+00
1.3000000000000001e-02 6.6666666666666663e-01 5.3333333333333333e-01 1.8567906110716994e+00
1.3000000000000001e-02 6.6666666666666663e-01 5.9999999999999998e-01 1.9029313839507878e+00
1.3000000000000001e-02 6.6666666666666663e-01 6.6666666666666663e-01 1.9545461629116694e+00
1.3000000000000001e-02 6.6666666666666663e-01 7.3333333333333328e-01 2.0125772142954781e+00
1.3000000000000001e-02 7.3333333333333328e-01 0.0000000000000000e+00 1.8774089364004176e+00
1.3000000000000001e-02 7.3333333333333328e-01 6.6666666666666666e-02 1.8803967276640070e+00
1.3000000000000001e-02 7.3333333333333328e-01 1.3333333333333333e-01 1.8892734893596816e+00
1.3000000000000001e-02 7.3333333333333328e-01 2.0000000000000001e-01 1.9042447543736296e+00
1.3000000000000001e-02 7.3333333333333328e-01 2.6666666666666666e-01 1.9251961490913803e+00
1.3000000000000001e-02 7.3333333333333328e-01 3.3333333333333331e-01 1.9520391743047842e+00
1.3000000000000001e-02 7.3333333333333328e-01 4.0000000000000002e-01 1.9847162282111703e+00
1.3000000000000001e-02 7.3333333333333328e-01 4.6666666666666667e-01 2.0231998388389196e+00
1.3000000000000001e-02 7.3333333333333328e-01 5.3333333333333333e-01 2.0674860440014573e+00
1.3000000000000001e-02 7.3333333333333328e-01 5.9999999999999998e-01 2.1175817408048987e+00
1.3000000000000001e-02 7.3333333333333328e-01 6.6666666666666663e-01 2.1737923622675552e+00
1.3000000000000001e-02 8.0000000000000004e-01 0.0000000000000000e+00 2.0768690851320253e+00
1.3000000000000001e-02 8.0000000000000004e-01 6.6666666666666666e-02 2.0785375645398791e+00
1.3000000000000001e-02 8.0000000000000004e-01 1.3333333333333333e-01 2.0882734317181404e+00
1.3000000000000001e-02 8.0000000000000004e-01 2.0000000000000001e-01 2.1045230683884144e+00
1.3000000000000001e-02 8.0000000000000004e-01 2.6666666666666666e-01 2.1271891222210750e+00
1.3000000000000001e-02 8.0000000000000004e-01 3.3333333333333331e-01 2.1561916915445725e+00
1.3000000000000001e-02 8.0000000000000004e-01 4.0000000000000002e-01 2.1914678240051622e+00
1.3000000000000001e-02 8.0000000000000004e-01 4.6666666666666667e-01 2.2329639809291097e+00
1.3000000000000001e-02 8.0000000000000004e-01 5.3333333333333333e-01 2.2806217222397671e+00
1.3000000000000001e-02 8.6666666666666670e-01 0.0000000000000000e+00 2.2784874494858891e+00
1.3000000000000001e-02 8.6666666666666670e-01 6.6666666666666666e-02 2.2795771797072204e+00
1.3000000000000001e-02 8.6666666666666670e-01 1.3333333333333333e-01 2.2901612527290651e+00
1.3000000000000001e-02 8.6666666666666670e-01 2.0000000000000001e-01 2.3076782098409647e+00
1.3000000000000001e-02 8.6666666666666670e-01 2.6666666666666666e-01 2.3320309407111650e+00
1.3000000000000001e-02 8.6666666666666670e-01 3.3333333333333331e-01 2.3631242019631022e+00
1.3000000000000001e-02 8.6666666666666670e-01 4.0000000000000002e-01 2.4008581259913639e+00
1.3000000000000001e-02 8.6666666666666670e-01 4.6666666666666667e-01 2.4451136576682515e+00
1.3000000000000001e-02 9.3333333333333335e-01 0.0000000000000000e+00 2.4813956239582362e+00
1.3000000000000001e-02 9.3333333333333335e-01 6.6666666666666666e-02 2.4842019781217428e+00
1.3000000000000001e-02 9.3333333333333335e-01 1.3333333333333333e-01 2.4955369953611735e+00
1.3000000000000001e-02 9.3333333333333335e-01 2.0000000000000001e-01 2.5141982460414019e+00
1.3000000000000001e-02 9.3333333333333335e-01 2.6666666666666666e-01 2.5400649283276908e+00
1.3000000000000001e-02 9.3333333333333335e-01 3.3333333333333331e-01 2.5729877396963134e+00
0.0000000000000000e+00 1.0000000000000000e-02 5.3333333333333333e-01 1.5789984164833196e-02
0.0000000000000000e+00 1.0000000000000000e-02 5.9999999999999998e-01 1.6018298762088858e-02
0.0000000000000000e+00 1.0000000000000000e-02 6.6666666666666663e-01 1.7666548800165140e-02
0.0000000000000000e+00 1.0000000000000000e-02 7.3333333333333328e-01 2.0051726215326027e-02
0.0000000000000000e+00 1.0000000000000000e-02 8.0000000000000004e-01 2.2071299966556775e-02
0.0000000000000000e+00 1.0000000000000000e-02 8.6666666666666670e-01 2.2197929409917400e-02
0.0000000000000000e+00 1.0000000000000000e-02 9.3333333333333335e-01 1.8497449331238404e-02
6.6666666666666666e-02 1.0000000000000000e-02 5.3333333333333333e-01 1.3740522745852465e-02
6.6666666666666666e-02 1.0000000000000000e-02 5.9999999999999998e-01 1.4112603462609797e-02
6.6666666666666666e-02 1.0000000000000000e-02 6.6666666666666663e-01 1.5778213215660655e-02
6.6666666666666666e-02 1.0000000000000000e-02 7.3333333333333328e-01 1.8180336627715739e-02
6.6666666666666666e-02 1.0000000000000000e-02 8.0000000000000004e-01 2.0378695394088254e-02
6.6666666666666666e-02 1.0000000000000000e-02 8.6666666666666670e-01 2.1035332902011390e-02
6.6666666666666666e-02 1.0000000000000000e-02 9.3333333333333335e-01 1.8418189398822463e-02
1.3333333333333333e-01 1.0000000000000000e-02 5.3333333333333333e-01 1.2796979220074542e-02
1.3333333333333333e-01 1.0000000000000000e-02 5.9999999999999998e-01 1.3314283680136641e-02
1.3333333333333333e-01 1.0000000000000000e-02 6.6666666666666663e-01 1.4965413766029367e-02
1.3333333333333333e-01 1.0000000000000000e-02 7.3333333333333328e-01 1.7297726668409712e-02
1.3333333333333333e-01 1.0000000000000000e-02 8.0000000000000004e-01 1.9521229962781588e-02
1.3333333333333333e-01 1.0000000000000000e-02 8.6666666666666670e-01 2.0480209799572713e-02
1.3333333333333333e-01 1.0000000000000000e-02 9.3333333333333335e-01 1.8643115382158883e-02
2.0000000000000001e-01 1.0000000000000000e-02 4.6666666666666667e-01 1.3098607945748979e-02
2.0000000000000001e-01 1.0000000000000000e-02 5.3333333333333333e-01 1.2702558717430232e-02
2.0000000000000001e-01 1.0000000000000000e-02 5.9999999999999998e-01 1.3365336389268916e-02
2.0000000000000001e-01 1.0000000000000000e-02 6.6666666666666663e-01 1.4971829861034054e-02
2.0000000000000001e-01 1.0000000000000000e-02 7.3333333333333328e-01 1.7160028672650325e-02
2.0000000000000001e-01 1.0000000000000000e-02 8.0000000000000004e-01 1.9275298246027976e-02
2.0000000000000001e-01 1.0000000000000000e-02 8.6666666666666670e-01 2.0332916404478058e-02
2.0000000000000001e-01 1.0000000000000000e-02 9.3333333333333335e-01 1.8995346272296171e-02
2.6666666666666666e-01 1.0000000000000000e-02 4.6666666666666667e-01 1.3240846974699974e-02
2.6666666666666666e-01 1.0000000000000000e-02 5.3333333333333333e-01 1.3204466271560602e-02
2.6666666666666666e-01 1.0000000000000000e-02 5.9999999999999998e-01 1.3993715704543889e-02
2.6666666666666666e-01 1.0000000000000000e-02 6.6666666666666663e-01 1.5519453543357938e-02
2.6666666666666666e-01 1.0000000000000000e-02 7.3333333333333328e-01 1.7492872189307316e-02
2.6666666666666666e-01 1.0000000000000000e-02 8.0000000000000004e-01 1.9377716470082802e-02
2.6666666666666666e-01 1.0000000000000000e-02 8.6666666666666670e-01 2.0345575666319837e-02
2.6666666666666666e-01 1.0000000000000000e-02 9.3333333333333335e-01 1.9242277468622278e-02
3.3333333333333331e-01 1.0000000000000000e-02 4.0000000000000002e-01 1.3791888550070186e-02
3.3333333333333331e-01 1.0000000000000000e-02 4.6666666666666667e-01 1.3761588750963170e-02
3.3333333333333331e-01 1.0000000000000000e-02 5.3333333333333333e-01 1.4040001082445302e-02
3.3333333333333331e-01 1.0000000000000000e-02 5.9999999999999998e-01 1.4917821561362378e-02
3.3333333333333331e-01 1.0000000000000000e-02 6.6666666666666663e-01 1.6315515220965904e-02
3.3333333333333331e-01 1.0000000000000000e-02 7.3333333333333328e-01 1.8000322093594569e-02
3.3333333333333331e-01 1.0000000000000000e-02 8.0000000000000004e-01 1.9536126780214498e-02
3.3333333333333331e-01 1.0000000000000000e-02 8.6666666666666670e-01 2.0233330511939360e-02
3.3333333333333331e-01 1.0000000000000000e-02 9.3333333333333335e-01 2.0626189542463716e-02
4.0000000000000002e-01 1.0000000000000000e-02 3.3333333333333331e-01 1.4469127724207220e-02
4.0000000000000002e-01 1.0000000000000000e-02 4.0000000000000002e-01 1.4275079047438627e-02
4.0000000000000002e-01 1.0000000000000000e-02 4.6666666666666667e-01 1.4416801036523940e-02
4.0000000000000002e-01 1.0000000000000000e-02 5.3333333333333333e-01 1.4946608172981917e-02
4.0000000000000002e-01 1.0000000000000000e-02 5.9999999999999998e-01 1.5856356875031945e-02
4.0000000000000002e-01 1.0000000000000000e-02 6.6666666666666663e-01 1.7065234013699266e-02
4.0000000000000002e-01 1.0000000000000000e-02 7.3333333333333328e-01 1.8380184363417561e-02
4.0000000000000002e-01 1.0000000000000000e-02 8.0000000000000004e-01 1.9446287677869680e-02
4.0000000000000002e-01 1.0000000000000000e-02 8.6666666666666670e-01 1.9692935981432864e-02
4.6666666666666667e-01 1.0000000000000000e-02 2.0000000000000001e-01 1.4502262370004338e-02
4.6666666666666667e-01 1.0000000000000000e-02 2.6666666666666666e-01 1.4279791045146858e-02
4.6666666666666667e-01 1.0000000000000000e-02 3.3333333333333331e-01 1.4264009141649622e-02
4.6666666666666667e-01 1.0000000000000000e-02 4.0000000000000002e-01 1.4497079050932875e-02
4.6666666666666667e-01 1.0000000000000000e-02 4.6666666666666667e-01 1.4976918166210246e-02
4.6666666666666667e-01 1.0000000000000000e-02 5.3333333333333333e-01 1.5676738350254679e-02
4.6666666666666667e-01 1.0000000000000000e-02 5.9999999999999998e-01 1.6545974288619276e-02
4.6666666666666667e-01 1.0000000000000000e-02 6.6666666666666663e-01 1.7492381481500632e-02
4.6666666666666667e-01 1.0000000000000000e-02 7.3333333333333328e-01 1.8347246573536816e-02
4.6666666666666667e-01 1.0000000000000000e-02 8.0000000000000004e-01 1.8817426439912924e-02
4.6666666666666667e-01 1.0000000000000000e-02 8.6666666666666670e-01 1.8429116566340616e-02
5.3333333333333333e-01 1.0000000000000000e-02 0.0000000000000000e+00 1.1502244749317027e-02
5.3333333333333333e-01 1.0000000000000000e-02 6.6666666666666666e-02 1.3868618431204368e-02
5.3333333333333333e-01 1.0000000000000000e-02 1.3333333333333333e-01 1.3694213313818156e-02
5.3333333333333333e-01 1.0000000000000000e-02 2.0000000000000001e-01 1.3552689379064009e-02
5.3333333333333333e-01 1.0000000000000000e-02 2.6666666666666666e-01 1.3626868374265416e-02
5.3333333333333333e-01 1.0000000000000000e-02 3.3333333333333331e-01 1.3963940020704217e-02
5.3333333333333333e-01 1.0000000000000000e-02 4.0000000000000002e-01 1.4528519540044409e-02
5.3333333333333333e-01 1.0000000000000000e-02 4.6666666666666667e-01 1.5244847024469361e-02
5.3333333333333333e-01 1.0000000000000000e-02 5.3333333333333333e-01 1.6023401842721226e-02
5.3333333333333333e-01 1.0000000000000000e-02 5.9999999999999998e-01 1.6769000250177010e-02
5.3333333333333333e-01 1.0000000000000000e-02 6.6666666666666663e-01 1.7369446388825857e-02
5.3333333333333333e-01 1.0000000000000000e-02 7.3333333333333328e-01 1.7665737476420945e-02
5.3333333333333333e-01 1.0000000000000000e-02 8.0000000000000004e-01 1.7406466431796441e-02
5.9999999999999998e-01 1.0000000000000000e-02 0.0000000000000000e+00 1.1173872360193375e-02
5.9999999999999998e-01 1.0000000000000000e-02 6.6666666666666666e-02 1.2789796470894019e-02
5.9999999999999998e-01 1.0000000000000000e-02 1.3333333333333333e-01 1.2586624145284985e-02
5.9999999999999998e-01 1.0000000000000000e-02 2.0000000000000001e-01 1.2566417259127813e-02
5.9999999999999998e-01 1.0000000000000000e-02 2.6666666666666666e-01 1.2859398970430034e-02
5.9999999999999998e-01 1.0000000000000000e-02 3.3333333333333331e-01 1.3451998234802391e-02
5.9999999999999998e-01 1.0000000000000000e-02 4.0000000000000002e-01 1.4243939285269987e-02
5.9999999999999998e-01 1.0000000000000000e-02 4.6666666666666667e-01 1.5095276340588255e-02
5.9999999999999998e-01 1.0000000000000000e-02 5.3333333333333333e-01 1.5858569839874704e-02
5.9999999999999998e-01 1.0000000000000000e-02 5.9999999999999998e-01 1.6392962933309371e-02
5.9999999999999998e-01 1.0000000000000000e-02 6.6666666666666663e-01 1.6558629732582385e-02
5.9999999999999998e-01 1.0000000000000000e-02 7.3333333333333328e-01 1.6191717025039000e-02
6.6666666666666663e-01 1.0000000000000000e-02 0.0000000000000000e+00 1.1081166448640996e-02
6.6666666666666663e-01 1.0000000000000000e-02 6.6666666666666666e-02 1.1666943106620711e-02
6.6666666666666663e-01 1.0000000000000000e-02 1.3333333333333333e-01 1.1445039933947737e-02
6.6666666666666663e-01 1.0000000000000000e-02 2.0000000000000001e-01 1.1511027241020617e-02
6.6666666666666663e-01 1.0000000000000000e-02 2.6666666666666666e-01 1.1954718325266976e-02
6.6666666666666663e-01 1.0000000000000000e-02 3.3333333333333331e-01 1.2714595227201763e-02
6.6666666666666663e-01 1.0000000000000000e-02 4.0000000000000002e-01 1.3637295832941003e-02
6.6666666666666663e-01 1.0000000000000000e-02 4.6666666666666667e-01 1.4527774672311358e-02
6.6666666666666663e-01 1.0000000000000000e-02 5.3333333333333333e-01 1.5185401402112603e-02
6.6666666666666663e-01 1.0000000000000000e-02 5.9999999999999998e-01 1.5422585309196702e-02
6.6666666666666663e-01 1.0000000000000000e-02 6.6666666666666663e-01 1.5063921781205272e-02
6.6666666666666663e-01 1.0000000000000000e-02 7.3333333333333328e-01 1.4431100480592620e-02
7.3333333333333328e-01 1.0000000000000000e-02 0.0000000000000000e+00 1.1253466102984158e-02
7.3333333333333328e-01 1.0000000000000000e-02 6.6666666666666666e-02 1.0679574418158873e-02
7.3333333333333328e-01 1.0000000000000000e-02 1.3333333333333333e-01 1.0439452339154670e-02
7.3333333333333328e-01 1.0000000000000000e-02 2.0000000000000001e-01 1.0553814051040906e-02
7.3333333333333328e-01 1.0000000000000000e-02 2.6666666666666666e-01 1.1082537030582349e-02
7.3333333333333328e-01 1.0000000000000000e-02 3.3333333333333331e-01 1.1927316636794154e-02
7.3333333333333328e-01 1.0000000000000000e-02 4.0000000000000002e-01 1.2891996336551239e-02
7.3333333333333328e-01 1.0000000000000000e-02 4.6666666666666667e-01 1.3734169250972532e-02
7.3333333333333328e-01 1.0000000000000000e-02 5.3333333333333333e-01 1.4203501540210189e-02
7.3333333333333328e-01 1.0000000000000000e-02 5.9999999999999998e-01 1.4063318646775520e-02
7.3333333333333328e-01 1.0000000000000000e-02 6.6666666666666663e-01 1.3131034579820029e-02
8.0000000000000004e-01 1.0000000000000000e-02 0.0000000000000000e+00 1.1657399316854923e-02
8.0000000000000004e-01 1.0000000000000000e-02 6.6666666666666666e-02 1.0329016873393423e-02
8.0000000000000004e-01 1.0000000000000000e-02 1.3333333333333333e-01 1.0043960560745366e-02
8.0000000000000004e-01 1.0000000000000000e-02 2.0000000000000001e-01 1.0152182852048275e-02
8.0000000000000004e-01 1.0000000000000000e-02 2.6666666666666666e-01 1.0692630896855605e-02
8.0000000000000004e-01 1.0000000000000000e-02 3.3333333333333331e-01 1.1539597265584001e-02
8.0000000000000004e-01 1.0000000000000000e-02 4.0000000000000002e-01 1.2462421064668860e-02
8.0000000000000004e-01 1.0000000000000000e-02 4.6666666666666667e-01 1.3176899932065987e-02
8.0000000000000004e-01 1.0000000000000000e-02 5.3333333333333333e-01 1.3384141792540057e-02
8.6666666666666670e-01 1.0000000000000000e-02 0.0000000000000000e+00 1.2194015621372590e-02
8.6666666666666670e-01 1.0000000000000000e-02 6.6666666666666666e-02 1.1527341102310728e-02
8.6666666666666670e-01 1.0000000000000000e-02 1.3333333333333333e-01 1.1127476415717520e-02
8.6666666666666670e-01 1.0000000000000000e-02 2.0000000000000001e-01 1.1144849537669059e-02
8.6666666666666670e-01 1.0000000000000000e-02 2.6666666666666666e-01 1.1605388183843164e-02
8.6666666666666670e-01 1.0000000000000000e-02 3.3333333333333331e-01 1.2363619208474664e-02
8.6666666666666670e-01 1.0000000000000000e-02 4.0000000000000002e-01 1.3160338551455599e-02
8.6666666666666670e-01 1.0000000000000000e-02 4.6666666666666667e-01 1.3672273367882001e-02
9.3333333333333335e-01 1.0000000000000000e-02 0.0000000000000000e+00 1.2703524814952663e-02
9.3333333333333335e-01 1.0000000000000000e-02 6.6666666666666666e-02 1.5669957474591538e-02
9.3333333333333335e-01 1.0000000000000000e-02 1.3333333333333333e-01 1.5031459912737449e-02
9.3333333333333335e-01 1.0000000000000000e-02 2.0000000000000001e-01 1.4833047421134501e-02
9.3333333333333335e-01 1.0000000000000000e-02 2.6666666666666666e-01 1.5094825798877576e-02
9.3333333333333335e-01 1.0000000000000000e-02 3.3333333333333331e-01 1.5659071077357901e-02
0.0000000000000000e+00 1.3000000000000001e-02 5.3333333333333333e-01 2.2568687331191776e-02
0.0000000000000000e+00 1.3000000000000001e-02 5.9999999999999998e-01 2.3182489166317034e-02
0.0000000000000000e+00 1.3000000000000001e-02 6.6666666666666663e-01 2.4758843090878203e-02
0.0000000000000000e+00 1.3000000000000001e-02 7.3333333333333328e-01 2.6863876423235424e-02
0.0000000000000000e+00 1.3000000000000001e-02 8.0000000000000004e-01 2.8796627673188975e-02
0.0000000000000000e+00 1.3000000000000001e-02 8.6666666666666670e-01 2.9586431110423247e-02
0.0000000000000000e+00 1.3000000000000001e-02 9.3333333333333335e-01 2.8005314385614724e-02
6.6666666666666666e-02 1.3000000000000001e-02 5.3333333333333333e-01 2.1274385283083098e-02
6.6666666666666666e-02 1.3000000000000001e-02 5.9999999999999998e-01 2.1978055504536093e-02
6.6666666666666666e-02 1.3000000000000001e-02 6.6666666666666663e-01 2.3563372369624223e-02
6.6666666666666666e-02 1.3000000000000001e-02 7.3333333333333328e-01 2.5676750606232250e-02
6.6666666666666666e-02 1.3000000000000001e-02 8.0000000000000004e-01 2.7720477112007900e-02
6.6666666666666666e-02 1.3000000000000001e-02 8.6666666666666670e-01 2.8844313678049252e-02
6.6666666666666666e-02 1.3000000000000001e-02 9.3333333333333335e-01 2.7948754945720355e-02
1.3333333333333333e-01 1.3000000000000001e-02 5.3333333333333333e-01 2.0655589901925682e-02
1.3333333333333333e-01 1.3000000000000001e-02 5.9999999999999998e-01 2.1453649197578816e-02
1.3333333333333333e-01 1.3000000000000001e-02 6.6666666666666663e-01 2.3031385639694153e-02
1.3333333333333333e-01 1.3000000000000001e-02 7.3333333333333328e-01 2.5101721798969849e-02
1.3333333333333333e-01 1.3000000000000001e-02 8.0000000000000004e-01 2.7162700095143447e-02
1.3333333333333333e-01 1.3000000000000001e-02 8.6666666666666670e-01 2.8480198309014042e-02
1.3333333333333333e-01 1.3000000000000001e-02 9.3333333333333335e-01 2.8082486961779101e-02
2.0000000000000001e-01 1.3000000000000001e-02 4.6666666666666667e-01 2.0393984214609091e-02
2.0000000000000001e-01 1.3000000000000001e-02 5.3333333333333333e-01 2.0558740403132360e-02
2.0000000000000001e-01 1.3000000000000001e-02 5.9999999999999998e-01 2.1453449679665483e-02
2.0000000000000001e-01 1.3000000000000001e-02 6.6666666666666663e-01 2.3006562493500825e-02
2.0000000000000001e-01 1.3000000000000001e-02 7.3333333333333328e-01 2.4988874451424097e-02
2.0000000000000001e-01 1.3000000000000001e-02 8.0000000000000004e-01 2.6984904003380009e-02
2.0000000000000001e-01 1.3000000000000001e-02 8.6666666666666670e-01 2.8369818946338051e-02
2.0000000000000001e-01 1.3000000000000001e-02 9.3333333333333335e-01 2.8295955617980345e-02
2.6666666666666666e-01 1.3000000000000001e-02 4.6666666666666667e-01 2.0433311052917298e-02
2.6666666666666666e-01 1.3000000000000001e-02 5.3333333333333333e-01 2.0831828334638734e-02
2.6666666666666666e-01 1.3000000000000001e-02 5.9999999999999998e-01 2.1811565607547250e-02
2.6666666666666666e-01 1.3000000000000001e-02 6.6666666666666663e-01 2.3317645777544700e-02
2.6666666666666666e-01 1.3000000000000001e-02 7.3333333333333328e-01 2.5167842638606570e-02
2.6666666666666666e-01 1.3000000000000001e-02 8.0000000000000004e-01 2.7022665213919484e-02
2.6666666666666666e-01 1.3000000000000001e-02 8.6666666666666670e-01 2.8357654654364971e-02
2.6666666666666666e-01 1.3000000000000001e-02 9.3333333333333335e-01 2.8442940006233122e-02
3.3333333333333331e-01 1.3000000000000001e-02 4.0000000000000002e-01 2.0351963489367641e-02
3.3333333333333331e-01 1.3000000000000001e-02 4.6666666666666667e-01 2.0712389149770364e-02
3.3333333333333331e-01 1.3000000000000001e-02 5.3333333333333333e-01 2.1314996814710739e-02
3.3333333333333331e-01 1.3000000000000001e-02 5.9999999999999998e-01 2.2354605471303614e-02
3.3333333333333331e-01 1.3000000000000001e-02 6.6666666666666663e-01 2.3782758862953161e-02
3.3333333333333331e-01 1.3000000000000001e-02 7.3333333333333328e-01 2.5453592086139318e-02
3.3333333333333331e-01 1.3000000000000001e-02 8.0000000000000004e-01 2.7092407574441903e-02
3.3333333333333331e-01 1.3000000000000001e-02 8.6666666666666670e-01 2.8264482734220303e-02
3.3333333333333331e-01 1.3000000000000001e-02 9.3333333333333335e-01 2.9323639685299337e-02
4.0000000000000002e-01 1.3000000000000001e-02 3.3333333333333331e-01 2.0418238891444222e-02
4.0000000000000002e-01 1.3000000000000001e-02 4.0000000000000002e-01 2.0618609368856837e-02
4.0000000000000002e-01 1.3000000000000001e-02 4.6666666666666667e-01 2.1082641275280384e-02
4.0000000000000002e-01 1.3000000000000001e-02 5.3333333333333333e-01 2.1846642384162392e-02
4.0000000000000002e-01 1.3000000000000001e-02 5.9999999999999998e-01 2.2907856449214822e-02
4.0000000000000002e-01 1.3000000000000001e-02 6.6666666666666663e-01 2.4217627722699902e-02
4.0000000000000002e-01 1.3000000000000001e-02 7.3333333333333328e-01 2.5656447903422079e-02
4.0000000000000002e-01 1.3000000000000001e-02 8.0000000000000004e-01 2.7002840848468414e-02
4.0000000000000002e-01 1.3000000000000001e-02 8.6666666666666670e-01 2.7899754374614331e-02
4.6666666666666667e-01 1.3000000000000001e-02 2.0000000000000001e-01 1.9911786921269995e-02
4.6666666666666667e-01 1.3000000000000001e-02 2.6666666666666666e-01 1.9992376387490320e-02
4.6666666666666667e-01 1.3000000000000001e-02 3.3333333333333331e-01 2.0254520622777838e-02
4.6666666666666667e-01 1.3000000000000001e-02 4.0000000000000002e-01 2.0724612098473840e-02
4.6666666666666667e-01 1.3000000000000001e-02 4.6666666666666667e-01 2.1402366034611299e-02
4.6666666666666667e-01 1.3000000000000001e-02 5.3333333333333333e-01 2.2272807531658133e-02
4.6666666666666667e-01 1.3000000000000001e-02 5.9999999999999998e-01 2.3306662457219948e-02
4.6666666666666667e-01 1.3000000000000001e-02 6.6666666666666663e-01 2.4449006744800314e-02
4.6666666666666667e-01 1.3000000000000001e-02 7.3333333333333328e-01 2.5597384027680262e-02
4.6666666666666667e-01 1.3000000000000001e-02 8.0000000000000004e-01 2.6571714464676793e-02
4.6666666666666667e-01 1.3000000000000001e-02 8.6666666666666670e-01 2.7079059692451165e-02
5.3333333333333333e-01 1.3000000000000001e-02 0.0000000000000000e+00 1.7677911995610383e-02
5.3333333333333333e-01 1.3000000000000001e-02 6.6666666666666666e-02 1.9227330835563172e-02
5.3333333333333333e-01 1.3000000000000001e-02 1.3333333333333333e-01 1.9223583641375618e-02
5.3333333333333333e-01 1.3000000000000001e-02 2.0000000000000001e-01 1.9299330814756818e-02
5.3333333333333333e-01 1.3000000000000001e-02 2.6666666666666666e-01 1.9565106278315252e-02
5.3333333333333333e-01 1.3000000000000001e-02 3.3333333333333331e-01 2.0048002363094210e-02
5.3333333333333333e-01 1.3000000000000001e-02 4.0000000000000002e-01 2.0724769545282073e-02
5.3333333333333333e-01 1.3000000000000001e-02 4.6666666666666667e-01 2.1548182281151039e-02
5.3333333333333333e-01 1.3000000000000001e-02 5.3333333333333333e-01 2.2463692365431890e-02
5.3333333333333333e-01 1.3000000000000001e-02 5.9999999999999998e-01 2.3414506622419482e-02
5.3333333333333333e-01 1.3000000000000001e-02 6.6666666666666663e-01 2.4334477771412375e-02
5.3333333333333333e-01 1.3000000000000001e-02 7.3333333333333328e-01 2.5129409583452861e-02
5.3333333333333333e-01 1.3000000000000001e-02 8.0000000000000004e-01 2.5648411682216030e-02
5.9999999999999998e-01 1.3000000000000001e-02 0.0000000000000000e+00 1.7496312825139693e-02
5.9999999999999998e-01 1.3000000000000001e-02 6.6666666666666666e-02 1.8563327292448983e-02
5.9999999999999998e-01 1.3000000000000001e-02 1.3333333333333333e-01 1.8537017646160378e-02
5.9999999999999998e-01 1.3000000000000001e-02 2.0000000000000001e-01 1.8685295041646607e-02
5.9999999999999998e-01 1.3000000000000001e-02 2.6666666666666666e-01 1.9085035693892929e-02
5.9999999999999998e-01 1.3000000000000001e-02 3.3333333333333331e-01 1.9724436145293841e-02
5.9999999999999998e-01 1.3000000000000001e-02 4.0000000000000002e-01 2.0538871824840123e-02
5.9999999999999998e-01 1.3000000000000001e-02 4.6666666666666667e-01 2.1440522916248116e-02
5.9999999999999998e-01 1.3000000000000001e-02 5.3333333333333333e-01 2.2338721209390448e-02
5.9999999999999998e-01 1.3000000000000001e-02 5.9999999999999998e-01 2.3148941489675643e-02
5.9999999999999998e-01 1.3000000000000001e-02 6.6666666666666663e-01 2.3789432472911421e-02
5.9999999999999998e-01 1.3000000000000001e-02 7.3333333333333328e-01 2.4165520175701172e-02
6.6666666666666663e-01 1.3000000000000001e-02 0.0000000000000000e+00 1.7479896603101536e-02
6.6666666666666663e-01 1.3000000000000001e-02 6.6666666666666666e-02 1.7887088399583365e-02
6.6666666666666663e-01 1.3000000000000001e-02 1.3333333333333333e-01 1.7845230718570530e-02
6.6666666666666663e-01 1.3000000000000001e-02 2.0000000000000001e-01 1.8043621457288384e-02
6.6666666666666663e-01 1.3000000000000001e-02 2.6666666666666666e-01 1.8533270387708963e-02
6.6666666666666663e-01 1.3000000000000001e-02 3.3333333333333331e-01 1.9271778095142505e-02
6.6666666666666663e-01 1.3000000000000001e-02 4.0000000000000002e-01 2.0160909852888150e-02
6.6666666666666663e-01 1.3000000000000001e-02 4.6666666666666667e-01 2.1078381575192848e-02
6.6666666666666663e-01 1.3000000000000001e-02 5.3333333333333333e-01 2.1900837592463675e-02
6.6666666666666663e-01 1.3000000000000001e-02 5.9999999999999998e-01 2.2515820870169012e-02
6.6666666666666663e-01 1.3000000000000001e-02 6.6666666666666663e-01 2.2821416701508630e-02
6.6666666666666663e-01 1.3000000000000001e-02 7.3333333333333328e-01 2.3054211391734403e-02
7.3333333333333328e-01 1.3000000000000001e-02 0.0000000000000000e+00 1.7636926082006094e-02
7.3333333333333328e-01 1.3000000000000001e-02 6.6666666666666666e-02 1.7303227833724236e-02
7.3333333333333328e-01 1.3000000000000001e-02 1.3333333333333333e-01 1.7247573697192955e-02
7.3333333333333328e-01 1.3000000000000001e-02 2.0000000000000001e-01 1.7473063537794167e-02
7.3333333333333328e-01 1.3000000000000001e-02 2.6666666666666666e-01 1.8011530020046452e-02
7.3333333333333328e-01 1.3000000000000001e-02 3.3333333333333331e-01 1.8797223390061006e-02
7.3333333333333328e-01 1.3000000000000001e-02 4.0000000000000002e-01 1.9705101115683864e-02
7.3333333333333328e-01 1.3000000000000001e-02 4.6666666666666667e-01 2.0583682041424130e-02
7.3333333333333328e-01 1.3000000000000001e-02 5.3333333333333333e-01 2.1279548830781331e-02
7.3333333333333328e-01 1.3000000000000001e-02 5.9999999999999998e-01 2.1651256949633713e-02
7.3333333333333328e-01 1.3000000000000001e-02 6.6666666666666663e-01 2.1597594519721094e-02
8.0000000000000004e-01 1.3000000000000001e-02 0.0000000000000000e+00 1.7935132453478723e-02
8.0000000000000004e-01 1.3000000000000001e-02 6.6666666666666666e-02 1.7121004717536057e-02
8.0000000000000004e-01 1.3000000000000001e-02 1.3333333333333333e-01 1.7036712422464528e-02
8.0000000000000004e-01 1.3000000000000001e-02 2.0000000000000001e-01 1.7256965547478891e-02
8.0000000000000004e-01 1.3000000000000001e-02 2.6666666666666666e-01 1.7800143778879635e-02
8.0000000000000004e-01 1.3000000000000001e-02 3.3333333333333331e-01 1.8583227411425558e-02
8.0000000000000004e-01 1.3000000000000001e-02 4.0000000000000002e-01 1.9459851319414023e-02
8.0000000000000004e-01 1.3000000000000001e-02 4.6666666666666667e-01 2.0253166304731868e-02
8.0000000000000004e-01 1.3000000000000001e-02 5.3333333333333333e-01 2.0780756572363064e-02
8.6666666666666670e-01 1.3000000000000001e-02 0.0000000000000000e+00 1.8302997168102065e-02
8.6666666666666670e-01 1.3000000000000001e-02 6.6666666666666666e-02 1.7914134756124883e-02
8.6666666666666670e-01 1.3000000000000001e-02 1.3333333333333333e-01 1.7759481317157790e-02
8.6666666666666670e-01 1.3000000000000001e-02 2.0000000000000001e-01 1.7924329596542450e-02
8.6666666666666670e-01 1.3000000000000001e-02 2.6666666666666666e-01 1.8418586086371466e-02
8.6666666666666670e-01 1.3000000000000001e-02 3.3333333333333331e-01 1.9146864461858797e-02
8.6666666666666670e-01 1.3000000000000001e-02 4.0000000000000002e-01 1.9945395495844745e-02
8.6666666666666670e-01 1.3000000000000001e-02 4.6666666666666667e-01 2.0613877970875303e-02
9.3333333333333335e-01 1.3000000000000001e-02 0.0000000000000000e+00 1.8636519735044384e-02
9.3333333333333335e-01 1.3000000000000001e-02 6.6666666666666666e-02 2.0570829764879030e-02
9.3333333333333335e-01 1.3000000000000001e-02 1.3333333333333333e-01 2.0270115346951192e-02
9.3333333333333335e-01 1.3000000000000001e-02 2.0000000000000001e-01 2.0305135063131030e-02
9.3333333333333335e-01 1.3000000000000001e-02 2.6666666666666666e-01 2.0681789326978162e-02
9.3333333333333335e-01 1.3000000000000001e-02 3.3333333333333331e-01 2.1297462563259307e-02
0.0000000000000000e+00 5.3333333333333333e-01 1.0000000000000000e-02 1.2972128014270756e+00
0.0000000000000000e+00 5.9999999999999998e-01 1.0000000000000000e-02 1.4839639920709189e+00
0.0000000000000000e+00 6.6666666666666663e-01 1.0000000000000000e-02 1.6753286221316224e+00
0.0000000000000000e+00 7.3333333333333328e-01 1.0000000000000000e-02 1.8706383022875441e+00
0.0000000000000000e+00 8.0000000000000004e-01 1.0000000000000000e-02 2.0688996842171425e+00
0.0000000000000000e+00 8.6666666666666670e-01 1.0000000000000000e-02 2.2689404139853577e+00
0.0000000000000000e+00 9.3333333333333335e-01 1.0000000000000000e-02 2.4696288215505859e+00
6.6666666666666666e-02 5.3333333333333333e-01 1.0000000000000000e-02 1.3157049306498911e+00
6.6666666666666666e-02 5.9999999999999998e-01 1.0000000000000000e-02 1.5077611416863632e+00
6.6666666666666666e-02 6.6666666666666663e-01 1.0000000000000000e-02 1.7051843763931886e+00
6.6666666666666666e-02 7.3333333333333328e-01 1.0000000000000000e-02 1.9072421944894269e+00
6.6666666666666666e-02 8.0000000000000004e-01 1.0000000000000000e-02 2.1128730390490063e+00
6.6666666666666666e-02 8.6666666666666670e-01 1.0000000000000000e-02 2.3208546611587959e+00
6.6666666666666666e-02 9.3333333333333335e-01 1.0000000000000000e-02 2.5300414704904597e+00
1.3333333333333333e-01 5.3333333333333333e-01 1.0000000000000000e-02 1.3358371676394565e+00
1.3333333333333333e-01 5.9999999999999998e-01 1.0000000000000000e-02 1.5337019314675446e+00
1.3333333333333333e-01 6.6666666666666663e-01 1.0000000000000000e-02 1.7376256026431844e+00
1.3333333333333333e-01 7.3333333333333328e-01 1.0000000000000000e-02 1.9468165196565050e+00
1.3333333333333333e-01 8.0000000000000004e-01 1.0000000000000000e-02 2.1601759618196499e+00
1.3333333333333333e-01 8.6666666666666670e-01 1.0000000000000000e-02 2.3764818100565517e+00
1.3333333333333333e-01 9.3333333333333335e-01 1.0000000000000000e-02 2.5946307768960897e+00
2.0000000000000001e-01 4.6666666666666667e-01 1.0000000000000000e-02 1.1607230674377971e+00
2.0000000000000001e-01 5.3333333333333333e-01 1.0000000000000000e-02 1.3576599140084129e+00
2.0000000000000001e-01 5.9999999999999998e-01 1.0000000000000000e-02 1.5617699576928625e+00
2.0000000000000001e-01 6.6666666666666663e-01 1.0000000000000000e-02 1.7725809148007525e+00
2.0000000000000001e-01 7.3333333333333328e-01 1.0000000000000000e-02 1.9892651352958726e+00
2.0000000000000001e-01 8.0000000000000004e-01 1.0000000000000000e-02 2.2107322182664073e+00
2.0000000000000001e-01 8.6666666666666670e-01 1.0000000000000000e-02 2.4358166191962112e+00
2.0000000000000001e-01 9.3333333333333335e-01 1.0000000000000000e-02 2.6635090808930881e+00
2.6666666666666666e-01 4.6666666666666667e-01 1.0000000000000000e-02 1.1783419069220264e+00
2.6666666666666666e-01 5.3333333333333333e-01 1.0000000000000000e-02 1.3812367301034716e+00
2.6666666666666666e-01 5.9999999999999998e-01 1.0000000000000000e-02 1.5919739239827646e+00
2.6666666666666666e-01 6.6666666666666663e-01 1.0000000000000000e-02 1.8100300192894601e+00
2.6666666666666666e-01 7.3333333333333328e-01 1.0000000000000000e-02 2.0345803878778463e+00
2.6666666666666666e-01 8.0000000000000004e-01 1.0000000000000000e-02 2.2645971335053079e+00
2.6666666666666666e-01 8.6666666666666670e-01 1.0000000000000000e-02 2.4990261268696723e+00
2.6666666666666666e-01 9.3333333333333335e-01 1.0000000000000000e-02 2.7369903928591817e+00
3.3333333333333331e-01 4.0000000000000002e-01 1.0000000000000000e-02 9.9700024845870228e-01
3.3333333333333331e-01 4.6666666666666667e-01 1.0000000000000000e-02 1.1974169274549029e+00
3.3333333333333331e-01 5.3333333333333333e-01 1.0000000000000000e-02 1.4066376989404035e+00
3.3333333333333331e-01 5.9999999999999998e-01 1.0000000000000000e-02 1.6243525651318047e+00
3.3333333333333331e-01 6.6666666666666663e-01 1.0000000000000000e-02 1.8500186249111661e+00
3.3333333333333331e-01 7.3333333333333328e-01 1.0000000000000000e-02 2.0828640758609742e+00
3.3333333333333331e-01 8.0000000000000004e-01 1.0000000000000000e-02 2.3219788293817110e+00
3.3333333333333331e-01 8.6666666666666670e-01 1.0000000000000000e-02 2.5664644699332935e+00
3.3333333333333331e-01 9.3333333333333335e-01 1.0000000000000000e-02 2.8155937775443900e+00
4.0000000000000002e-01 3.3333333333333331e-01 1.0000000000000000e-02 8.1513809081279687e-01
4.0000000000000002e-01 4.0000000000000002e-01 1.0000000000000000e-02 1.0116994774254686e+00
4.0000000000000002e-01 4.6666666666666667e-01 1.0000000000000000e-02 1.2180543845233804e+00
4.0000000000000002e-01 5.3333333333333333e-01 1.0000000000000000e-02 1.4339366557571542e+00
4.0000000000000002e-01 5.9999999999999998e-01 1.0000000000000000e-02 1.6589819269848451e+00
4.0000000000000002e-01 6.6666666666666663e-01 1.0000000000000000e-02 1.8926724440434171e+00
4.0000000000000002e-01 7.3333333333333328e-01 1.0000000000000000e-02 2.1343428147245307e+00
4.0000000000000002e-01 8.0000000000000004e-01 1.0000000000000000e-02 2.3832484205597018e+00
4.0000000000000002e-01 8.6666666666666670e-01 1.0000000000000000e-02 2.6386713711951093e+00
4.6666666666666667e-01 2.0000000000000001e-01 1.0000000000000000e-02 4.5530268572294547e-01
4.6666666666666667e-01 2.6666666666666666e-01 1.0000000000000000e-02 6.3479057784981030e-01
4.6666666666666667e-01 3.3333333333333331e-01 1.0000000000000000e-02 8.2575471050322080e-01
4.6666666666666667e-01 4.0000000000000002e-01 1.0000000000000000e-02 1.0277316486645420e+00
4.6666666666666667e-01 4.6666666666666667e-01 1.0000000000000000e-02 1.2403359490508992e+00
4.6666666666666667e-01 5.3333333333333333e-01 1.0000000000000000e-02 1.4632129828315157e+00
4.6666666666666667e-01 5.9999999999999998e-01 1.0000000000000000e-02 1.6959843042667908e+00
4.6666666666666667e-01 6.6666666666666663e-01 1.0000000000000000e-02 1.9382083778684105e+00
4.6666666666666667e-01 7.3333333333333328e-01 1.0000000000000000e-02 2.1893751524734006e+00
4.6666666666666667e-01 8.0000000000000004e-01 1.0000000000000000e-02 2.4489364430317750e+00
4.6666666666666667e-01 8.6666666666666670e-01 1.0000000000000000e-02 2.7163522243806812e+00
5.3333333333333333e-01 0.0000000000000000e+00 1.0000000000000000e-02 -8.6743630157279702e-03
5.3333333333333333e-01 6.6666666666666666e-02 1.0000000000000000e-02 1.3274323199787350e-01
5.3333333333333333e-01 1.3333333333333333e-01 1.0000000000000000e-02 2.8875333600971342e-01
5.3333333333333333e-01 2.0000000000000001e-01 1.0000000000000000e-02 4.5866855620696745e-01
5.3333333333333333e-01 2.6666666666666666e-01 1.0000000000000000e-02 6.4179824402996921e-01
5.3333333333333333e-01 3.3333333333333331e-01 1.0000000000000000e-02 8.3748931496520651e-01
5.3333333333333333e-01 4.0000000000000002e-01 1.0000000000000000e-02 1.0451597657457270e+00
5.3333333333333333e-01 4.6666666666666667e-01 1.0000000000000000e-02 1.2643177001146282e+00
5.3333333333333333e-01 5.3333333333333333e-01 1.0000000000000000e-02 1.4945580128230269e+00
5.3333333333333333e-01 5.9999999999999998e-01 1.0000000000000000e-02 1.7355376600857595e+00
5.3333333333333333e-01 6.6666666666666663e-01 1.0000000000000000e-02 1.9869408989784030e+00
5.3333333333333333e-01 7.3333333333333328e-01 1.0000000000000000e-02 2.2484482747919556e+00
5.3333333333333333e-01 8.0000000000000004e-01 1.0000000000000000e-02 2.5197139083756723e+00
5.9999999999999998e-01 0.0000000000000000e+00 1.0000000000000000e-02 -9.0131326025117454e-03
5.9999999999999998e-01 6.6666666666666666e-02 1.0000000000000000e-02 1.3264888253985729e-01
5.9999999999999998e-01 1.3333333333333333e-01 1.0000000000000000e-02 2.9011182451320044e-01
5.9999999999999998e-01 2.0000000000000001e-01 1.0000000000000000e-02 4.6271020670237095e-01
5.9999999999999998e-01 2.6666666666666666e-01 1.0000000000000000e-02 6.4970895955267594e-01
5.9999999999999998e-01 3.3333333333333331e-01 1.0000000000000000e-02 8.5036471825573301e-01
5.9999999999999998e-01 4.0000000000000002e-01 1.0000000000000000e-02 1.0639944597789361e+00
5.9999999999999998e-01 4.6666666666666667e-01 1.0000000000000000e-02 1.2900367008561793e+00
5.9999999999999998e-01 5.3333333333333333e-01 1.0000000000000000e-02 1.5280853682113333e+00
5.9999999999999998e-01 5.9999999999999998e-01 1.0000000000000000e-02 1.7778839942968070e+00
5.9999999999999998e-01 6.6666666666666663e-01 1.0000000000000000e-02 2.0392818385838538e+00
5.9999999999999998e-01 7.3333333333333328e-01 1.0000000000000000e-02 2.3121629709535130e+00
6.6666666666666663e-01 0.0000000000000000e+00 1.0000000000000000e-02 -9.1159998626979405e-03
6.6666666666666663e-01 6.6666666666666666e-02 1.0000000000000000e-02 1.3290651781579241e-01
6.6666666666666663e-01 1.3333333333333333e-01 1.0000000000000000e-02 2.9197729236873815e-01
6.6666666666666663e-01 2.0000000000000001e-01 1.0000000000000000e-02 4.6743459248208857e-01
6.6666666666666663e-01 2.6666666666666666e-01 1.0000000000000000e-02 6.5849283755243904e-01
6.6666666666666663e-01 3.3333333333333331e-01 1.0000000000000000e-02 8.6433212616494071e-01
6.6666666666666663e-01 4.0000000000000002e-01 1.0000000000000000e-02 1.0842031387773743e+00
6.6666666666666663e-01 4.6666666666666667e-01 1.0000000000000000e-02 1.3175247302391500e+00
6.6666666666666663e-01 5.3333333333333333e-01 1.0000000000000000e-02 1.5639439005010634e+00
6.6666666666666663e-01 5.9999999999999998e-01 1.0000000000000000e-02 1.8233349766903886e+00
6.6666666666666663e-01 6.6666666666666663e-01 1.0000000000000000e-02 2.0957322631880753e+00
6.6666666666666663e-01 7.3333333333333328e-01 1.0000000000000000e-02 2.3812062278561199e+00
7.3333333333333328e-01 0.0000000000000000e+00 1.0000000000000000e-02 -8.9540065999470283e-03
7.3333333333333328e-01 6.6666666666666666e-02 1.0000000000000000e-02 1.3351657807108178e-01
7.3333333333333328e-01 1.3333333333333333e-01 1.0000000000000000e-02 2.9430898521172300e-01
7.3333333333333328e-01 2.0000000000000001e-01 1.0000000000000000e-02 4.7275846895446016e-01
7.3333333333333328e-01 2.6666666666666666e-01 1.0000000000000000e-02 6.6803884253551049e-01
7.3333333333333328e-01 3.3333333333333331e-01 1.0000000000000000e-02 8.7928459578171725e-01
7.3333333333333328e-01 4.0000000000000002e-01 1.0000000000000000e-02 1.1057289437812117e+00
7.3333333333333328e-01 4.6666666666666667e-01 1.0000000000000000e-02 1.3468277795352339e+00
7.3333333333333328e-01 5.3333333333333333e-01 1.0000000000000000e-02 1.6023313863284008e+00
7.3333333333333328e-01 5.9999999999999998e-01 1.0000000000000000e-02 1.8722732551853505e+00
7.3333333333333328e-01 6.6666666666666663e-01 1.0000000000000000e-02 2.1568648901844090e+00
8.0000000000000004e-01 0.0000000000000000e+00 1.0000000000000000e-02 -8.5618950916421140e-03
8.0000000000000004e-01 6.6666666666666666e-02 1.0000000000000000e-02 1.3440182840861634e-01
8.0000000000000004e-01 1.3333333333333333e-01 1.0000000000000000e-02 2.9698128063020812e-01
8.0000000000000004e-01 2.0000000000000001e-01 1.0000000000000000e-02 4.7851808661101214e-01
8.0000000000000004e-01 2.6666666666666666e-01 1.0000000000000000e-02 6.7817327710502329e-01
8.0000000000000004e-01 3.3333333333333331e-01 1.0000000000000000e-02 8.9508207793636363e-01
8.0000000000000004e-01 4.0000000000000002e-01 1.0000000000000000e-02 1.1285178452933908e+00
8.0000000000000004e-01 4.6666666666666667e-01 1.0000000000000000e-02 1.3780290890461833e+00
8.0000000000000004e-01 5.3333333333333333e-01 1.0000000000000000e-02 1.6435068606709289e+00
8.6666666666666670e-01 0.0000000000000000e+00 1.0000000000000000e-02 -8.0411945999272344e-03
8.6666666666666670e-01 6.6666666666666666e-02 1.0000000000000000e-02 1.3541118164659202e-01
8.6666666666666670e-01 1.3333333333333333e-01 1.0000000000000000e-02 2.9979677090782403e-01
8.6666666666666670e-01 2.0000000000000001e-01 1.0000000000000000e-02 4.8449203682157366e-01
8.6666666666666670e-01 2.6666666666666666e-01 1.0000000000000000e-02 6.8869056413156871e-01
8.6666666666666670e-01 3.3333333333333331e-01 1.0000000000000000e-02 9.1158600025635306e-01
8.6666666666666670e-01 4.0000000000000002e-01 1.0000000000000000e-02 1.1525511377558730e+00
8.6666666666666670e-01 4.6666666666666667e-01 1.0000000000000000e-02 1.4112729043518866e+00
9.3333333333333335e-01 0.0000000000000000e+00 1.0000000000000000e-02 -7.5556340446281895e-03
9.3333333333333335e-01 6.6666666666666666e-02 1.0000000000000000e-02 1.3633407103580450e-01
9.3333333333333335e-01 1.3333333333333333e-01 1.0000000000000000e-02 3.0251153606093972e-01
9.3333333333333335e-01 2.0000000000000001e-01 1.0000000000000000e-02 4.9043611700668227e-01
9.3333333333333335e-01 2.6666666666666666e-01 1.0000000000000000e-02 6.9939394394309862e-01
9.3333333333333335e-01 3.3333333333333331e-01 1.0000000000000000e-02 9.2869911913616210e-01
0.0000000000000000e+00 5.3333333333333333e-01 1.3000000000000001e-02 1.2967363144982158e+00
0.0000000000000000e+00 5.9999999999999998e-01 1.3000000000000001e-02 1.4838475292214599e+00
0.0000000000000000e+00 6.6666666666666663e-01 1.3000000000000001e-02 1.6752925014547795e+00
0.0000000000000000e+00 7.3333333333333328e-01 1.3000000000000001e-02 1.8704833403857459e+00
0.0000000000000000e+00 8.0000000000000004e-01 1.3000000000000001e-02 2.0686225260032378e+00
0.0000000000000000e+00 8.6666666666666670e-01 1.3000000000000001e-02 2.2687988571765585e+00
0.0000000000000000e+00 9.3333333333333335e-01 1.3000000000000001e-02 2.4701357360124754e+00
6.6666666666666666e-02 5.3333333333333333e-01 1.3000000000000001e-02 1.3156105468217330e+00
6.6666666666666666e-02 5.9999999999999998e-01 1.3000000000000001e-02 1.5080090533483328e+00
6.6666666666666666e-02 6.6666666666666663e-01 1.3000000000000001e-02 1.7054316020009674e+00
6.6666666666666666e-02 7.3333333333333328e-01 1.3000000000000001e-02 1.9072512595791673e+00
6.6666666666666666e-02 8.0000000000000004e-01 1.3000000000000001e-02 2.1126336396287040e+00
6.6666666666666666e-02 8.6666666666666670e-01 1.3000000000000001e-02 2.3206456244250395e+00
6.6666666666666666e-02 9.3333333333333335e-01 1.3000000000000001e-02 2.5304122125068003e+00
1.3333333333333333e-01 5.3333333333333333e-01 1.3000000000000001e-02 1.3360030344792846e+00
1.3333333333333333e-01 5.9999999999999998e-01 1.3000000000000001e-02 1.5341366481471290e+00
1.3333333333333333e-01 6.6666666666666663e-01 1.3000000000000001e-02 1.7379635764459302e+00
1.3333333333333333e-01 7.3333333333333328e-01 1.3000000000000001e-02 1.9468227867089103e+00
1.3333333333333333e-01 8.0000000000000004e-01 1.3000000000000001e-02 2.1598640211249762e+00
1.3333333333333333e-01 8.6666666666666670e-01 1.3000000000000001e-02 2.3761640903944081e+00
1.3333333333333333e-01 9.3333333333333335e-01 1.3000000000000001e-02 2.5948835402563932e+00
2.0000000000000001e-01 4.6666666666666667e-01 1.3000000000000001e-02 1.1605202172344355e+00
2.0000000000000001e-01 5.3333333333333333e-01 1.3000000000000001e-02 1.3579855425741196e+00
2.0000000000000001e-01 5.9999999999999998e-01 1.3000000000000001e-02 1.5622687864760263e+00
2.0000000000000001e-01 6.6666666666666663e-01 1.3000000000000001e-02 1.7729035443073973e+00
2.0000000000000001e-01 7.3333333333333328e-01 1.3000000000000001e-02 1.9892109177286537e+00
2.0000000000000001e-01 8.0000000000000004e-01 1.3000000000000001e-02 2.2103540042486869e+00
2.0000000000000001e-01 8.6666666666666670e-01 1.3000000000000001e-02 2.4354540141262921e+00
2.0000000000000001e-01 9.3333333333333335e-01 1.3000000000000001e-02 2.6637362755520724e+00
2.6666666666666666e-01 4.6666666666666667e-01 1.3000000000000001e-02 1.1783312955877681e+00
2.6666666666666666e-01 5.3333333333333333e-01 1.3000000000000001e-02 1.3816411264125286e+00
2.6666666666666666e-01 5.9999999999999998e-01 1.3000000000000001e-02 1.5924644472841507e+00
2.6666666666666666e-01 6.6666666666666663e-01 1.3000000000000001e-02 1.8103049131985163e+00
2.6666666666666666e-01 7.3333333333333328e-01 1.3000000000000001e-02 2.0344912430945499e+00
2.6666666666666666e-01 8.0000000000000004e-01 1.3000000000000001e-02 2.2642333415300300e+00
2.6666666666666666e-01 8.6666666666666670e-01 1.3000000000000001e-02 2.4987285207539736e+00
2.6666666666666666e-01 9.3333333333333335e-01 1.3000000000000001e-02 2.7372855197640158e+00
3.3333333333333331e-01 4.0000000000000002e-01 1.3000000000000001e-02 9.9660976034511606e-01
3.3333333333333331e-01 4.6666666666666667e-01 1.3000000000000001e-02 1.1975345328888871e+00
3.3333333333333331e-01 5.3333333333333333e-01 1.3000000000000001e-02 1.4070597110088197e+00
3.3333333333333331e-01 5.9999999999999998e-01 1.3000000000000001e-02 1.6248058137180119e+00
3.3333333333333331e-01 6.6666666666666663e-01 1.3000000000000001e-02 1.8502679152011361e+00
3.3333333333333331e-01 7.3333333333333328e-01 1.3000000000000001e-02 2.0828135461828481e+00
3.3333333333333331e-01 8.0000000000000004e-01 1.3000000000000001e-02 2.3217319622215964e+00
3.3333333333333331e-01 8.6666666666666670e-01 1.3000000000000001e-02 2.5663196199899927e+00
3.3333333333333331e-01 9.3333333333333335e-01 1.3000000000000001e-02 2.8159725246992404e+00
4.0000000000000002e-01 3.3333333333333331e-01 1.3000000000000001e-02 8.1452432875183556e-01
4.0000000000000002e-01 4.0000000000000002e-01 1.3000000000000001e-02 1.0115057812411230e+00
4.0000000000000002e-01 4.6666666666666667e-01 1.3000000000000001e-02 1.2182334960000685e+00
4.0000000000000002e-01 5.3333333333333333e-01 1.3000000000000001e-02 1.4343358395030126e+00
4.0000000000000002e-01 5.9999999999999998e-01 1.3000000000000001e-02 1.6594019585458186e+00
4.0000000000000002e-01 6.6666666666666663e-01 1.3000000000000001e-02 1.8929468389778548e+00
4.0000000000000002e-01 7.3333333333333328e-01 1.3000000000000001e-02 2.1344089375200976e+00
4.0000000000000002e-01 8.0000000000000004e-01 1.3000000000000001e-02 2.3831826925273365e+00
4.0000000000000002e-01 8.6666666666666670e-01 1.3000000000000001e-02 2.6386722965225444e+00
4.6666666666666667e-01 2.0000000000000001e-01 1.3000000000000001e-02 4.5463608788666737e-01
4.6666666666666667e-01 2.6666666666666666e-01 1.3000000000000001e-02 6.3421837374865753e-01
4.6666666666666667e-01 3.3333333333333331e-01 1.3000000000000001e-02 8.2539797750882138e-01
4.6666666666666667e-01 4.0000000000000002e-01 1.3000000000000001e-02 1.0276514557736494e+00
4.6666666666666667e-01 4.6666666666666667e-01 1.3000000000000001e-02 1.2405164852046959e+00
4.6666666666666667e-01 5.3333333333333333e-01 1.3000000000000001e-02 1.4635689940134256e+00
4.6666666666666667e-01 5.9999999999999998e-01 1.3000000000000001e-02 1.6963930276635817e+00
4.6666666666666667e-01 6.6666666666666663e-01 1.3000000000000001e-02 1.9385547210767051e+00
4.6666666666666667e-01 7.3333333333333328e-01 1.3000000000000001e-02 2.1895908601849179e+00
4.6666666666666667e-01 8.0000000000000004e-01 1.3000000000000001e-02 2.4490142880566590e+00
4.6666666666666667e-01 8.6666666666666670e-01 1.3000000000000001e-02 2.7163260089248933e+00
5.3333333333333333e-01 0.0000000000000000e+00 1.3000000000000001e-02 -8.6182731471350204e-03
5.3333333333333333e-01 6.6666666666666666e-02 1.3000000000000001e-02 1.3262925816961615e-01
5.3333333333333333e-01 1.3333333333333333e-01 1.3000000000000001e-02 2.8851270964629905e-01
5.3333333333333333e-01 2.0000000000000001e-01 1.3000000000000001e-02 4.5836288175730933e-01
5.3333333333333333e-01 2.6666666666666666e-01 1.3000000000000001e-02 6.4150361974711323e-01
5.3333333333333333e-01 3.3333333333333331e-01 1.3000000000000001e-02 8.3728522761691648e-01
5.3333333333333333e-01 4.0000000000000002e-01 1.3000000000000001e-02 1.0451110935455910e+00
5.3333333333333333e-01 4.6666666666666667e-01 1.3000000000000001e-02 1.2644553873421354e+00
5.3333333333333333e-01 5.3333333333333333e-01 1.3000000000000001e-02 1.4948665119826487e+00
5.3333333333333333e-01 5.9999999999999998e-01 1.3000000000000001e-02 1.7359541852894180e+00
5.3333333333333333e-01 6.6666666666666663e-01 1.3000000000000001e-02 1.9873642851224829e+00
5.3333333333333333e-01 7.3333333333333328e-01 1.3000000000000001e-02 2.2487487033389009e+00
5.3333333333333333e-01 8.0000000000000004e-01 1.3000000000000001e-02 2.5197339365017033e+00
5.9999999999999998e-01 0.0000000000000000e+00 1.3000000000000001e-02 -8.8179653614319960e-03
5.9999999999999998e-01 6.6666666666666666e-02 1.3000000000000001e-02 1.3276816611756273e-01
5.9999999999999998e-01 1.3333333333333333e-01 1.3000000000000001e-02 2.9014059716854396e-01
5.9999999999999998e-01 2.0000000000000001e-01 1.3000000000000001e-02 4.6264327805347921e-01
5.9999999999999998e-01 2.6666666666666666e-01 1.3000000000000001e-02 6.4956976946145317e-01
5.9999999999999998e-01 3.3333333333333331e-01 1.3000000000000001e-02 8.5021289374465825e-01
5.9999999999999998e-01 4.0000000000000002e-01 1.3000000000000001e-02 1.0639145864454234e+00
5.9999999999999998e-01 4.6666666666666667e-01 1.3000000000000001e-02 1.2901092768425719e+00
5.9999999999999998e-01 5.3333333333333333e-01 1.3000000000000001e-02 1.5283487085554548e+00
5.9999999999999998e-01 5.9999999999999998e-01 1.3000000000000001e-02 1.7782984205465222e+00
5.9999999999999998e-01 6.6666666666666663e-01 1.3000000000000001e-02 2.0397041195060761e+00
5.9999999999999998e-01 7.3333333333333328e-01 1.3000000000000001e-02 2.3123333771384194e+00
6.6666666666666663e-01 0.0000000000000000e+00 1.3000000000000001e-02 -8.8524158556993835e-03
6.6666666666666663e-01 6.6666666666666666e-02 1.3000000000000001e-02 1.3315625192939992e-01
6.6666666666666663e-01 1.3333333333333333e-01 1.3000000000000001e-02 2.9215029834826761e-01
6.6666666666666663e-01 2.0000000000000001e-01 1.3000000000000001e-02 4.6747799340502849e-01
6.6666666666666663e-01 2.6666666666666666e-01 1.3000000000000001e-02 6.5840009435975744e-01
6.6666666666666663e-01 3.3333333333333331e-01 1.3000000000000001e-02 8.6416113205127920e-01
6.6666666666666663e-01 4.0000000000000002e-01 1.3000000000000001e-02 1.0840634705947219e+00
6.6666666666666663e-01 4.6666666666666667e-01 1.3000000000000001e-02 1.3175325380931562e+00
6.6666666666666663e-01 5.3333333333333333e-01 1.3000000000000001e-02 1.5641554339705401e+00
6.6666666666666663e-01 5.9999999999999998e-01 1.3000000000000001e-02 1.8236772774606735e+00
6.6666666666666663e-01 6.6666666666666663e-01 1.3000000000000001e-02 2.0959494572725244e+00
6.6666666666666663e-01 7.3333333333333328e-01 1.3000000000000001e-02 2.3808345654705612e+00
7.3333333333333328e-01 0.0000000000000000e+00 1.3000000000000001e-02 -8.7138434537422579e-03
7.3333333333333328e-01 6.6666666666666666e-02 1.3000000000000001e-02 1.3378421292374992e-01
7.3333333333333328e-01 1.3333333333333333e-01 1.3000000000000001e-02 2.9450803481165105e-01
7.3333333333333328e-01 2.0000000000000001e-01 1.3000000000000001e-02 4.7280998700862698e-01
7.3333333333333328e-01 2.6666666666666666e-01 1.3000000000000001e-02 6.6792634972147757e-01
7.3333333333333328e-01 3.3333333333333331e-01 1.3000000000000001e-02 8.7907329233694564e-01
7.3333333333333328e-01 4.0000000000000002e-01 1.3000000000000001e-02 1.1055434540194762e+00
7.3333333333333328e-01 4.6666666666666667e-01 1.3000000000000001e-02 1.3467866794188290e+00
7.3333333333333328e-01 5.3333333333333333e-01 1.3000000000000001e-02 1.6024530025405812e+00
7.3333333333333328e-01 5.9999999999999998e-01 1.3000000000000001e-02 1.8723786731988044e+00
7.3333333333333328e-01 6.6666666666666663e-01 1.3000000000000001e-02 2.1565064486084791e+00
8.0000000000000004e-01 0.0000000000000000e+00 1.3000000000000001e-02 -8.4362763031501954e-03
8.0000000000000004e-01 6.6666666666666666e-02 1.3000000000000001e-02 1.3459381791291519e-01
8.0000000000000004e-01 1.3333333333333333e-01 1.3000000000000001e-02 2.9712778624593850e-01
8.0000000000000004e-01 2.0000000000000001e-01 1.3000000000000001e-02 4.7853346076134029e-01
8.0000000000000004e-01 2.6666666666666666e-01 1.3000000000000001e-02 6.7804297249786116e-01
8.0000000000000004e-01 3.3333333333333331e-01 1.3000000000000001e-02 8.9487354788578788e-01
8.0000000000000004e-01 4.0000000000000002e-01 1.3000000000000001e-02 1.1283423364852350e+00
8.0000000000000004e-01 4.6666666666666667e-01 1.3000000000000001e-02 1.3779544741012351e+00
8.0000000000000004e-01 5.3333333333333333e-01 1.3000000000000001e-02 1.6434402642942780e+00
8.6666666666666670e-01 0.0000000000000000e+00 1.3000000000000001e-02 -8.0945540378751027e-03
8.6666666666666670e-01 6.6666666666666666e-02 1.3000000000000001e-02 1.3548372365678715e-01
8.6666666666666670e-01 1.3333333333333333e-01 1.3000000000000001e-02 2.9988319128562457e-01
8.6666666666666670e-01 2.0000000000000001e-01 1.3000000000000001e-02 4.8451181698780660e-01
8.6666666666666670e-01 2.6666666666666666e-01 1.3000000000000001e-02 6.8862954647348762e-01
8.6666666666666670e-01 3.3333333333333331e-01 1.3000000000000001e-02 9.1149088842013581e-01
8.6666666666666670e-01 4.0000000000000002e-01 1.3000000000000001e-02 1.1524715326097019e+00
8.6666666666666670e-01 4.6666666666666667e-01 1.3000000000000001e-02 1.4111546622549358e+00
9.3333333333333335e-01 0.0000000000000000e+00 1.3000000000000001e-02 -7.7977562795618523e-03
9.3333333333333335e-01 6.6666666666666666e-02 1.3000000000000001e-02 1.3632257744828954e-01
9.3333333333333335e-01 1.3333333333333333e-01 1.3000000000000001e-02 3.0262765977696321e-01
9.3333333333333335e-01 2.0000000000000001e-01 1.3000000000000001e-02 4.9060359762195443e-01
9.3333333333333335e-01 2.6666666666666666e-01 1.3000000000000001e-02 6.9957979348322286e-01
9.3333333333333335e-01 3.3333333333333331e-01 1.3000000000000001e-02 9.2888619755801405e-01
3.7215330208464063e-02 2.6616929481360903e-03 5.2166745594116259e-01 -1.4709918135070001e-03
3.6457733405569799e-02 7.9308944516728406e-03 5.2166745594116259e-01 1.0557544518588093e-02
3.4957962285959432e-02 1.3038645814984514e-02 5.2166745594116259e-01 2.2274467633375501e-02
3.2746547864645467e-02 1.7880967949852677e-02 5.2166745594116259e-01 3.3434848229182960e-02
2.9868508162053276e-02 2.2359285141715330e-02 5.2166745594116259e-01 4.3799800498053452e-02
2.6382431766946497e-02 2.6382431766946494e-02 5.2166745594116259e-01 5.3142644054464915e-02
2.2359285141715333e-02 2.9868508162053276e-02 5.2166745594116259e-01 6.1258708377907395e-02
1.7880967949852677e-02 3.2746547864645467e-02 5.2166745594116259e-01 6.7972587335479479e-02
1.3038645814984517e-02 3.4957962285959432e-02 5.2166745594116259e-01 7.3140998820341516e-02
7.9308944516728389e-03 3.6457733405569799e-02 5.2166745594116259e-01 7.6652584359460915e-02
2.6616929481360911e-03 3.7215330208464063e-02 5.2166745594116259e-01 7.8426567904573405e-02
1.1088839382249792e-01 7.9308944516728406e-03 5.1104781090291640e-01 1.0456951381603307e-02
1.0863102589999329e-01 2.3631233214793441e-02 5.1104781090291640e-01 4.6518229043730562e-02
1.0416224355617469e-01 3.8850508216510031e-02 5.1104781090291640e-01 8.1989021203855705e-02
9.7573018312658175e-02 5.3278898906552526e-02 5.1104781090291640e-01 1.1606689188416378e-01
8.8997487793645233e-02 6.6622684858514497e-02 5.1104781090291640e-01 1.4794804526871605e-01
7.8610225070715106e-02 7.8610225070715092e-02 5.1104781090291640e-01 1.7686008277636267e-01
6.6622684858514511e-02 8.8997487793645233e-02 5.1104781090291640e-01 2.0209029568022735e-01
5.3278898906552526e-02 9.7573018312658175e-02 5.1104781090291640e-01 2.2301174025545131e-01
3.8850508216510038e-02 1.0416224355617469e-01 5.1104781090291640e-01 2.3910544807410053e-01
2.3631233214793435e-02 1.0863102589999329e-01 5.1104781090291640e-01 2.4997757826001832e-01
7.9308944516728423e-03 1.1088839382249792e-01 5.1104781090291640e-01 2.5537285216825184e-01
1.8230408951402718e-01 1.3038645814984515e-02 4.9002470617487537e-01 2.1767591337540415e-02
1.7859290397310285e-01 3.8850508216510038e-02 4.9002470617487537e-01 8.1201952027434618e-02
1.7124608192669205e-01 6.3871486306361469e-02 4.9002470617487537e-01 1.4027920020695606e-01
1.6041318348517450e-01 8.7592225125171883e-02 4.9002470617487537e-01 1.9752092527517348e-01
1.4631473522132002e-01 1.0952983883555230e-01 4.9002470617487537e-01 2.5141238281520856e-01
1.2923774088521328e-01 1.2923774088521325e-01 4.9002470617487537e-01 3.0047948776933375e-01
1.0952983883555231e-01 1.4631473522132002e-01 4.9002470617487537e-01 3.4336128546962935e-01
8.7592225125171883e-02 1.6041318348517450e-01 4.9002470617487537e-01 3.7887393002402808e-01
6.3871486306361483e-02 1.7124608192669205e-01 4.9002470617487537e-01 4.0606060069126187e-01
3.8850508216510024e-02 1.7859290397310285e-01 4.9002470617487537e-01 4.2422455651889684e-01
1.3038645814984517e-02 1.8230408951402718e-01 4.9002470617487537e-01 4.3294421511139597e-01
2.5000859966463207e-01 1.7880967949852677e-02 4.5902611154367473e-01 3.2085105031277192e-02
2.4491914554072591e-01 5.3278898906552519e-02 4.5902611154367473e-01 1.1364064249040341e-01
2.3484384390210261e-01 8.7592225125171869e-02 4.5902611154367473e-01 1.9550182003977659e-01
2.1998779883535388e-01 1.2012242623536123e-01 4.5902611154367473e-01 2.7544725135596776e-01
2.0065343657674251e-01 1.5020728115187060e-01 4.5902611154367473e-01 3.5115465041762700e-01
1.7723434898615723e-01 1.7723434898615720e-01 4.5902611154367473e-01 4.2022901522725509e-01
1.5020728115187063e-01 2.0065343657674251e-01 4.5902611154367473e-01 4.8054002710552557e-01
1.2012242623536123e-01 2.1998779883535388e-01 4.5902611154367473e-01 5.3028373697375430e-01
8.7592225125171883e-02 2.3484384390210261e-01 4.5902611154367473e-01 5.6803898228484129e-01
5.3278898906552505e-02 2.4491914554072591e-01 4.5902611154367473e-01 5.9283544660028853e-01
1.7880967949852680e-02 2.5000859966463207e-01 4.5902611154367473e-01 6.0413648933132436e-01
3.1262365569133077e-01 2.2359285141715333e-02 4.1868306900344049e-01 4.1399372564282347e-02
3.0625953959363184e-01 6.6622684858514497e-02 4.1868306900344049e-01 1.4303894454345811e-01
2.9366086244938772e-01 1.0952983883555230e-01 4.1868306900344049e-01 2.4626175078827045e-01
2.7508409699367059e-01 1.5020728115187060e-01 4.1868306900344049e-01 3.4785456867879128e-01
2.5090741260019106e-01 1.8782693638596609e-01 4.1868306900344049e-01 4.4441557682262051e-01
2.2162297684339985e-01 2.2162297684339982e-01 4.1868306900344049e-01 5.3261383423676600e-01
1.8782693638596612e-01 2.5090741260019106e-01 4.1868306900344049e-01 6.0943962013896180e-01
1.5020728115187060e-01 2.7508409699367059e-01 4.1868306900344049e-01 6.7239674318444731e-01
1.0952983883555233e-01 2.9366086244938772e-01 4.1868306900344049e-01 7.1962785433048315e-01
6.6622684858514483e-02 3.0625953959363184e-01 4.1868306900344049e-01 7.4996603459377864e-01
2.2359285141715337e-02 3.1262365569133077e-01 4.1868306900344049e-01 7.6290933362073832e-01
3.6887459562033059e-01 2.6382431766946497e-02 3.6981684656056441e-01 4.9326178138749940e-02
3.6136537259999263e-01 7.8610225070715106e-02 3.6981684656056441e-01 1.6877516750361846e-01
3.4649979268519981e-01 1.2923774088521325e-01 3.6981684656056441e-01 2.9136599662708229e-01
3.2458047621422492e-01 1.7723434898615720e-01 3.6981684656056441e-01 4.1286293130771773e-01
2.9605363726032796e-01 2.2162297684339979e-01 3.6981684656056441e-01 5.2873241595692788e-01
2.6150000000000001e-01 2.6149999999999995e-01 3.6981684656056441e-01 6.3455037022470040e-01
2.2162297684339985e-01 2.9605363726032796e-01 3.6981684656056441e-01 7.2637525464477815e-01
1.7723434898615720e-01 3.2458047621422492e-01 3.6981684656056441e-01 8.0103283122851809e-01
1.2923774088521328e-01 3.4649979268519981e-01 3.6981684656056441e-01 8.5628057055370055e-01
7.8610225070715078e-02 3.6136537259999263e-01 3.6981684656056441e-01 8.9084627864705757e-01
2.6382431766946501e-02 3.6887459562033059e-01 3.6981684656056441e-01 9.0435979331248995e-01
4.1761631252899239e-01 2.9868508162053276e-02 3.1342221958543448e-01 5.5857791124199571e-02
4.0911484871189857e-01 8.8997487793645233e-02 3.1342221958543448e-01 1.9044820448308875e-01
3.9228498636482984e-01 1.4631473522132002e-01 3.1342221958543448e-01 3.2994190573223869e-01
3.6746933295185724e-01 2.0065343657674248e-01 3.1342221958543448e-01 4.6904862271045394e-01
3.3517306361403387e-01 2.5090741260019100e-01 3.1342221958543448e-01 6.0205861584736042e-01
2.9605363726032802e-01 2.9605363726032796e-01 3.1342221958543448e-01 7.2342419812577530e-01
2.5090741260019106e-01 3.3517306361403387e-01 3.1342221958543448e-01 8.2827430858327888e-01
2.0065343657674248e-01 3.6746933295185724e-01 3.1342221958543448e-01 9.1279593020735017e-01
1.4631473522132005e-01 3.9228498636482984e-01 3.1342221958543448e-01 9.7443262824950605e-01
8.8997487793645205e-02 4.0911484871189857e-01 3.1342221958543448e-01 1.0119042949790482e+00
2.9868508162053282e-02 4.1761631252899239e-01 3.1342221958543448e-01 1.0250673877283969e+00
4.5785656562056049e-01 3.2746547864645467e-02 2.5064722005458973e-01 6.0969842369327613e-02
4.4853592629382966e-01 9.7573018312658175e-02 2.5064722005458973e-01 2.0783042276952565e-01
4.3008438897855600e-01 1.6041318348517450e-01 2.5064722005458973e-01 3.6135788309844175e-01
4.0287757376463884e-01 2.1998779883535391e-01 2.5064722005458973e-01 5.1529472504355389e-01
3.6746933295185724e-01 2.7508409699367059e-01 2.5064722005458973e-01 6.6271472424917721e-01
3.2458047621422498e-01 3.2458047621422492e-01 2.5064722005458973e-01 7.9708560092521608e-01
2.7508409699367065e-01 3.6746933295185724e-01 2.5064722005458973e-01 9.1265663104146333e-01
2.1998779883535391e-01 4.0287757376463884e-01 2.5064722005458973e-01 1.0050485857899489e+00
1.6041318348517453e-01 4.3008438897855600e-01 2.5064722005458973e-01 1.0714607724788801e+00
9.7573018312658147e-02 4.4853592629382966e-01 2.5064722005458973e-01 1.1106929671398966e+00
3.2746547864645474e-02 4.5785656562056049e-01 2.5064722005458973e-01 1.1228525594534229e+00
4.8877617938539758e-01 3.4957962285959432e-02 1.8276976593032848e-01 6.4726664313456861e-02
4.7882610588721775e-01 1.0416224355617469e-01 1.8276976593032848e-01 2.2083094303352860e-01
4.5912851369363850e-01 1.7124608192669205e-01 1.8276976593032848e-01 3.8519157099538048e-01
4.3008438897855594e-01 2.3484384390210261e-01 1.8276976593032848e-01 5.5063724410462511e-01
3.9228498636482984e-01 2.9366086244938766e-01 1.8276976593032848e-01 7.0936029648272725e-01
3.4649979268519987e-01 3.4649979268519981e-01 1.8276976593032848e-01 8.5382967815351196e-01
2.9366086244938772e-01 3.9228498636482984e-01 1.8276976593032848e-01 9.7758847448663888e-01
2.3484384390210261e-01 4.3008438897855594e-01 1.8276976593032848e-01 1.0758110452664627e+00
1.7124608192669208e-01 4.5912851369363850e-01 1.8276976593032848e-01 1.1455511427944438e+00
1.0416224355617466e-01 4.7882610588721775e-01 1.8276976593032848e-01 1.1856896016452922e+00
3.4957962285959439e-02 4.8877617938539758e-01 1.8276976593032848e-01 1.1966534002820866e+00
5.0974571965205495e-01 3.6457733405569799e-02 1.1117164643620676e-01 6.7151993715368882e-02
4.9936876678520653e-01 1.0863102589999328e-01 1.1117164643620676e-01 2.2944816446619026e-01
4.7882610588721775e-01 1.7859290397310285e-01 1.1117164643620676e-01 4.0118299530032897e-01
4.4853592629382960e-01 2.4491914554072589e-01 1.1117164643620676e-01 5.7454501537508351e-01
4.0911484871189857e-01 3.0625953959363178e-01 1.1117164643620676e-01 7.4101025681600674e-01
3.6136537259999263e-01 3.6136537259999257e-01 1.1117164643620676e-01 8.9237655947964101e-01
3.0625953959363184e-01 4.0911484871189857e-01 1.1117164643620676e-01 1.0216625897357268e+00
2.4491914554072589e-01 4.4853592629382960e-01 1.1117164643620676e-01 1.1237264089263614e+00
1.7859290397310287e-01 4.7882610588721775e-01 1.1117164643620676e-01 1.1955266649839329e+00
1.0863102589999325e-01 4.9936876678520653e-01 1.1117164643620676e-01 1.2360398034415563e+00
3.6457733405569806e-02 5.0974571965205495e-01 1.1117164643620676e-01 1.2459213531450002e+00
5.2033830705186390e-01 3.7215330208464063e-02 3.7310392813198520e-02 6.8328174997764723e-02
5.0974571965205495e-01 1.1088839382249792e-01 3.7310392813198520e-02 2.3372424104022557e-01
4.8877617938539758e-01 1.8230408951402718e-01 3.7310392813198520e-02 4.0919161265765236e-01
4.5785656562056043e-01 2.5000859966463207e-01 3.7310392813198520e-02 5.8659920303483837e-01
4.1761631252899239e-01 3.1262365569133077e-01 3.7310392813198520e-02 7.5699117264023252e-01
3.6887459562033059e-01 3.6887459562033054e-01 3.7310392813198520e-02 9.1186084730982875e-01
3.1262365569133083e-01 4.1761631252899239e-01 3.7310392813198520e-02 1.0439349798134714e+00
2.5000859966463207e-01 4.5785656562056043e-01 3.7310392813198520e-02 1.1479062655635823e+00
1.8230408951402721e-01 4.8877617938539758e-01 3.7310392813198520e-02 1.2206856172721341e+00
1.1088839382249789e-01 5.0974571965205495e-01 3.7310392813198520e-02 1.2613102224612118e+00
3.7215330208464070e-02 5.2033830705186390e-01 3.7310392813198520e-02 1.2705507118542374e+00
4.7983819637809302e-02 3.4318705124788467e-03 6.7261520928551433e-01 5.4224591257813579e-04
4.7007007443892738e-02 1.0225748550499781e-02 6.7261520928551433e-01 1.7388763603235973e-02
4.5073268135433990e-02 1.6811459836656259e-02 6.7261520928551433e-01 3.3780681612368357e-02
4.2221967068309614e-02 2.3054938280785191e-02 6.7261520928551433e-01 4.9364376195955274e-02
3.8511148509772962e-02 2.8829084666469159e-02 6.7261520928551433e-01 6.3836871858988981e-02
3.4016354024558805e-02 3.4016354024558798e-02 6.7261520928551433e-01 7.6892291881438424e-02
2.8829084666469166e-02 3.8511148509772962e-02 6.7261520928551433e-01 8.8244289961952355e-02
2.3054938280785191e-02 4.2221967068309614e-02 6.7261520928551433e-01 9.7642406587434297e-02
1.6811459836656262e-02 4.5073268135433990e-02 6.7261520928551433e-01 1.0489043154179342e-01
1.0225748550499779e-02 4.7007007443892738e-02 6.7261520928551433e-01 1.0987238047793671e-01
3.4318705124788476e-03 4.7983819637809302e-02 6.7261520928551433e-01 1.1246769893693891e-01
1.4297464671951135e-01 1.0225748550499783e-02 6.5892270328655189e-01 1.6573142853207740e-02
1.4006409521713603e-01 3.0469078899634888e-02 6.5892270328655189e-01 6.7447935432821349e-02
1.3430224264763635e-01 5.0092146667941241e-02 6.5892270328655189e-01 1.1701554272010931e-01
1.2580638371351657e-01 6.8695482783910619e-02 6.5892270328655189e-01 1.6475123883107173e-01
1.1474946960264137e-01 8.5900376971813144e-02 6.5892270328655189e-01 2.0949002820338208e-01
1.0135658720080094e-01 1.0135658720080093e-01 6.5892270328655189e-01 2.5010483502675968e-01
8.5900376971813172e-02 1.1474946960264137e-01 6.5892270328655189e-01 2.8555665997704971e-01
6.8695482783910619e-02 1.2580638371351657e-01 6.5892270328655189e-01 3.1493613567951090e-01
5.0092146667941248e-02 1.3430224264763635e-01 6.5892270328655189e-01 3.3749759301785193e-01
3.0469078899634877e-02 1.4006409521713603e-01 6.5892270328655189e-01 3.5268468841022355e-01
1.0225748550499784e-02 1.4297464671951135e-01 6.5892270328655189e-01 3.6029302603893065e-01
2.3505492229883809e-01 1.6811459836656259e-02 6.3181643122483933e-01 3.2779166015772902e-02
2.3026988192325498e-01 5.0092146667941234e-02 6.3181643122483933e-01 1.1542860942909271e-01
2.2079721079521861e-01 8.2353101846889265e-02 6.3181643122483933e-01 1.9805506949540011e-01
2.0682974518196814e-01 1.1293758535896921e-01 6.3181643122483933e-01 2.7844178824820703e-01
1.8865182240454456e-01 1.4122298531824237e-01 6.3181643122483933e-01 3.5430097221248058e-01
1.6663349254989576e-01 1.6663349254989573e-01 6.3181643122483933e-01 4.2340634146721556e-01
1.4122298531824240e-01 1.8865182240454456e-01 6.3181643122483933e-01 4.8372028469441031e-01
1.1293758535896921e-01 2.0682974518196814e-01 6.3181643122483933e-01 5.3350099851723787e-01
8.2353101846889279e-02 2.2079721079521861e-01 6.3181643122483933e-01 5.7137958803251920e-01
5.0092146667941220e-02 2.3026988192325498e-01 6.3181643122483933e-01 5.9640292048209764e-01
1.6811459836656262e-02 2.3505492229883809e-01 6.3181643122483933e-01 6.0804374936654237e-01
3.2235015750258167e-01 2.3054938280785194e-02 5.9184819863151938e-01 4.6840541525392521e-02
3.1578803787692067e-01 6.8695482783910619e-02 5.9184819863151938e-01 1.5984646007336301e-01
3.0279738445758675e-01 1.1293758535896922e-01 5.9184819863151938e-01 2.7437891395713232e-01
2.8364264948624662e-01 1.5488060438122103e-01 5.9184819863151938e-01 3.8689384581290520e-01
2.5871376812922248e-01 1.9367070093705174e-01 5.9184819863151938e-01 4.9364662796895570e-01
2.2851822052198600e-01 2.2851822052198598e-01 5.9184819863151938e-01 5.9099396919782010e-01
1.9367070093705180e-01 2.5871376812922248e-01 5.9184819863151938e-01 6.7566104519025250e-01
1.5488060438122103e-01 2.8364264948624662e-01 5.9184819863151938e-01 7.4495076663460447e-01
1.1293758535896924e-01 3.0279738445758675e-01 5.9184819863151938e-01 7.9687328001188817e-01
6.8695482783910591e-02 3.1578803787692067e-01 5.9184819863151938e-01 8.3019072082865653e-01
2.3054938280785198e-02 3.2235015750258167e-01 5.9184819863151938e-01 8.4439760182321344e-01
4.0308327308066416e-01 2.8829084666469159e-02 5.3983164346332702e-01 5.9097510761824776e-02
3.9487766003691338e-01 8.5900376971813144e-02 5.3983164346332702e-01 1.9952926486390526e-01
3.7863347656794855e-01 1.4122298531824237e-01 5.3983164346332702e-01 3.4393661135155484e-01
3.5468140740484105e-01 1.9367070093705174e-01 5.3983164346332702e-01 4.8711919009365162e-01
3.2350904760368798e-01 2.4217583958496453e-01 5.3983164346332702e-01 6.2352919970712717e-01
2.8575097651637849e-01 2.8575097651637843e-01 5.3983164346332702e-01 7.4779981334489576e-01
2.4217583958496458e-01 3.2350904760368798e-01 5.3983164346332702e-01 8.5521818259774063e-01
1.9367070093705174e-01 3.5468140740484105e-01 5.3983164346332702e-01 9.4207211518399192e-01
1.4122298531824240e-01 3.7863347656794855e-01 5.3983164346332702e-01 1.0058322484919062e+00
8.5900376971813117e-02 3.9487766003691338e-01 5.3983164346332702e-01 1.0451684476054797e+00
2.8829084666469166e-02 4.0308327308066416e-01 5.3983164346332702e-01 1.0598360665213933e+00
4.7561077561499598e-01 3.4016354024558798e-02 4.7682567278012861e-01 6.9325863494837603e-02
4.6592871177169221e-01 1.0135658720080092e-01 4.7682567278012861e-01 2.3370820961604147e-01
4.4676168298416774e-01 1.6663349254989573e-01 4.7682567278012861e-01 4.0521108783246296e-01
4.1849987468539007e-01 2.2851822052198598e-01 4.7682567278012861e-01 5.7673666513775390e-01
3.8171861579199706e-01 2.8575097651637843e-01 4.7682567278012861e-01 7.4064448904457891e-01
3.3716666666666667e-01 3.3716666666666661e-01 4.7682567278012861e-01 8.8960414612368810e-01
2.8575097651637849e-01 3.8171861579199706e-01 4.7682567278012861e-01 1.0173346819078199e+00
2.2851822052198598e-01 4.1849987468539007e-01 4.7682567278012861e-01 1.1191157084476915e+00
1.6663349254989576e-01 4.4676168298416774e-01 4.7682567278012861e-01 1.1920130663970767e+00
1.0135658720080089e-01 4.6592871177169221e-01 4.7682567278012861e-01 1.2348290168371019e+00
3.4016354024558805e-02 4.7561077561499598e-01 4.7682567278012861e-01 1.2478423210857956e+00
5.3845621430602397e-01 3.8511148509772962e-02 4.0411290645081832e-01 7.7510191044048646e-02
5.2749479856225034e-01 1.1474946960264136e-01 4.0411290645081832e-01 2.6199090374870443e-01
5.0579510988913368e-01 1.8865182240454456e-01 4.0411290645081832e-01 4.5716850332644027e-01
4.7379889137132386e-01 2.5871376812922248e-01 4.0411290645081832e-01 6.5390465197598469e-01
4.3215749374836870e-01 3.2350904760368798e-01 4.0411290645081832e-01 8.4230641224375669e-01
3.8171861579199712e-01 3.8171861579199706e-01 4.0411290645081832e-01 1.0129648954519319e+00
3.2350904760368804e-01 4.3215749374836870e-01 4.0411290645081832e-01 1.1580023377128308e+00
2.5871376812922248e-01 4.7379889137132386e-01 4.0411290645081832e-01 1.2717607387367436e+00
1.8865182240454459e-01 5.0579510988913368e-01 4.0411290645081832e-01 1.3510550818111415e+00
1.1474946960264133e-01 5.2749479856225034e-01 4.0411290645081832e-01 1.3950212517187373e+00
3.8511148509772969e-02 5.3845621430602397e-01 4.0411290645081832e-01 1.4046716213634656e+00
5.9034023725327833e-01 4.2221967068309614e-02 3.2317356671155834e-01 8.3729806310461327e-02
5.7832261242346550e-01 1.2580638371351657e-01 3.2317356671155834e-01 2.8428203448076983e-01
5.5453200694940641e-01 2.0682974518196814e-01 3.2317356671155834e-01 4.9916018656447697e-01
5.1945272895211236e-01 2.8364264948624657e-01 3.2317356671155834e-01 7.1721605112844666e-01
4.7379889137132386e-01 3.5468140740484105e-01 3.2317356671155834e-01 9.2633769353340623e-01
4.1849987468539013e-01 4.1849987468539007e-01 3.2317356671155834e-01 1.1150960321879257e+00
3.5468140740484111e-01 4.7379889137132386e-01 3.2317356671155834e-01 1.2741100435390842e+00
2.8364264948624657e-01 5.1945272895211236e-01 3.2317356671155834e-01 1.3969096101465897e+00
2.0682974518196817e-01 5.5453200694940641e-01 3.2317356671155834e-01 1.4801990184205178e+00
1.2580638371351652e-01 5.7832261242346550e-01 3.2317356671155834e-01 1.5235782719359929e+00
4.2221967068309621e-02 5.9034023725327833e-01 3.2317356671155834e-01 1.5288922898114516e+00
6.3020663537071975e-01 4.5073268135433990e-02 2.3565534510965871e-01 8.8131348433379192e-02
6.1737744564043440e-01 1.3430224264763632e-01 2.3565534510965871e-01 3.0068754549063403e-01
5.9198023148644408e-01 2.2079721079521863e-01 2.3565534510965871e-01 5.3081994125696097e-01
5.5453200694940641e-01 3.0279738445758675e-01 2.3565534510965871e-01 7.6561053844571192e-01
5.0579510988913368e-01 3.7863347656794855e-01 2.3565534510965871e-01 9.9099240649602383e-01
4.4676168298416785e-01 4.4676168298416780e-01 2.3565534510965871e-01 1.1937728385731752e+00
3.7863347656794866e-01 5.0579510988913368e-01 2.3565534510965871e-01 1.3632899228231106e+00
3.0279738445758675e-01 5.5453200694940641e-01 2.3565534510965871e-01 1.4924297631206191e+00
2.2079721079521866e-01 5.9198023148644408e-01 2.3565534510965871e-01 1.5778872380311597e+00
1.3430224264763629e-01 6.1737744564043440e-01 2.3565534510965871e-01 1.6197564022631976e+00
4.5073268135434004e-02 6.3020663537071975e-01 2.3565534510965871e-01 1.6206792378967656e+00
6.5724384375787581e-01 4.7007007443892738e-02 1.4333986025522388e-01 9.0894538658622293e-02
6.4386425443369844e-01 1.4006409521713603e-01 1.4333986025522388e-01 3.1141946713734331e-01
6.1737744564043440e-01 2.3026988192325498e-01 1.4333986025522388e-01 5.5197206564070678e-01
5.7832261242346550e-01 3.1578803787692067e-01 1.4333986025522388e-01 7.9831427332601046e-01
5.2749479856225034e-01 3.9487766003691338e-01 1.4333986025522388e-01 1.0349178321697152e+00
4.6592871177169226e-01 4.6592871177169221e-01 1.4333986025522388e-01 1.2472768129448992e+00
3.9487766003691344e-01 5.2749479856225034e-01 1.4333986025522388e-01 1.4237905439798069e+00
3.1578803787692067e-01 5.7832261242346550e-01 1.4333986025522388e-01 1.5568997714832198e+00
2.3026988192325501e-01 6.1737744564043440e-01 1.4333986025522388e-01 1.6433393039288255e+00
1.4006409521713598e-01 6.4386425443369844e-01 1.4333986025522388e-01 1.6836176869980901e+00
4.7007007443892745e-02 6.5724384375787581e-01 1.4333986025522388e-01 1.6810026845644226e+00
6.7090146282085450e-01 4.7983819637809309e-02 4.8106389204015686e-02 9.2205190225938066e-02
6.5724384375787592e-01 1.4297464671951135e-01 4.8106389204015686e-02 3.1670653650628777e-01
6.3020663537071986e-01 2.3505492229883812e-01 4.8106389204015686e-02 5.6255194041961520e-01
5.9034023725327844e-01 3.2235015750258172e-01 4.8106389204015686e-02 8.1480251575725826e-01
5.3845621430602397e-01 4.0308327308066422e-01 4.8106389204015686e-02 1.0571495487492522e+00
4.7561077561499610e-01 4.7561077561499598e-01 4.8106389204015686e-02 1.2743818533525324e+00
4.0308327308066427e-01 5.3845621430602397e-01 4.8106389204015686e-02 1.4543965922205651e+00
3.2235015750258172e-01 5.9034023725327844e-01 4.8106389204015686e-02 1.5894054518900915e+00
2.3505492229883815e-01 6.3020663537071986e-01 4.8106389204015686e-02 1.6761818240839594e+00
1.4297464671951129e-01 6.5724384375787592e-01 4.8106389204015686e-02 1.7154732971347706e+00
4.7983819637809316e-02 6.7090146282085450e-01 4.8106389204015686e-02 1.7108903263500070e+00
5.8752309067154548e-02 4.2020480768216037e-03 8.2356296262986595e-01 3.3563698641269801e-03
5.7556281482215678e-02 1.2520602649326723e-02 8.2356296262986595e-01 2.5754795215392045e-02
5.5188573984908555e-02 2.0584273858328006e-02 8.2356296262986595e-01 4.7624087845753275e-02
5.1697386271973761e-02 2.8228908611717708e-02 8.2356296262986595e-01 6.8494439661517414e-02
4.7153788857492648e-02 3.5298884191222991e-02 8.2356296262986595e-01 8.7901622426469136e-02
4.1650276282171113e-02 4.1650276282171106e-02 8.2356296262986595e-01 1.0541720758251374e-01
3.5298884191222998e-02 4.7153788857492648e-02 8.2356296262986595e-01 1.2065205672594911e-01
2.8228908611717708e-02 5.1697386271973761e-02 8.2356296262986595e-01 1.3326518090592143e-01
2.0584273858328010e-02 5.5188573984908555e-02 8.2356296262986595e-01 1.4297303761424440e-01
1.2520602649326720e-02 5.7556281482215678e-02 8.2356296262986595e-01 1.4955702787745476e-01
4.2020480768216045e-03 5.8752309067154548e-02 8.2356296262986595e-01 1.5286995085186245e-01
1.7506089961652474e-01 1.2520602649326721e-02 8.0679759567018738e-01 2.5344648183235841e-02
1.7149716453427874e-01 3.7306924584476320e-02 8.0679759567018738e-01 9.2525015703453201e-02
1.6444224173909794e-01 6.1333785119372430e-02 8.0679759567018738e-01 1.5898472107984157e-01
1.5403974911437493e-01 8.4112066661268692e-02 8.0679759567018738e-01 2.2310645383003547e-01
1.4050145141163750e-01 1.0517806908511178e-01 8.0679759567018738e-01 2.8326639646840451e-01
1.2410294933088674e-01 1.2410294933088672e-01 8.0679759567018738e-01 3.3789861674714938e-01
1.0517806908511181e-01 1.4050145141163750e-01 8.0679759567018738e-01 3.8556498562172503e-01
8.4112066661268692e-02 1.5403974911437493e-01 8.0679759567018738e-01 4.2501664829108488e-01
6.1333785119372444e-02 1.6444224173909794e-01 8.0679759567018738e-01 4.5524215260766066e-01
3.7306924584476313e-02 1.7149716453427874e-01 8.0679759567018738e-01 4.7549960078239423e-01
1.2520602649326725e-02 1.7506089961652474e-01 8.0679759567018738e-01 4.8532420726307757e-01
2.8780575508364903e-01 2.0584273858328006e-02 7.7360815627480328e-01 4.5880384408739185e-02
2.8194685987340706e-01 6.1333785119372430e-02 7.7360815627480328e-01 1.5618913191830835e-01
2.7034833966374516e-01 1.0083471738741705e-01 7.7360815627480328e-01 2.6698212691792261e-01
2.5324630687876176e-01 1.3828294559276655e-01 7.7360815627480328e-01 3.7508762557293240e-01
2.3098890958776908e-01 1.7291613180093246e-01 7.7360815627480328e-01 4.7721578549462657e-01
2.0402924421457824e-01 2.0402924421457821e-01 7.7360815627480328e-01 5.7017963017391626e-01
1.7291613180093249e-01 2.3098890958776908e-01 7.7360815627480328e-01 6.5110082546848758e-01
1.3828294559276655e-01 2.5324630687876176e-01 7.7360815627480328e-01 7.1757415491196153e-01
1.0083471738741706e-01 2.7034833966374516e-01 7.7360815627480328e-01 7.6777456926730381e-01
6.1333785119372417e-02 2.8194685987340706e-01 7.7360815627480328e-01 8.0050243965841206e-01
2.0584273858328010e-02 2.8780575508364903e-01 7.7360815627480328e-01 8.1517350746614281e-01
3.9469171534053132e-01 2.8228908611717708e-02 7.2467028571936409e-01 6.4133515030475652e-02
3.8665693021311542e-01 8.4112066661268706e-02 7.2467028571936409e-01 2.1441667201354153e-01
3.7075092501307083e-01 1.3828294559276658e-01 7.2467028571936409e-01 3.6792742363062425e-01
3.4729750013713934e-01 1.8963878252708080e-01 7.2467028571936409e-01 5.1937200925454663e-01
3.1677409968170245e-01 2.3713412072223292e-01 7.2467028571936409e-01 6.6316519127763929e-01
2.7980209205781481e-01 2.7980209205781476e-01 7.2467028571936409e-01 7.9393205666457600e-01
2.3713412072223297e-01 3.1677409968170245e-01 7.2467028571936409e-01 9.0695931171819333e-01
1.8963878252708080e-01 3.4729750013713934e-01 7.2467028571936409e-01 9.9852377903451983e-01
1.3828294559276658e-01 3.7075092501307083e-01 7.2467028571936409e-01 1.0660635871749924e+00
8.4112066661268692e-02 3.8665693021311542e-01 7.2467028571936409e-01 1.1081922360846432e+00
2.8228908611717715e-02 3.9469171534053132e-01 7.2467028571936409e-01 1.1245849423064169e+00
4.9354289046999766e-01 3.5298884191222991e-02 6.6098021792321360e-01 7.9569505614546968e-02
4.8349578048019498e-01 1.0517806908511179e-01 6.6098021792321360e-01 2.6559945449476163e-01
4.6360609068650943e-01 1.7291613180093246e-01 6.6098021792321360e-01 4.5909728292647245e-01
4.3427871781601152e-01 2.3713412072223292e-01 6.6098021792321360e-01 6.5204445750566853e-01
3.9611068260718496e-01 2.9652474278396301e-01 6.6098021792321360e-01 8.3587580264742467e-01
3.4987897618935715e-01 3.4987897618935709e-01 6.6098021792321360e-01 1.0024486740453564e+00
2.9652474278396307e-01 3.9611068260718496e-01 6.6098021792321360e-01 1.1448659216459351e+00
2.3713412072223292e-01 4.3427871781601152e-01 6.6098021792321360e-01 1.2580259889992793e+00
1.7291613180093249e-01 4.6360609068650943e-01 6.6098021792321360e-01 1.3388431242439891e+00
1.0517806908511176e-01 4.8349578048019498e-01 6.6098021792321360e-01 1.3861569639848836e+00
3.5298884191222998e-02 4.9354289046999766e-01 6.6098021792321360e-01 1.4004108703357492e+00
5.8234695560966132e-01 4.1650276282171106e-02 5.8383449899969275e-01 9.2036344365532208e-02
5.7049205094339173e-01 1.2410294933088672e-01 5.8383449899969275e-01 3.0887497930298724e-01
5.4702357328313567e-01 2.0402924421457821e-01 5.8383449899969275e-01 5.3871701629117452e-01
5.1241927315655522e-01 2.7980209205781476e-01 5.8383449899969275e-01 7.7025181814014076e-01
4.6738359432366622e-01 3.4987897618935709e-01 5.8383449899969275e-01 9.9132245778978612e-01
4.1283333333333327e-01 4.1283333333333322e-01 5.8383449899969275e-01 1.1905318611747209e+00
3.4987897618935715e-01 4.6738359432366622e-01 5.8383449899969275e-01 1.3585550197793890e+00
2.7980209205781476e-01 5.1241927315655522e-01 5.8383449899969275e-01 1.4889523302331815e+00
2.0402924421457824e-01 5.4702357328313567e-01 5.8383449899969275e-01 1.5784050928915490e+00
1.2410294933088670e-01 5.7049205094339173e-01 5.8383449899969275e-01 1.6264332461859490e+00
4.1650276282171113e-02 5.8234695560966132e-01 5.8383449899969275e-01 1.6347553963676977e+00
6.5929611608305561e-01 4.7153788857492648e-02 4.9480359331620211e-01 1.0162655160802624e-01
6.4587474841260217e-01 1.4050145141163750e-01 4.9480359331620211e-01 3.4399903550651434e-01
6.1930523341343757e-01 2.3098890958776910e-01 4.9480359331620211e-01 6.0574054488671214e-01
5.8012844979079059e-01 3.1677409968170245e-01 4.9480359331620211e-01 8.7188868596177937e-01
5.2914192388270354e-01 3.9611068260718496e-01 4.9480359331620211e-01 1.1263080606489309e+00
4.6738359432366633e-01 4.6738359432366627e-01 4.9480359331620211e-01 1.3540697394058665e+00
3.9611068260718502e-01 5.2914192388270354e-01 4.9480359331620211e-01 1.5433354233234287e+00
3.1677409968170245e-01 5.8012844979079059e-01 4.9480359331620211e-01 1.6864537229197090e+00
2.3098890958776913e-01 6.1930523341343757e-01 4.9480359331620211e-01 1.7801696659179167e+00
1.4050145141163747e-01 6.4587474841260217e-01 4.9480359331620211e-01 1.8250699212853423e+00
4.7153788857492662e-02 6.5929611608305561e-01 4.9480359331620211e-01 1.8245338382766654e+00
7.2282390888599635e-01 5.1697386271973761e-02 3.9569991336852695e-01 1.0859984595130874e-01
7.0810929855310134e-01 1.5403974911437496e-01 3.9569991336852695e-01 3.7115142130960321e-01
6.7897962492025687e-01 2.5324630687876176e-01 3.9569991336852695e-01 6.5960371516056604e-01
6.3602788413958589e-01 3.4729750013713934e-01 3.9569991336852695e-01 9.5531767768359022e-01
5.8012844979079059e-01 4.3427871781601152e-01 3.9569991336852695e-01 1.2381534712431868e+00
5.1241927315655533e-01 5.1241927315655522e-01 3.9569991336852695e-01 1.4896780733627559e+00
4.3427871781601157e-01 5.8012844979079059e-01 3.9569991336852695e-01 1.6956495046895195e+00
3.4729750013713934e-01 6.3602788413958589e-01 3.9569991336852695e-01 1.8473934365517226e+00
2.5324630687876182e-01 6.7897962492025687e-01 3.9569991336852695e-01 1.9419530496709296e+00
1.5403974911437490e-01 7.0810929855310134e-01 3.9569991336852695e-01 1.9812101720513315e+00
5.1697386271973768e-02 7.2282390888599635e-01 3.9569991336852695e-01 1.9703756067670581e+00
7.7163709135604197e-01 5.5188573984908555e-02 2.8854092428898892e-01 1.1328823208284429e-01
7.5592878539365105e-01 1.6444224173909797e-01 2.8854092428898892e-01 3.9076323384450806e-01
7.2483194927924965e-01 2.7034833966374522e-01 2.8854092428898892e-01 7.0005060552179588e-01
6.7897962492025699e-01 3.7075092501307083e-01 2.8854092428898892e-01 1.0192245652650740e+00
6.1930523341343757e-01 4.6360609068650943e-01 2.8854092428898892e-01 1.3245572078047227e+00
5.4702357328313578e-01 5.4702357328313578e-01 2.8854092428898892e-01 1.5945015083040102e+00
4.6360609068650954e-01 6.1930523341343757e-01 2.8854092428898892e-01 1.8127358458773299e+00
3.7075092501307083e-01 6.7897962492025699e-01 2.8854092428898892e-01 1.9697932966839415e+00
2.7034833966374527e-01 7.2483194927924965e-01 2.8854092428898892e-01 2.0631358388296821e+00
1.6444224173909794e-01 7.5592878539365105e-01 2.8854092428898892e-01 2.0959488745674850e+00
5.5188573984908562e-02 7.7163709135604197e-01 2.8854092428898892e-01 2.0751789771035560e+00
8.0474196786369667e-01 5.7556281482215678e-02 1.7550807407424102e-01 1.1605820656956616e-01
7.8835974208219028e-01 1.7149716453427877e-01 1.7550807407424102e-01 4.0337814194650579e-01
7.5592878539365105e-01 2.8194685987340712e-01 1.7550807407424102e-01 7.2701135693170182e-01
7.0810929855310134e-01 3.8665693021311542e-01 1.7550807407424102e-01 1.0625535827092545e+00
6.4587474841260217e-01 4.8349578048019498e-01 1.7550807407424102e-01 1.3835568549283574e+00
5.7049205094339184e-01 5.7049205094339184e-01 1.7550807407424102e-01 1.6661196632541977e+00
4.8349578048019509e-01 6.4587474841260217e-01 1.7550807407424102e-01 1.8923768023362513e+00
3.8665693021311542e-01 7.0810929855310134e-01 1.7550807407424102e-01 2.0523253106935080e+00
2.8194685987340717e-01 7.5592878539365105e-01 1.7550807407424102e-01 2.1438279102519502e+00
1.7149716453427871e-01 7.8835974208219028e-01 1.7550807407424102e-01 2.1711372535868732e+00
5.7556281482215692e-02 8.0474196786369667e-01 1.7550807407424102e-01 2.1425635489719204e+00
8.2146461858984499e-01 5.8752309067154541e-02 5.8902385594832844e-02 1.1728703776317552e-01
8.0474196786369667e-01 1.7506089961652474e-01 5.8902385594832844e-02 4.0951437636951310e-01
7.7163709135604197e-01 2.8780575508364903e-01 5.8902385594832844e-02 7.4048911177814247e-01
7.2282390888599624e-01 3.9469171534053127e-01 5.8902385594832844e-02 1.0844818576951702e+00
6.5929611608305549e-01 4.9354289046999761e-01 5.8902385594832844e-02 1.4135737746014529e+00
5.8234695560966143e-01 5.8234695560966143e-01 5.8902385594832844e-02 1.7025807297650348e+00
4.9354289046999772e-01 6.5929611608305549e-01 5.8902385594832844e-02 1.9328040121010497e+00
3.9469171534053127e-01 7.2282390888599624e-01 5.8902385594832844e-02 2.0939732371059439e+00
2.8780575508364908e-01 7.7163709135604197e-01 5.8902385594832844e-02 2.1842045530962562e+00
1.7506089961652471e-01 8.0474196786369667e-01 5.8902385594832844e-02 2.2083635184168751e+00
5.8752309067154555e-02 8.2146461858984499e-01 5.8902385594832844e-02 2.1755142147145494e+00
6.9520798496499794e-02 4.9722256411643597e-03 9.7451071597421768e-01 6.6377303101446466e-03
6.8105555520538610e-02 1.4815456748153663e-02 9.7451071597421768e-01 3.5865851327725143e-02
6.5303879834383113e-02 2.4357087879999753e-02 9.7451071597421768e-01 6.4398687359828136e-02
6.1172805475637901e-02 3.3402878942650226e-02 9.7451071597421768e-01 9.1624042609231793e-02
5.5796429205212335e-02 4.1768683715976820e-02 9.7451071597421768e-01 1.1694482739565726e-01
4.9284198539783421e-02 4.9284198539783414e-02 9.7451071597421768e-01 1.3980196579783902e-01
4.1768683715976827e-02 5.5796429205212335e-02 9.7451071597421768e-01 1.5968759546372288e-01
3.3402878942650226e-02 6.1172805475637901e-02 9.7451071597421768e-01 1.7615263465810238e-01
2.4357087879999757e-02 6.5303879834383113e-02 9.7451071597421768e-01 1.8882187272951217e-01
1.4815456748153660e-02 6.8105555520538610e-02 9.7451071597421768e-01 1.9741111208182321e-01
4.9722256411643614e-03 6.9520798496499794e-02 9.7451071597421768e-01 2.0173214381207979e-01
2.0714715251353816e-01 1.4815456748153662e-02 9.5467248805382288e-01 3.5199978567541479e-02
2.0293023385142148e-01 4.4144770269317762e-02 9.5467248805382288e-01 1.2271836641797002e-01
1.9458224083055958e-01 7.2575423570803627e-02 9.5467248805382288e-01 2.0941901165718294e-01
1.8227311451523331e-01 9.9528650538626792e-02 9.5467248805382288e-01 2.9316648709219628e-01
1.6625343322063363e-01 1.2445576119841043e-01 9.5467248805382288e-01 3.7177408485195418e-01
1.4684931146097258e-01 1.4684931146097255e-01 9.5467248805382288e-01 4.4313741960670050e-01
1.2445576119841045e-01 1.6625343322063363e-01 9.5467248805382288e-01 5.0533561995050069e-01
9.9528650538626792e-02 1.8227311451523331e-01 9.5467248805382288e-01 5.5671773257692114e-01
7.2575423570803640e-02 1.9458224083055958e-01 9.5467248805382288e-01 5.9596652998415278e-01
4.4144770269317755e-02 2.0293023385142148e-01 9.5467248805382288e-01 6.2213739037285010e-01
1.4815456748153665e-02 2.0714715251353816e-01 9.5467248805382288e-01 6.3467749066875390e-01
3.4055658786845994e-01 2.4357087879999753e-02 9.1539988132476713e-01 6.1670829917147361e-02
3.3362383782355925e-01 7.2575423570803640e-02 9.1539988132476713e-01 2.0497502928608541e-01
3.1989946853227175e-01 1.1931633292794484e-01 9.1539988132476713e-01 3.4944777610218680e-01
2.9966286857555541e-01 1.6362830582656390e-01 9.1539988132476713e-01 4.9068394650529074e-01
2.7332599677099362e-01 2.0460927828362255e-01 9.1539988132476713e-01 6.2411176207574814e-01
2.4142499587926075e-01 2.4142499587926070e-01 9.1539988132476713e-01 7.4533752037248546e-01
2.0460927828362258e-01 2.7332599677099362e-01 9.1539988132476713e-01 8.5044991378913737e-01
1.6362830582656390e-01 2.9966286857555541e-01 9.1539988132476713e-01 9.3629507562764547e-01
1.1931633292794487e-01 3.1989946853227175e-01 9.1539988132476713e-01 1.0005347343380773e+00
7.2575423570803613e-02 3.3362383782355925e-01 9.1539988132476713e-01 1.0417979177605778e+00
2.4357087879999757e-02 3.4055658786845994e-01 9.1539988132476713e-01 1.0595111391307503e+00
4.6703327317848092e-01 3.3402878942650219e-02 8.5749237280720880e-01 8.4691129844621460e-02
4.5752582254931012e-01 9.9528650538626792e-02 8.5749237280720880e-01 2.7924339942476212e-01
4.3870446556855491e-01 1.6362830582656390e-01 8.5749237280720880e-01 4.7928067363609406e-01
4.1095235078803199e-01 2.2439696067294057e-01 8.5749237280720880e-01 6.7719319651445220e-01
3.7483443123418242e-01 2.8059754050741409e-01 8.5749237280720880e-01 8.6495083253819249e-01
3.3108596359364356e-01 3.3108596359364351e-01 8.5749237280720880e-01 1.0349425271830850e+00
2.8059754050741409e-01 3.7483443123418242e-01 8.5749237280720880e-01 1.1806871924801252e+00
2.2439696067294057e-01 4.1095235078803199e-01 8.5749237280720880e-01 1.2973107113110229e+00
1.6362830582656393e-01 4.3870446556855491e-01 8.5749237280720880e-01 1.3817435506603952e+00
9.9528650538626764e-02 4.5752582254931012e-01 8.5749237280720880e-01 1.4326554537518466e+00
3.3402878942650226e-02 4.6703327317848092e-01 8.5749237280720880e-01 1.4501928812894449e+00
5.8400250785933105e-01 4.1768683715976827e-02 7.8212879238310007e-01 1.0355722562067245e-01
5.7211390092347658e-01 1.2445576119841045e-01 7.8212879238310007e-01 3.4340576048724269e-01
5.4857870480507032e-01 2.0460927828362255e-01 7.8212879238310007e-01 5.9552894156574632e-01
5.1387602822718204e-01 2.8059754050741409e-01 7.8212879238310007e-01 8.4791962815962030e-01
4.6871231761068194e-01 3.5087364598296150e-01 7.8212879238310007e-01 1.0879634500360489e+00
4.1400697586233581e-01 4.1400697586233576e-01 7.8212879238310007e-01 1.3036984548933530e+00
3.5087364598296156e-01 4.6871231761068194e-01 7.8212879238310007e-01 1.4856565360908052e+00
2.8059754050741409e-01 5.1387602822718204e-01 7.8212879238310007e-01 1.6271622823609353e+00
2.0460927828362258e-01 5.4857870480507032e-01 7.8212879238310007e-01 1.7248711933752459e+00
1.2445576119841041e-01 5.7211390092347658e-01 7.8212879238310007e-01 1.7783003866546210e+00
4.1768683715976834e-02 5.8400250785933105e-01 7.8212879238310007e-01 1.7891972279203414e+00
6.8908313560432677e-01 4.9284198539783414e-02 6.9084332521925695e-01 1.1813217597516162e-01
6.7505539011509130e-01 1.4684931146097255e-01 6.9084332521925695e-01 3.9662173521167593e-01
6.4728546358210359e-01 2.4142499587926070e-01 6.9084332521925695e-01 6.9631530125993957e-01
6.0633867162772037e-01 3.3108596359364351e-01 6.9084332521925695e-01 9.9984316427733078e-01
5.5304857285533537e-01 4.1400697586233576e-01 6.9084332521925695e-01 1.2886642551959699e+00
4.8849999999999999e-01 4.8849999999999988e-01 6.9084332521925695e-01 1.5458739558878127e+00
4.1400697586233581e-01 5.5304857285533537e-01 6.9084332521925695e-01 1.7583413255631331e+00
3.3108596359364351e-01 6.0633867162772037e-01 6.9084332521925695e-01 1.9178728635205848e+00
2.4142499587926072e-01 6.4728546358210359e-01 6.9084332521925695e-01 2.0213398339455857e+00
1.4684931146097252e-01 6.7505539011509130e-01 6.9084332521925695e-01 2.0699434259310738e+00
4.9284198539783421e-02 6.8908313560432677e-01 6.9084332521925695e-01 2.0679382985202688e+00
7.8013601786008713e-01 5.5796429205212328e-02 5.8549428018158600e-01 1.2878915482588088e-01
7.6425469826295389e-01 1.6625343322063363e-01 5.8549428018158600e-01 4.3900288745993776e-01
7.3281535693774136e-01 2.7332599677099362e-01 5.8549428018158600e-01 7.8087970211137492e-01
6.8645800821025715e-01 3.7483443123418242e-01 5.8549428018158600e-01 1.1308226934748258e+00
6.2612635401703842e-01 4.6871231761068188e-01 5.8549428018158600e-01 1.4637993308783763e+00
5.5304857285533549e-01 5.5304857285533537e-01 5.8549428018158600e-01 1.7570543975462334e+00
4.6871231761068194e-01 6.2612635401703842e-01 5.8549428018158600e-01 1.9939491634536708e+00
3.7483443123418242e-01 6.8645800821025715e-01 5.8549428018158600e-01 2.1647994505764645e+00
2.7332599677099362e-01 7.3281535693774136e-01 5.8549428018158600e-01 2.2673260342276680e+00
1.6625343322063357e-01 7.6425469826295389e-01 5.8549428018158600e-01 2.3050548854737771e+00
5.5796429205212342e-02 7.8013601786008713e-01 5.8549428018158600e-01 2.2854483694033054e+00
8.5530758051871425e-01 6.1172805475637901e-02 4.6822626002549550e-01 1.3607369356990764e-01
8.3789598468273718e-01 1.8227311451523334e-01 4.6822626002549550e-01 4.7115968127662083e-01
8.0342724289110745e-01 2.9966286857555541e-01 4.6822626002549550e-01 8.4873600045470543e-01
7.5260303932705952e-01 4.1095235078803205e-01 4.6822626002549550e-01 1.2389673559493795e+00
6.8645800821025726e-01 5.1387602822718192e-01 4.6822626002549550e-01 1.6099159625678454e+00
6.0633867162772048e-01 6.0633867162772037e-01 4.6822626002549550e-01 1.9333184421102738e+00
5.1387602822718204e-01 6.8645800821025726e-01 4.6822626002549550e-01 2.1887153660516994e+00
4.1095235078803205e-01 7.5260303932705952e-01 4.6822626002549550e-01 2.3654157770973097e+00
2.9966286857555546e-01 8.0342724289110745e-01 4.6822626002549550e-01 2.4622463847849407e+00
1.8227311451523329e-01 8.3789598468273718e-01 4.6822626002549550e-01 2.4855535596962501e+00
6.1172805475637915e-02 8.5530758051871425e-01 4.6822626002549550e-01 2.4462353396052343e+00
9.1306754734136408e-01 6.5303879834383100e-02 3.4142650346831915e-01 1.4057563186242719e-01
8.9448012514686759e-01 1.9458224083055958e-01 3.4142650346831915e-01 4.9395296521591475e-01
8.5768366707205501e-01 3.1989946853227175e-01 3.4142650346831915e-01 8.9975428046844219e-01
8.0342724289110734e-01 4.3870446556855491e-01 3.4142650346831915e-01 1.3224579449013589e+00
7.3281535693774136e-01 5.4857870480507032e-01 3.4142650346831915e-01 1.7239503560162328e+00
6.4728546358210370e-01 6.4728546358210359e-01 3.4142650346831915e-01 2.0708152487282701e+00
5.4857870480507032e-01 7.3281535693774136e-01 3.4142650346831915e-01 2.3394074925792170e+00
4.3870446556855491e-01 8.0342724289110734e-01 3.4142650346831915e-01 2.5181773643860250e+00
3.1989946853227180e-01 8.5768366707205501e-01 3.4142650346831915e-01 2.6072537072655799e+00
1.9458224083055953e-01 8.9448012514686759e-01 3.4142650346831915e-01 2.6156952038432020e+00
6.5303879834383113e-02 9.1306754734136408e-01 3.4142650346831915e-01 2.5577044647799436e+00
9.5224009196951764e-01 6.8105555520538610e-02 2.0767628789325812e-01 1.4291772285235177e-01
9.3285522973068224e-01 2.0293023385142150e-01 2.0767628789325812e-01 5.0835718193655222e-01
8.9448012514686759e-01 3.3362383782355925e-01 2.0767628789325812e-01 9.3385699696417690e-01
8.3789598468273718e-01 4.5752582254931018e-01 2.0767628789325812e-01 1.3795521182404762e+00
7.6425469826295400e-01 5.7211390092347658e-01 2.0767628789325812e-01 1.8026082685059668e+00
6.7505539011509152e-01 6.7505539011509141e-01 2.0767628789325812e-01 2.1656600465985782e+00
5.7211390092347669e-01 7.6425469826295400e-01 2.0767628789325812e-01 2.4426881436236276e+00
4.5752582254931018e-01 8.3789598468273718e-01 2.0767628789325812e-01 2.6216136028779666e+00
3.3362383782355931e-01 8.9448012514686759e-01 2.0767628789325812e-01 2.7036191310552646e+00
2.0293023385142145e-01 9.3285522973068224e-01 2.0767628789325812e-01 2.6999656941556771e+00
6.8105555520538624e-02 9.5224009196951764e-01 2.0767628789325812e-01 2.6274501036750308e+00
9.7202777435883558e-01 6.9520798496499794e-02 6.9698381985650010e-02 1.4378607291116310e-01
9.5224009196951753e-01 2.0714715251353819e-01 6.9698381985650010e-02 5.1528308190289618e-01
9.1306754734136408e-01 3.4055658786845994e-01 6.9698381985650010e-02 9.5098420798244954e-01
8.5530758051871425e-01 4.6703327317848092e-01 6.9698381985650010e-02 1.4086785937996278e+00
7.8013601786008713e-01 5.8400250785933105e-01 6.9698381985650010e-02 1.8429485062087820e+00
6.8908313560432699e-01 6.8908313560432688e-01 6.9698381985650010e-02 2.2143070981887494e+00
5.8400250785933117e-01 7.8013601786008713e-01 6.9698381985650010e-02 2.4954602015054985e+00
4.6703327317848092e-01 8.5530758051871425e-01 6.9698381985650010e-02 2.6740691086914543e+00
3.4055658786845999e-01 9.1306754734136408e-01 6.9698381985650010e-02 2.7519396730408237e+00
2.0714715251353813e-01 9.5224009196951753e-01 6.9698381985650010e-02 2.7415419454625995e+00
6.9520798496499808e-02 9.7202777435883558e-01 6.9698381985650010e-02 2.6611167417734980e+00
4.8772580504032069e-02 4.8036798991923880e-03 4.9759236333609846e-01 2.8487064430554668e-03
4.6898277587240376e-02 1.4226436972985921e-02 4.9759236333609846e-01 2.3635085283619947e-02
4.3221700163628113e-02 2.3102480052185379e-02 4.9759236333609846e-01 4.4107704202907341e-02
3.7884137041736328e-02 3.1090707778999430e-02 4.9759236333609846e-01 6.3130882373034131e-02
3.1090707778999430e-02 3.7884137041736328e-02 4.9759236333609846e-01 7.8830590201668688e-02
2.3102480052185390e-02 4.3221700163628113e-02 4.9759236333609846e-01 9.0633280756580947e-02
1.4226436972985921e-02 4.6898277587240383e-02 4.9759236333609846e-01 9.9137887699252636e-02
4.8036798991923958e-03 4.8772580504032062e-02 4.9759236333609846e-01 1.0412693508340114e-01
1.4444343859530451e-01 1.4226436972985921e-02 4.7847016786610441e-01 2.2711004343345713e-02
1.3889255825490054e-01 4.2132596924363677e-02 4.7847016786610441e-01 8.6830206911106933e-02
1.2800411479260479e-01 6.8419624804170728e-02 4.7847016786610441e-01 1.4883188115174029e-01
1.1219654498436386e-01 9.2077324872921126e-02 4.7847016786610441e-01 2.0587405438100936e-01
9.2077324872921126e-02 1.1219654498436386e-01 4.7847016786610441e-01 2.5512547872199554e-01
6.8419624804170742e-02 1.2800411479260479e-01 4.7847016786610441e-01 2.9412181418479494e-01
4.2132596924363677e-02 1.3889255825490054e-01 4.7847016786610441e-01 3.2094372061322846e-01
1.4226436972985946e-02 1.4444343859530448e-01 4.7847016786610441e-01 3.3427235780533682e-01
2.3456341634617300e-01 2.3102480052185379e-02 4.4096063217417752e-01 4.1537146743263628e-02
2.2554927580066894e-01 6.8419624804170728e-02 4.4096063217417752e-01 1.4647450088778877e-01
2.0786740307563631e-01 1.1110744174509944e-01 4.4096063217417752e-01 2.4986590517636342e-01
1.8219730262378964e-01 1.4952546200953518e-01 4.4096063217417752e-01 3.4588964088855989e-01
1.4952546200953518e-01 1.8219730262378964e-01 4.4096063217417752e-01 4.2897139274367319e-01
1.1110744174509948e-01 2.0786740307563628e-01 4.4096063217417752e-01 4.9438287328086383e-01
6.8419624804170728e-02 2.2554927580066897e-01 4.4096063217417752e-01 5.3865071893927752e-01
2.3102480052185421e-02 2.3456341634617298e-01 4.4096063217417752e-01 5.5973931674193644e-01
3.1566925355153747e-01 3.1090707778999430e-02 3.8650522668136850e-01 5.8110330824630040e-02
3.0353826116690874e-01 9.2077324872921126e-02 3.8650522668136850e-01 1.9999523689065724e-01
2.7974246363185373e-01 1.4952546200953518e-01 3.8650522668136850e-01 3.4196421428489382e-01
2.4519632010080761e-01 2.0122741949596792e-01 3.8650522668136850e-01 4.7467438722928912e-01
2.0122741949596792e-01 2.4519632010080761e-01 3.8650522668136850e-01 5.8926719371792324e-01
1.4952546200953520e-01 2.7974246363185373e-01 3.8650522668136850e-01 6.7851051706004095e-01
9.2077324872921126e-02 3.0353826116690880e-01 3.8650522668136850e-01 7.3748371203871332e-01
3.1090707778999482e-02 3.1566925355153741e-01 3.8650522668136850e-01 7.6365638479169851e-01
3.8464409837227320e-01 3.7884137041736328e-02 3.1719664208182274e-01 7.1837605456604836e-02
3.6986244138272223e-01 1.1219654498436386e-01 3.1719664208182274e-01 2.4488924262385586e-01
3.4086717819208007e-01 1.8219730262378964e-01 3.1719664208182274e-01 4.2046470116181178e-01
2.9877258050403210e-01 2.4519632010080761e-01 3.1719664208182274e-01 5.8534807255807231e-01
2.4519632010080761e-01 2.9877258050403210e-01 3.1719664208182274e-01 7.2716152874172413e-01
1.8219730262378969e-01 3.4086717819208001e-01 3.1719664208182274e-01 8.3616380649039268e-01
1.1219654498436386e-01 3.6986244138272228e-01 3.1719664208182274e-01 9.0622356992374131e-01
3.7884137041736390e-02 3.8464409837227320e-01 3.1719664208182274e-01 9.3490870183527519e-01
4.3883728620345797e-01 4.3221700163628113e-02 2.3569836841299890e-01 8.2349360571477001e-02
4.2197301539744442e-01 1.2800411479260479e-01 2.3569836841299890e-01 2.7950917028430339e-01
3.8889255825490054e-01 2.0786740307563628e-01 2.3569836841299890e-01 4.8189828277104385e-01
3.4086717819208001e-01 2.7974246363185373e-01 2.3569836841299890e-01 6.7259604721676880e-01
2.7974246363185373e-01 3.4086717819208001e-01 2.3569836841299890e-01 8.3592136384097182e-01
2.0786740307563636e-01 3.8889255825490049e-01 2.3569836841299890e-01 9.5989217067846233e-01
1.2800411479260479e-01 4.2197301539744447e-01 2.3569836841299890e-01 1.0374587963875910e+00
4.3221700163628182e-02 4.3883728620345791e-01 2.3569836841299890e-01 1.0664517960903865e+00
4.7616620322862935e-01 4.6898277587240383e-02 1.4514233862723117e-01 8.9369196788411848e-02
4.5786740307563634e-01 1.3889255825490054e-01 1.4514233862723117e-01 3.0288991405742144e-01
4.2197301539744453e-01 2.2554927580066897e-01 1.4514233862723117e-01 5.2396194087897485e-01
3.6986244138272228e-01 3.0353826116690880e-01 1.4514233862723117e-01 7.3273971387816217e-01
3.0353826116690880e-01 3.6986244138272228e-01 1.4514233862723117e-01 9.1094922547041102e-01
2.2554927580066905e-01 4.2197301539744447e-01 1.4514233862723117e-01 1.0449027259711117e+00
1.3889255825490054e-01 4.5786740307563639e-01 1.4514233862723117e-01 1.1269541323673691e+00
4.6898277587240460e-02 4.7616620322862929e-01 1.4514233862723117e-01 1.1552508559358550e+00
4.9519632010080761e-01 4.8772580504032062e-02 4.9008570164780385e-02 9.2839753118417287e-02
4.7616620322862924e-01 1.4444343859530448e-01 4.9008570164780385e-02 3.1470699350638737e-01
4.3883728620345797e-01 2.3456341634617298e-01 4.9008570164780385e-02 5.4545282808845685e-01
3.8464409837227320e-01 3.1566925355153741e-01 4.9008570164780385e-02 7.6364484153682910e-01
3.1566925355153741e-01 3.8464409837227320e-01 4.9008570164780385e-02 9.4955652741914376e-01
2.3456341634617306e-01 4.3883728620345791e-01 4.9008570164780385e-02 1.0885405045907359e+00
1.4444343859530448e-01 4.7616620322862929e-01 4.9008570164780385e-02 1.1726692393902691e+00
4.8772580504032145e-02 4.9519632010080755e-01 4.9008570164780385e-02 1.2002980633846314e+00
4.9008570164780302e-02 2.4076366639015569e-03 9.9879545620517241e-01 3.5437158932922303e-04
4.8536590843283836e-02 7.1997231344832187e-03 9.9879545620517241e-01 1.4009216479734726e-02
4.7597177619167048e-02 1.1922472335510791e-02 9.9879545620517241e-01 2.7748576564765932e-02
4.6199377555313705e-02 1.6530401610461053e-02 9.9879545620517241e-01 4.1839830952599563e-02
4.4356652230453937e-02 2.0979134081465862e-02 9.9879545620517241e-01 5.5866913957894025e-02
4.2086748096802289e-02 2.5225826022904893e-02 9.9879545620517241e-01 6.9027196203055211e-02
3.9411525572021641e-02 2.9229579469904138e-02 9.9879545620517241e-01 8.0840416290546488e-02
3.6356748511451015e-02 3.2951836088094717e-02 9.9879545620517241e-01 9.1521047581364964e-02
3.2951836088094717e-02 3.6356748511451015e-02 9.9879545620517241e-01 1.0161995556101595e-01
2.9229579469904145e-02 3.9411525572021634e-02 9.9879545620517241e-01 1.1131742213973947e-01
2.5225826022904893e-02 4.2086748096802289e-02 9.9879545620517241e-01 1.2011912545924625e-01
2.0979134081465869e-02 4.4356652230453937e-02 9.9879545620517241e-01 1.2727893708156812e-01
1.6530401610461053e-02 4.6199377555313705e-02 9.9879545620517241e-01 1.3250151003940422e-01
1.1922472335510796e-02 4.7597177619167048e-02 9.9879545620517241e-01 1.3617959408681177e-01
7.1997231344832187e-03 4.8536590843283836e-02 9.9879545620517241e-01 1.3891672463454713e-01
2.4076366639015625e-03 4.9008570164780302e-02 9.9879545620517241e-01 1.4083850976374304e-01
1.4655373117284443e-01 7.1997231344832187e-03 9.8917650996478101e-01 1.3915867328999972e-02
1.4514233862723119e-01 2.1529832133895567e-02 9.8917650996478101e-01 5.6525072248726473e-02
1.4233314601776459e-01 3.5652597080455060e-02 9.8917650996478101e-01 9.9493916611714375e-02
1.3815320740493470e-01 4.9432008027437711e-02 9.8917650996478101e-01 1.4149102417311590e-01
1.3264277788256992e-01 6.2735361714831808e-02 9.8917650996478101e-01 1.8270920997241588e-01
1.2585492589927788e-01 7.5434539574274886e-02 9.8917650996478101e-01 2.2215107921989141e-01
1.1785502218027494e-01 8.7407241580903752e-02 9.8917650996478101e-01 2.5980842466710796e-01
1.0872011017156737e-01 9.8538164069449860e-02 9.8917650996478101e-01 2.9482243537544212e-01
9.8538164069449860e-02 1.0872011017156737e-01 9.8917650996478101e-01 3.2720699787867319e-01
8.7407241580903766e-02 1.1785502218027492e-01 9.8917650996478101e-01 3.5609771793777645e-01
7.5434539574274886e-02 1.2585492589927788e-01 9.8917650996478101e-01 3.8174121962899715e-01
6.2735361714831822e-02 1.3264277788256992e-01 9.8917650996478101e-01 4.0308893422226405e-01
4.9432008027437711e-02 1.3815320740493470e-01 9.8917650996478101e-01 4.2089064531761144e-01
3.5652597080455074e-02 1.4233314601776459e-01 9.8917650996478101e-01 4.3361238308105116e-01
2.1529832133895567e-02 1.4514233862723119e-01 9.8917650996478101e-01 4.4293932501437411e-01
7.1997231344832352e-03 1.4655373117284443e-01 9.8917650996478101e-01 4.4627776290490256e-01
2.4268749963529529e-01 1.1922472335510791e-02 9.7003125319454397e-01 2.7471586791211408e-02
2.4035028634732516e-01 3.5652597080455060e-02 9.7003125319454397e-01 9.8360326803424367e-02
2.3569836841299879e-01 5.9039367825822475e-02 9.7003125319454397e-01 1.6967923285291994e-01
2.2877654634502079e-01 8.1857557184825819e-02 9.7003125319454397e-01 2.4050591867797730e-01
2.1965148107375859e-01 1.0388741352024673e-01 9.7003125319454397e-01 3.0994412328495696e-01
2.0841105196604257e-01 1.2491677727283064e-01 9.7003125319454397e-01 3.7708007495588164e-01
1.9516351049882358e-01 1.4474312417382063e-01 9.7003125319454397e-01 4.4101299841493358e-01
1.8003643773827380e-01 1.6317551566437638e-01 9.7003125319454397e-01 5.0087848328141227e-01
1.6317551566437638e-01 1.8003643773827380e-01 9.7003125319454397e-01 5.5587037146377849e-01
1.4474312417382065e-01 1.9516351049882355e-01 9.7003125319454397e-01 6.0525951863053795e-01
1.2491677727283064e-01 2.0841105196604257e-01 9.7003125319454397e-01 6.4840878729559470e-01
1.0388741352024676e-01 2.1965148107375859e-01 9.7003125319454397e-01 6.8478388665500556e-01
8.1857557184825819e-02 2.2877654634502079e-01 9.7003125319454397e-01 7.1396025625686454e-01
5.9039367825822503e-02 2.3569836841299879e-01 9.7003125319454397e-01 7.3562354433774235e-01
3.5652597080455060e-02 2.4035028634732516e-01 9.7003125319454397e-01 7.4959476713144202e-01
1.1922472335510819e-02 2.4268749963529529e-01 9.7003125319454397e-01 7.5553212442455553e-01
3.3648405480977606e-01 1.6530401610461053e-02 9.4154406518302081e-01 3.9858649807404216e-02
3.3324352942106295e-01 4.9432008027437711e-02 9.4154406518302081e-01 1.3822632878981012e-01
3.2679368667458142e-01 8.1857557184825819e-02 9.4154406518302081e-01 2.3745347670444344e-01
3.1719664208182274e-01 1.1349477331863152e-01 9.4154406518302081e-01 3.3677604442682835e-01
3.0454482042849346e-01 1.4403897274282468e-01 9.4154406518302081e-01 4.3472094878820772e-01
2.8896006567330434e-01 1.7319599811979244e-01 9.4154406518302081e-01 5.2978139626927678e-01
2.7059246752404142e-01 2.0068505135630332e-01 9.4154406518302081e-01 6.2047092503424794e-01
2.4961891599163263e-01 2.2624139784264452e-01 9.4154406518302081e-01 7.0537579348395885e-01
2.2624139784264452e-01 2.4961891599163263e-01 9.4154406518302081e-01 7.8320007313161144e-01
2.0068505135630335e-01 2.7059246752404142e-01 9.4154406518302081e-01 8.5280143400339892e-01
1.7319599811979244e-01 2.8896006567330434e-01 9.4154406518302081e-01 9.1321660407766048e-01
1.4403897274282471e-01 3.0454482042849346e-01 9.4154406518302081e-01 9.6367636755000285e-01
1.1349477331863152e-01 3.1719664208182274e-01 9.4154406518302081e-01 1.0036107012229549e+00
8.1857557184825860e-02 3.2679368667458142e-01 9.4154406518302081e-01 1.0326452821308056e+00
4.9432008027437711e-02 3.3324352942106295e-01 9.4154406518302081e-01 1.0505774760779141e+00
1.6530401610461092e-02 3.3648405480977606e-01 9.4154406518302081e-01 1.0606885736724356e+00
4.2704008459554371e-01 2.0979134081465862e-02 9.0398929312344334e-01 5.2278083259328145e-02
4.2292745513703228e-01 6.2735361714831808e-02 9.0398929312344334e-01 1.7503960814614708e-01
4.1474180308988684e-01 1.0388741352024673e-01 9.0398929312344334e-01 3.0102295654857758e-01
4.0256196075805406e-01 1.4403897274282468e-01 9.0398929312344334e-01 4.2820317585610440e-01
3.8650522668136850e-01 1.8280335791817726e-01 9.0398929312344334e-01 5.5436753826486129e-01
3.6672623598649234e-01 2.1980724682629729e-01 9.0398929312344334e-01 6.7723271277734698e-01
3.4341547116611337e-01 2.5469427178861642e-01 9.0398929312344334e-01 7.9455675834861383e-01
3.1679742762841218e-01 2.8712845168355949e-01 9.0398929312344334e-01 9.0423701865741268e-01
2.8712845168355949e-01 3.1679742762841218e-01 9.0398929312344334e-01 1.0043888913957979e+00
2.5469427178861642e-01 3.4341547116611332e-01 9.0398929312344334e-01 1.0934031258012147e+00
2.1980724682629729e-01 3.6672623598649234e-01 9.0398929312344334e-01 1.1699813501605025e+00
1.8280335791817728e-01 3.8650522668136850e-01 9.0398929312344334e-01 1.2331511285737076e+00
1.4403897274282468e-01 4.0256196075805406e-01 9.0398929312344334e-01 1.2822628975287709e+00
1.0388741352024679e-01 4.1474180308988684e-01 9.0398929312344334e-01 1.3169716628260517e+00
6.2735361714831808e-02 4.2292745513703228e-01 9.0398929312344334e-01 1.3372066140003791e+00
2.0979134081465910e-02 4.2704008459554371e-01 9.0398929312344334e-01 1.3431318426596293e+00
5.1348348492279983e-01 2.5225826022904893e-02 8.5772861000027212e-01 6.2466777013076166e-02
5.0853835826436755e-01 7.5434539574274886e-02 8.5772861000027212e-01 2.0797632478620975e-01
4.9869572922050487e-01 1.2491677727283064e-01 8.5772861000027212e-01 3.5918980706593623e-01
4.8405038768943259e-01 1.7319599811979244e-01 8.5772861000027212e-01 5.1327198977458321e-01
4.6474337631605284e-01 2.1980724682629729e-01 8.5772861000027212e-01 6.6705482367574542e-01
4.4096063217417747e-01 2.6430163158700110e-01 8.5772861000027212e-01 8.1725954655065203e-01
4.1293119609086304e-01 3.0625064715355355e-01 8.5772861000027212e-01 9.6069586213741687e-01
3.8092500685804026e-01 3.4525030157438397e-01 8.5772861000027212e-01 1.0944244699107761e+00
3.4525030157438397e-01 3.8092500685804026e-01 8.5772861000027212e-01 1.2158782953298120e+00
3.0625064715355360e-01 4.1293119609086298e-01 8.5772861000027212e-01 1.3229422872220946e+00
2.6430163158700110e-01 4.4096063217417747e-01 8.5772861000027212e-01 1.4139947707190428e+00
2.1980724682629735e-01 4.6474337631605284e-01 8.5772861000027212e-01 1.4879155153303480e+00
1.7319599811979244e-01 4.8405038768943259e-01 8.5772861000027212e-01 1.5440662733916142e+00
1.2491677727283070e-01 4.9869572922050487e-01 8.5772861000027212e-01 1.5822488774181329e+00
7.5434539574274886e-02 5.0853835826436755e-01 8.5772861000027212e-01 1.6026452231802897e+00
2.5225826022904952e-02 5.1348348492279983e-01 8.5772861000027212e-01 1.6057436090871129e+00
5.9498175859162383e-01 2.9229579469904138e-02 8.0320753148064494e-01 7.0875572971353176e-02
5.8925175900627258e-01 8.7407241580903752e-02 8.0320753148064494e-01 2.3668085448541940e-01
5.7784694286391336e-01 1.4474312417382063e-01 8.0320753148064494e-01 4.1140370614656868e-01
5.6087714477850381e-01 2.0068505135630332e-01 8.0320753148064494e-01 5.9122968843818735e-01
5.3850579318224168e-01 2.5469427178861642e-01 8.0320753148064494e-01 7.7179683594227022e-01
5.1094833642042370e-01 3.0625064715355355e-01 8.0320753148064494e-01 9.4859449685000274e-01
4.7847016786610447e-01 3.5485766137276881e-01 8.0320753148064494e-01 1.1172867703014815e+00
4.4138407003683494e-01 4.0004720232803426e-01 8.0320753148064494e-01 1.2739571024279845e+00
4.0004720232803426e-01 4.4138407003683494e-01 8.0320753148064494e-01 1.4152765749691496e+00
3.5485766137276892e-01 4.7847016786610441e-01 8.0320753148064494e-01 1.5386029024422192e+00
3.0625064715355355e-01 5.1094833642042370e-01 8.0320753148064494e-01 1.6420202952699112e+00
2.5469427178861648e-01 5.3850579318224168e-01 8.0320753148064494e-01 1.7243321061461325e+00
2.0068505135630332e-01 5.6087714477850381e-01 8.0320753148064494e-01 1.7850166377284977e+00
1.4474312417382068e-01 5.7784694286391336e-01 8.0320753148064494e-01 1.8241532270269507e+00
8.7407241580903752e-02 5.8925175900627258e-01 8.0320753148064494e-01 1.8423234285983727e+00
2.9229579469904204e-02 5.9498175859162383e-01 8.0320753148064494e-01 1.8404924826596130e+00
6.7075003267509647e-01 3.2951836088094717e-02 7.4095112535495911e-01 7.7883390646262360e-02
6.6429034319116953e-01 9.8538164069449860e-02 7.4095112535495911e-01 2.6123240172973766e-01
6.5143317456427141e-01 1.6317551566437638e-01 7.4095112535495911e-01 4.5759173726555957e-01
6.3230234835672239e-01 2.2624139784264452e-01 7.4095112535495911e-01 6.6178478692666420e-01
6.0708210488287451e-01 2.8712845168355949e-01 7.4095112535495911e-01 8.6802662296442923e-01
5.7601532887416851e-01 3.4525030157438397e-01 7.4095112535495911e-01 1.0703544888520615e+00
5.3940121036639554e-01 4.0004720232803426e-01 7.4095112535495911e-01 1.2631111399279447e+00
4.9759236333609841e-01 4.5099142983521961e-01 7.4095112535495911e-01 1.4412830915568846e+00
4.5099142983521961e-01 4.9759236333609841e-01 7.4095112535495911e-01 1.6007166127628620e+00
4.0004720232803437e-01 5.3940121036639543e-01 7.4095112535495911e-01 1.7382320401215388e+00
3.4525030157438397e-01 5.7601532887416851e-01 7.4095112535495911e-01 1.8516568519785170e+00
2.8712845168355960e-01 6.0708210488287451e-01 7.4095112535495911e-01 1.9397968468076543e+00
2.2624139784264452e-01 6.3230234835672239e-01 7.4095112535495911e-01 2.0023592074358021e+00
1.6317551566437644e-01 6.5143317456427141e-01 7.4095112535495911e-01 2.0398359435167692e+00
9.8538164069449860e-02 6.6429034319116953e-01 7.4095112535495911e-01 2.0533544632135152e+00
3.2951836088094787e-02 6.7075003267509647e-01 7.4095112535495911e-01 2.0446254295563784e+00
7.4005861727464228e-01 3.6356748511451015e-02 6.7155895484701833e-01 8.3246439336367883e-02
7.3293144823309542e-01 1.0872011017156737e-01 6.7155895484701833e-01 2.8194582068986784e-01
7.1874574868397867e-01 1.8003643773827380e-01 6.7155895484701833e-01 4.9787883953680567e-01
6.9763813466864222e-01 2.4961891599163263e-01 6.7155895484701833e-01 7.2475748464180345e-01
6.6981188404864933e-01 3.1679742762841218e-01 6.7155895484701833e-01 9.5520320717249363e-01
6.3553497882884646e-01 3.8092500685804026e-01 6.7155895484701833e-01 1.1816368021417356e+00
5.9513752434416256e-01 4.4138407003683494e-01 6.7155895484701833e-01 1.3969477996306612e+00
5.4900857016478033e-01 4.9759236333609841e-01 6.7155895484701833e-01 1.5949310967999135e+00
4.9759236333609841e-01 5.4900857016478033e-01 6.7155895484701833e-01 1.7705521005747540e+00
4.4138407003683505e-01 5.9513752434416256e-01 6.7155895484701833e-01 1.9200792588508766e+00
3.8092500685804026e-01 6.3553497882884646e-01 6.7155895484701833e-01 2.0411140472001330e+00
3.1679742762841229e-01 6.6981188404864933e-01 6.7155895484701833e-01 2.1325411294758716e+00
2.4961891599163263e-01 6.9763813466864222e-01 6.7155895484701833e-01 2.1944111865727862e+00
1.8003643773827385e-01 7.1874574868397867e-01 6.7155895484701833e-01 2.2277657866641127e+00
1.0872011017156737e-01 7.3293144823309542e-01 6.7155895484701833e-01 2.2344179252960976e+00
3.6356748511451098e-02 7.4005861727464228e-01 6.7155895484701833e-01 2.2167449674339910e+00
8.0224003283264100e-01 3.9411525572021634e-02 5.9569930449243347e-01 8.7721171937954201e-02
7.9451402276745120e-01 1.1785502218027492e-01 5.9569930449243347e-01 2.9914030437367523e-01
7.7913640833746600e-01 1.9516351049882355e-01 5.9569930449243347e-01 5.3235641988731386e-01
7.5625528437590550e-01 2.7059246752404142e-01 5.9569930449243347e-01 7.7987517517096006e-01
7.2609100861461395e-01 3.4341547116611332e-01 5.9569930449243347e-01 1.0326532057068170e+00
6.8893407951864327e-01 4.1293119609086298e-01 5.9569930449243347e-01 1.2814136751067755e+00
6.4514233862723114e-01 4.7847016786610441e-01 5.9569930449243347e-01 1.5175154082856741e+00
5.9513752434416256e-01 5.3940121036639543e-01 5.9569930449243347e-01 1.7334900971744276e+00
5.3940121036639543e-01 5.9513752434416256e-01 5.9569930449243347e-01 1.9233645454914809e+00
4.7847016786610447e-01 6.4514233862723103e-01 5.9569930449243347e-01 2.0828249359856610e+00
4.1293119609086298e-01 6.8893407951864327e-01 5.9569930449243347e-01 2.2092580968677722e+00
3.4341547116611343e-01 7.2609100861461395e-01 5.9569930449243347e-01 2.3016884906186403e+00
2.7059246752404142e-01 7.5625528437590550e-01 5.9569930449243347e-01 2.3606157901221274e+00
1.9516351049882366e-01 7.7913640833746600e-01 5.9569930449243347e-01 2.3877629399029012e+00
1.1785502218027492e-01 7.9451402276745120e-01 5.9569930449243347e-01 2.3857607710043180e+00
3.9411525572021724e-02 8.0224003283264100e-01 5.9569930449243347e-01 2.3578036415671271e+00
8.5669543832545014e-01 4.2086748096802289e-02 5.1410274419322166e-01 9.1393955170149074e-02
8.4844499293701192e-01 1.2585492589927788e-01 5.1410274419322166e-01 3.1301246314639969e-01
8.3202355845937825e-01 2.0841105196604257e-01 5.1410274419322166e-01 5.6103120715569110e-01
8.0758928228343807e-01 2.8896006567330434e-01 5.1410274419322166e-01 8.2680921309150179e-01
7.7537747984589955e-01 3.6672623598649234e-01 5.1410274419322166e-01 1.0996773771120056e+00
7.3569836841299896e-01 4.4096063217417747e-01 5.1410274419322166e-01 1.3686688516905474e+00
6.8893407951864338e-01 5.1094833642042370e-01 5.1410274419322166e-01 1.6235936658330297e+00
6.3553497882884646e-01 5.7601532887416851e-01 5.1410274419322166e-01 1.8556811578160781e+00
5.7601532887416851e-01 6.3553497882884646e-01 5.1410274419322166e-01 2.0579727807401844e+00
5.1094833642042381e-01 6.8893407951864327e-01 5.1410274419322166e-01 2.2255359163988917e+00
4.4096063217417747e-01 7.3569836841299896e-01 5.1410274419322166e-01 2.3555341168097539e+00
3.6672623598649240e-01 7.7537747984589955e-01 5.1410274419322166e-01 2.4471628868663631e+00
2.8896006567330434e-01 8.0758928228343807e-01 5.1410274419322166e-01 2.5014435252960476e+00
2.0841105196604268e-01 8.3202355845937825e-01 5.1410274419322166e-01 2.5208840469701999e+00
1.2585492589927788e-01 8.4844499293701192e-01 5.1410274419322166e-01 2.5090460758209709e+00
4.2086748096802386e-02 8.5669543832545014e-01 5.1410274419322166e-01 2.4700735101857281e+00
9.0290039842982095e-01 4.4356652230453937e-02 4.2755509343028220e-01 9.4148413618195523e-02
8.9420497401737709e-01 1.3264277788256992e-01 4.2755509343028220e-01 3.2367339832773867e-01
8.7689786688298366e-01 2.1965148107375859e-01 4.2755509343028220e-01 5.8394262457587620e-01
8.5114575392937220e-01 3.0454482042849346e-01 4.2755509343028220e-01 8.6535646238823738e-01
8.1719664208182274e-01 3.8650522668136850e-01 4.2755509343028220e-01 1.1557491334742103e+00
7.7537747984589955e-01 4.6474337631605284e-01 4.2755509343028220e-01 1.4425542501363833e+00
7.2609100861461406e-01 5.3850579318224168e-01 4.2755509343028220e-01 1.7140874537872046e+00
6.6981188404864933e-01 6.0708210488287451e-01 4.2755509343028220e-01 1.9602990917039631e+00
6.0708210488287451e-01 6.6981188404864933e-01 4.2755509343028220e-01 2.1732463090613887e+00
5.3850579318224179e-01 7.2609100861461395e-01 4.2755509343028220e-01 2.3473651889598321e+00
4.6474337631605284e-01 7.7537747984589955e-01 4.2755509343028220e-01 2.4795801332404723e+00
3.8650522668136855e-01 8.1719664208182274e-01 4.2755509343028220e-01 2.5692502298985218e+00
3.0454482042849346e-01 8.5114575392937220e-01 4.2755509343028220e-01 2.6179310564669467e+00
2.1965148107375870e-01 8.7689786688298366e-01 4.2755509343028220e-01 2.6289560409214330e+00
1.3264277788256992e-01 8.9420497401737709e-01 4.2755509343028220e-01 2.6068809405212874e+00
4.4356652230454041e-02 9.0290039842982095e-01 4.2755509343028220e-01 2.5568607150805471e+00
9.4040993412174789e-01 4.6199377555313705e-02 3.3688985339222005e-01 9.5861087433777720e-02
9.3135327237579280e-01 1.3815320740493470e-01 3.3688985339222005e-01 3.3129560458364371e-01
9.1332716948737103e-01 2.2877654634502079e-01 3.3688985339222005e-01 6.0132159932188523e-01
8.8650522668136855e-01 3.1719664208182274e-01 3.3688985339222005e-01 8.9558892740006213e-01
8.5114575392937220e-01 4.0256196075805406e-01 3.3688985339222005e-01 1.2006257792955506e+00
8.0758928228343807e-01 4.8405038768943259e-01 3.3688985339222005e-01 1.5024381617977212e+00
7.5625528437590561e-01 5.6087714477850381e-01 3.3688985339222005e-01 1.7879962148973079e+00
6.9763813466864222e-01 6.3230234835672239e-01 3.3688985339222005e-01 2.0460931020609796e+00
6.3230234835672239e-01 6.9763813466864222e-01 3.3688985339222005e-01 2.2678886714196476e+00
5.6087714477850392e-01 7.5625528437590550e-01 3.3688985339222005e-01 2.4472299899311425e+00
4.8405038768943259e-01 8.0758928228343807e-01 3.3688985339222005e-01 2.5807966717365143e+00
4.0256196075805417e-01 8.5114575392937220e-01 3.3688985339222005e-01 2.6680673527051493e+00
3.1719664208182274e-01 8.8650522668136855e-01 3.3688985339222005e-01 2.7110713386455845e+00
2.2877654634502090e-01 9.1332716948737103e-01 3.3688985339222005e-01 2.7139172474106479e+00
1.3815320740493470e-01 9.3135327237579280e-01 3.3688985339222005e-01 2.6821325144653536e+00
4.6199377555313809e-02 9.4040993412174789e-01 3.3688985339222005e-01 2.6218813237313787e+00
9.6886280806771963e-01 4.7597177619167048e-02 2.4298017990326398e-01 9.6549513268087556e-02
9.5953212959174183e-01 1.4233314601776459e-01 2.4298017990326398e-01 3.3624484069706173e-01
9.4096063217417747e-01 2.3569836841299879e-01 2.4298017990326398e-01 6.1365065255232865e-01
9.1332716948737103e-01 3.2679368667458142e-01 2.4298017990326398e-01 9.1785218355957943e-01
8.7689786688298366e-01 4.1474180308988684e-01 2.4298017990326398e-01 1.2343112119348623e+00
8.3202355845937825e-01 4.9869572922050487e-01 2.4298017990326398e-01 1.5478653026258404e+00
7.7913640833746611e-01 5.7784694286391336e-01 2.4298017990326398e-01 1.8443960093891258e+00
7.1874574868397867e-01 6.5143317456427141e-01 2.4298017990326398e-01 2.1117734352301989e+00
6.5143317456427141e-01 7.1874574868397867e-01 2.4298017990326398e-01 2.3404449410400705e+00
5.7784694286391347e-01 7.7913640833746600e-01 2.4298017990326398e-01 2.5237768362710442e+00
4.9869572922050487e-01 8.3202355845937825e-01 2.4298017990326398e-01 2.6582211073461375e+00
4.1474180308988695e-01 8.7689786688298366e-01 2.4298017990326398e-01 2.7433089568735864e+00
3.2679368667458142e-01 9.1332716948737103e-01 2.4298017990326398e-01 2.7814195220637212e+00
2.3569836841299890e-01 9.4096063217417747e-01 2.4298017990326398e-01 2.7772934201214947e+00
1.4233314601776459e-01 9.5953212959174183e-01 2.4298017990326398e-01 2.7373008061565489e+00
4.7597177619167159e-02 9.6886280806771963e-01 2.4298017990326398e-01 2.6685160379950221e+00
9.8798500353771368e-01 4.8536590843283836e-02 1.4673047445536175e-01 9.6497677044180122e-02
9.7847016786610452e-01 1.4514233862723119e-01 1.4673047445536175e-01 3.3908681144517699e-01
9.5953212959174183e-01 2.4035028634732516e-01 1.4673047445536175e-01 6.2155968246724258e-01
9.3135327237579280e-01 3.3324352942106295e-01 1.4673047445536175e-01 9.3260010464942966e-01
8.9420497401737709e-01 4.2292745513703228e-01 1.4673047445536175e-01 1.2568992560922474e+00
8.4844499293701192e-01 5.0853835826436755e-01 1.4673047445536175e-01 1.5784738821730460e+00
7.9451402276745131e-01 5.8925175900627258e-01 1.4673047445536175e-01 1.8824693409471986e+00
7.3293144823309542e-01 6.6429034319116953e-01 1.4673047445536175e-01 2.1561555884794110e+00
6.6429034319116953e-01 7.3293144823309542e-01 1.4673047445536175e-01 2.3895260241360305e+00
5.8925175900627269e-01 7.9451402276745120e-01 1.4673047445536175e-01 2.5756270664735808e+00
5.0853835826436755e-01 8.4844499293701192e-01 1.4673047445536175e-01 2.7107265967335907e+00
4.2292745513703239e-01 8.9420497401737709e-01 1.4673047445536175e-01 2.7943378085575774e+00
3.3324352942106295e-01 9.3135327237579280e-01 1.4673047445536175e-01 2.8290294077891214e+00
2.4035028634732528e-01 9.5953212959174183e-01 1.4673047445536175e-01 2.8199600440655095e+00
1.4514233862723119e-01 9.7847016786610452e-01 1.4673047445536175e-01 2.7741133216276652e+00
4.8536590843283947e-02 9.8798500353771368e-01 1.4673047445536175e-01 2.6992631742114299e+00
9.9759236333609846e-01 4.9008570164780302e-02 4.9067674327418126e-02 9.6228232249807852e-02
9.8798500353771368e-01 1.4655373117284443e-01 4.9067674327418126e-02 3.4044059315883524e-01
9.6886280806771963e-01 2.4268749963529529e-01 4.9067674327418126e-02 6.2559192667914321e-01
9.4040993412174789e-01 3.3648405480977606e-01 4.9067674327418126e-02 9.4013479048303872e-01
9.0290039842982095e-01 4.2704008459554371e-01 4.9067674327418126e-02 1.2683537264760179e+00
8.5669543832545014e-01 5.1348348492279983e-01 4.9067674327418126e-02 1.5938666757817177e+00
8.0224003283264111e-01 5.9498175859162383e-01 4.9067674327418126e-02 1.9014923067119316e+00
7.4005861727464228e-01 6.7075003267509647e-01 4.9067674327418126e-02 2.1782609470164869e+00
6.7075003267509647e-01 7.4005861727464228e-01 4.9067674327418126e-02 2.4139970650746139e+00
5.9498175859162394e-01 8.0224003283264100e-01 4.9067674327418126e-02 2.6016116681201025e+00
5.1348348492279983e-01 8.5669543832545014e-01 4.9067674327418126e-02 2.7372537222744469e+00
4.2704008459554382e-01 9.0290039842982095e-01 4.9067674327418126e-02 2.8203610376600206e+00
3.3648405480977606e-01 9.4040993412174789e-01 4.9067674327418126e-02 2.8535253355135333e+00
2.4268749963529540e-01 9.6886280806771963e-01 4.9067674327418126e-02 2.8420724869531018e+00
1.4655373117284443e-01 9.8798500353771368e-01 4.9067674327418126e-02 2.7932993398363601e+00
4.9008570164780413e-02 9.9759236333609846e-01 4.9067674327418126e-02 2.7153759836553188e+00
0.0000000000000000e+00 0.0000000000000000e+00 5.3333333333333333e-01 -6.7890806438706689e-03
0.0000000000000000e+00 0.0000000000000000e+00 5.9999999999999998e-01 -7.7193112625229612e-03
0.0000000000000000e+00 0.0000000000000000e+00 6.6666666666666663e-01 -6.0906352693156744e-03
0.0000000000000000e+00 0.0000000000000000e+00 7.3333333333333328e-01 -3.2180050369541337e-03
0.0000000000000000e+00 0.0000000000000000e+00 8.0000000000000004e-01 -1.2225687634578172e-03
0.0000000000000000e+00 0.0000000000000000e+00 8.6666666666666670e-01 -3.0437374551775410e-03
0.0000000000000000e+00 0.0000000000000000e+00 9.3333333333333335e-01 -1.2407030929349448e-02
0.0000000000000000e+00 0.0000000000000000e+00 1.0000000000000000e+00 -6.4804243376242387e-03
0.0000000000000000e+00 6.6666666666666666e-02 5.3333333333333333e-01 1.5435605427020532e-01
0.0000000000000000e+00 6.6666666666666666e-02 5.9999999999999998e-01 1.5828988197199334e-01
0.0000000000000000e+00 6.6666666666666666e-02 6.6666666666666663e-01 1.6252415450994556e-01
0.0000000000000000e+00 6.6666666666666666e-02 7.3333333333333328e-01 1.6718716131303551e-01
0.0000000000000000e+00 6.6666666666666666e-02 8.0000000000000004e-01 1.7238631593804149e-01
0.0000000000000000e+00 6.6666666666666666e-02 8.6666666666666670e-01 1.7821121124693162e-01
0.0000000000000000e+00 6.6666666666666666e-02 9.3333333333333335e-01 1.8473704393679008e-01
0.0000000000000000e+00 1.3333333333333333e-01 5.3333333333333333e-01 3.1654604185182283e-01
0.0000000000000000e+00 1.3333333333333333e-01 5.9999999999999998e-01 3.2603418113441657e-01
0.0000000000000000e+00 1.3333333333333333e-01 6.6666666666666663e-01 3.3614746640708404e-01
0.0000000000000000e+00 1.3333333333333333e-01 7.3333333333333328e-01 3.4720179483957708e-01
0.0000000000000000e+00 1.3333333333333333e-01 8.0000000000000004e-01 3.5957766808763308e-01
0.0000000000000000e+00 1.3333333333333333e-01 8.6666666666666670e-01 3.7369906756053478e-01
0.0000000000000000e+00 1.3333333333333333e-01 9.3333333333333335e-01 3.9001109842380544e-01
0.0000000000000000e+00 2.0000000000000001e-01 4.6666666666666667e-01 4.7335169433284663e-01
0.0000000000000000e+00 2.0000000000000001e-01 5.3333333333333333e-01 4.8764766948794636e-01
0.0000000000000000e+00 2.0000000000000001e-01 5.9999999999999998e-01 5.0261974100890938e-01
0.0000000000000000e+00 2.0000000000000001e-01 6.6666666666666663e-01 5.1856999449240637e-01
0.0000000000000000e+00 2.0000000000000001e-01 7.3333333333333328e-01 5.3596667572285261e-01
0.0000000000000000e+00 2.0000000000000001e-01 8.0000000000000004e-01 5.5542049219129463e-01
0.0000000000000000e+00 2.0000000000000001e-01 8.6666666666666670e-01 5.7764965073730279e-01
0.0000000000000000e+00 2.0000000000000001e-01 9.3333333333333335e-01 6.0343600928585728e-01
0.0000000000000000e+00 2.6666666666666666e-01 4.6666666666666667e-01 6.4767035059155365e-01
0.0000000000000000e+00 2.6666666666666666e-01 5.3333333333333333e-01 6.6676133441629626e-01
0.0000000000000000e+00 2.6666666666666666e-01 5.9999999999999998e-01 6.8693076318381019e-01
0.0000000000000000e+00 2.6666666666666666e-01 6.6666666666666663e-01 7.0852729817295768e-01
0.0000000000000000e+00 2.6666666666666666e-01 7.3333333333333328e-01 7.3213189570867276e-01
0.0000000000000000e+00 2.6666666666666666e-01 8.0000000000000004e-01 7.5853262061219329e-01
0.0000000000000000e+00 2.6666666666666666e-01 8.6666666666666670e-01 7.8868100662789942e-01
0.0000000000000000e+00 2.6666666666666666e-01 9.3333333333333335e-01 8.2362599128641012e-01
0.0000000000000000e+00 3.3333333333333331e-01 4.0000000000000002e-01 8.0766624457818381e-01
0.0000000000000000e+00 3.3333333333333331e-01 4.6666666666666667e-01 8.2957338616984411e-01
0.0000000000000000e+00 3.3333333333333331e-01 5.3333333333333333e-01 8.5288854512805390e-01
0.0000000000000000e+00 3.3333333333333331e-01 5.9999999999999998e-01 8.7782351159483596e-01
0.0000000000000000e+00 3.3333333333333331e-01 6.6666666666666663e-01 9.0476180599542411e-01
0.0000000000000000e+00 3.3333333333333331e-01 7.3333333333333328e-01 9.3436147104791467e-01
0.0000000000000000e+00 3.3333333333333331e-01 8.0000000000000004e-01 9.6753013294532664e-01
0.0000000000000000e+00 3.3333333333333331e-01 8.6666666666666670e-01 1.0053762002671291e+00
0.0000000000000000e+00 3.3333333333333331e-01 9.3333333333333335e-01 1.0427649282128200e+00
0.0000000000000000e+00 4.0000000000000002e-01 3.3333333333333331e-01 9.7063642122978344e-01
0.0000000000000000e+00 4.0000000000000002e-01 4.0000000000000002e-01 9.9313519315159737e-01
0.0000000000000000e+00 4.0000000000000002e-01 4.6666666666666667e-01 1.0179262529886957e+00
0.0000000000000000e+00 4.0000000000000002e-01 5.3333333333333333e-01 1.0448812302397310e+00
0.0000000000000000e+00 4.0000000000000002e-01 5.9999999999999998e-01 1.0741244774893850e+00
0.0000000000000000e+00 4.0000000000000002e-01 6.6666666666666663e-01 1.1060697314016088e+00
0.0000000000000000e+00 4.0000000000000002e-01 7.3333333333333328e-01 1.1414192875371065e+00
0.0000000000000000e+00 4.0000000000000002e-01 8.0000000000000004e-01 1.1811387350506544e+00
0.0000000000000000e+00 4.0000000000000002e-01 8.6666666666666670e-01 1.2264037577282514e+00
0.0000000000000000e+00 4.6666666666666667e-01 2.0000000000000001e-01 1.1217172075742163e+00
0.0000000000000000e+00 4.6666666666666667e-01 2.6666666666666666e-01 1.1388629881347989e+00
0.0000000000000000e+00 4.6666666666666667e-01 3.3333333333333331e-01 1.1598370692754736e+00
0.0000000000000000e+00 4.6666666666666667e-01 4.0000000000000002e-01 1.1841238592204786e+00
0.0000000000000000e+00 4.6666666666666667e-01 4.6666666666666667e-01 1.2113947708197645e+00
0.0000000000000000e+00 4.6666666666666667e-01 5.3333333333333333e-01 1.2415501557738828e+00
0.0000000000000000e+00 4.6666666666666667e-01 5.9999999999999998e-01 1.2747506710491343e+00
0.0000000000000000e+00 4.6666666666666667e-01 6.6666666666666663e-01 1.3114337014337893e+00
0.0000000000000000e+00 4.6666666666666667e-01 7.3333333333333328e-01 1.3523097284621708e+00
0.0000000000000000e+00 4.6666666666666667e-01 8.0000000000000004e-01 1.3983335429726378e+00
0.0000000000000000e+00 4.6666666666666667e-01 8.6666666666666670e-01 1.4506461295610737e+00
0.0000000000000000e+00 5.3333333333333333e-01 0.0000000000000000e+00 1.2984589900925412e+00
0.0000000000000000e+00 5.3333333333333333e-01 6.6666666666666666e-02 1.2936731717905881e+00
0.0000000000000000e+00 5.3333333333333333e-01 1.3333333333333333e-01 1.3008874903105245e+00
0.0000000000000000e+00 5.3333333333333333e-01 2.0000000000000001e-01 1.3136461230157732e+00
0.0000000000000000e+00 5.3333333333333333e-01 2.6666666666666666e-01 1.3312946819858966e+00
0.0000000000000000e+00 5.3333333333333333e-01 3.3333333333333331e-01 1.3532713260609415e+00
0.0000000000000000e+00 5.3333333333333333e-01 4.0000000000000002e-01 1.3791532985093893e+00
0.0000000000000000e+00 5.3333333333333333e-01 4.6666666666666667e-01 1.4086970406977821e+00
0.0000000000000000e+00 5.3333333333333333e-01 5.3333333333333333e-01 1.4418704939589415e+00
0.0000000000000000e+00 5.3333333333333333e-01 5.9999999999999998e-01 1.4788748869382353e+00
0.0000000000000000e+00 5.3333333333333333e-01 6.6666666666666663e-01 1.5201519677515494e+00
0.0000000000000000e+00 5.3333333333333333e-01 7.3333333333333328e-01 1.5663716963837171e+00
0.0000000000000000e+00 5.3333333333333333e-01 8.0000000000000004e-01 1.6183952364061325e+00
0.0000000000000000e+00 5.9999999999999998e-01 0.0000000000000000e+00 1.4843011515235398e+00
0.0000000000000000e+00 5.9999999999999998e-01 6.6666666666666666e-02 1.4873545189861341e+00
0.0000000000000000e+00 5.9999999999999998e-01 1.3333333333333333e-01 1.4946816833752947e+00
0.0000000000000000e+00 5.9999999999999998e-01 2.0000000000000001e-01 1.5078064074403146e+00
0.0000000000000000e+00 5.9999999999999998e-01 2.6666666666666666e-01 1.5261712992052396e+00
0.0000000000000000e+00 5.9999999999999998e-01 3.3333333333333331e-01 1.5493216021531988e+00
0.0000000000000000e+00 5.9999999999999998e-01 4.0000000000000002e-01 1.5769407516151279e+00
0.0000000000000000e+00 5.9999999999999998e-01 4.6666666666666667e-01 1.6088774433846147e+00
0.0000000000000000e+00 5.9999999999999998e-01 5.3333333333333333e-01 1.6451634632833765e+00
0.0000000000000000e+00 5.9999999999999998e-01 5.9999999999999998e-01 1.6860202534024364e+00
0.0000000000000000e+00 5.9999999999999998e-01 6.6666666666666663e-01 1.7318508921243529e+00
0.0000000000000000e+00 5.9999999999999998e-01 7.3333333333333328e-01 1.7832132678885295e+00
0.0000000000000000e+00 5.9999999999999998e-01 8.0000000000000004e-01 1.8442044667118733e+00
0.0000000000000000e+00 6.6666666666666663e-01 0.0000000000000000e+00 1.6754660069065170e+00
0.0000000000000000e+00 6.6666666666666663e-01 6.6666666666666666e-02 1.6809229129618033e+00
0.0000000000000000e+00 6.6666666666666663e-01 1.3333333333333333e-01 1.6888139986643640e+00
0.0000000000000000e+00 6.6666666666666663e-01 2.0000000000000001e-01 1.7027539089134320e+00
0.0000000000000000e+00 6.6666666666666663e-01 2.6666666666666666e-01 1.7222791347374968e+00
0.0000000000000000e+00 6.6666666666666663e-01 3.3333333333333331e-01 1.7470348424183766e+00
0.0000000000000000e+00 6.6666666666666663e-01 4.0000000000000002e-01 1.7767973737414078e+00
0.0000000000000000e+00 6.6666666666666663e-01 4.6666666666666667e-01 1.8114853119133019e+00
0.0000000000000000e+00 6.6666666666666663e-01 5.3333333333333333e-01 1.8511589685134320e+00
0.0000000000000000e+00 6.6666666666666663e-01 5.9999999999999998e-01 1.8960071311205178e+00
0.0000000000000000e+00 6.6666666666666663e-01 6.6666666666666663e-01 1.9463189129419272e+00
0.0000000000000000e+00 6.6666666666666663e-01 7.3333333333333328e-01 2.0048033834034586e+00
0.0000000000000000e+00 7.3333333333333328e-01 0.0000000000000000e+00 1.8710809464852758e+00
0.0000000000000000e+00 7.3333333333333328e-01 6.6666666666666666e-02 1.8741465315946384e+00
0.0000000000000000e+00 7.3333333333333328e-01 1.3333333333333333e-01 1.8830300047746376e+00
0.0000000000000000e+00 7.3333333333333328e-01 2.0000000000000001e-01 1.8982677606002409e+00
0.0000000000000000e+00 7.3333333333333328e-01 2.6666666666666666e-01 1.9194710597999254e+00
0.0000000000000000e+00 7.3333333333333328e-01 3.3333333333333331e-01 1.9463561690252260e+00
0.0000000000000000e+00 7.3333333333333328e-01 4.0000000000000002e-01 1.9787522005289173e+00
0.0000000000000000e+00 7.3333333333333328e-01 4.6666666666666667e-01 2.0165939564831574e+00
0.0000000000000000e+00 7.3333333333333328e-01 5.3333333333333333e-01 2.0599003063758170e+00
0.0000000000000000e+00 7.3333333333333328e-01 5.9999999999999998e-01 2.1087381069565092e+00
0.0000000000000000e+00 7.3333333333333328e-01 6.6666666666666663e-01 2.1639880767114907e+00
0.0000000000000000e+00 8.0000000000000004e-01 0.0000000000000000e+00 2.0696558546459971e+00
0.0000000000000000e+00 8.0000000000000004e-01 6.6666666666666666e-02 2.0683184221352224e+00
0.0000000000000000e+00 8.0000000000000004e-01 1.3333333333333333e-01 2.0784844124433914e+00
0.0000000000000000e+00 8.0000000000000004e-01 2.0000000000000001e-01 2.0953883237354063e+00
0.0000000000000000e+00 8.0000000000000004e-01 2.6666666666666666e-01 2.1186819802052539e+00
0.0000000000000000e+00 8.0000000000000004e-01 3.3333333333333331e-01 2.1481029542794414e+00
0.0000000000000000e+00 8.0000000000000004e-01 4.0000000000000002e-01 2.1834664454090933e+00
0.0000000000000000e+00 8.0000000000000004e-01 4.6666666666666667e-01 2.2246384911632529e+00
0.0000000000000000e+00 8.0000000000000004e-01 5.3333333333333333e-01 2.2714919680288643e+00
0.0000000000000000e+00 8.0000000000000004e-01 5.9999999999999998e-01 2.3285275347918124e+00
0.0000000000000000e+00 8.6666666666666670e-01 0.0000000000000000e+00 2.2693559093707236e+00
0.0000000000000000e+00 8.6666666666666670e-01 6.6666666666666666e-02 2.2658933178978575e+00
0.0000000000000000e+00 8.6666666666666670e-01 1.3333333333333333e-01 2.2774188546171779e+00
0.0000000000000000e+00 8.6666666666666670e-01 2.0000000000000001e-01 2.2961224766526485e+00
0.0000000000000000e+00 8.6666666666666670e-01 2.6666666666666666e-01 2.3216460577090956e+00
0.0000000000000000e+00 8.6666666666666670e-01 3.3333333333333331e-01 2.3536770290196873e+00
0.0000000000000000e+00 8.6666666666666670e-01 4.0000000000000002e-01 2.3919235294256103e+00
0.0000000000000000e+00 8.6666666666666670e-01 4.6666666666666667e-01 2.4360678917955210e+00
0.0000000000000000e+00 9.3333333333333335e-01 0.0000000000000000e+00 2.4684024016683503e+00
0.0000000000000000e+00 9.3333333333333335e-01 6.6666666666666666e-02 2.4697880565860126e+00
0.0000000000000000e+00 9.3333333333333335e-01 1.3333333333333333e-01 2.4825142585601516e+00
0.0000000000000000e+00 9.3333333333333335e-01 2.0000000000000001e-01 2.5028395734805957e+00
0.0000000000000000e+00 9.3333333333333335e-01 2.6666666666666666e-01 2.5303258572259484e+00
0.0000000000000000e+00 9.3333333333333335e-01 3.3333333333333331e-01 2.5645033771330858e+00
0.0000000000000000e+00 1.0000000000000000e+00 0.0000000000000000e+00 2.6703489132639500e+00
6.6666666666666666e-02 0.0000000000000000e+00 5.3333333333333333e-01 -1.0748883623520330e-02
6.6666666666666666e-02 0.0000000000000000e+00 5.9999999999999998e-01 -1.1398608781759969e-02
6.6666666666666666e-02 0.0000000000000000e+00 6.6666666666666663e-01 -9.7312607490828377e-03
6.6666666666666666e-02 0.0000000000000000e+00 7.3333333333333328e-01 -6.8198634802845992e-03
6.6666666666666666e-02 0.0000000000000000e+00 8.0000000000000004e-01 -4.4736367362649687e-03
6.6666666666666666e-02 0.0000000000000000e+00 8.6666666666666670e-01 -5.2676848468237222e-03
6.6666666666666666e-02 0.0000000000000000e+00 9.3333333333333335e-01 -1.2538621476006272e-02
1.3333333333333333e-01 0.0000000000000000e+00 5.3333333333333333e-01 -1.2510633039063345e-02
1.3333333333333333e-01 0.0000000000000000e+00 5.9999999999999998e-01 -1.2886160666668207e-02
1.3333333333333333e-01 0.0000000000000000e+00 6.6666666666666663e-01 -1.1250779484445769e-02
1.3333333333333333e-01 0.0000000000000000e+00 7.3333333333333328e-01 -8.4770886879921379e-03
1.3333333333333333e-01 0.0000000000000000e+00 8.0000000000000004e-01 -6.0856965944589246e-03
1.3333333333333333e-01 0.0000000000000000e+00 8.6666666666666670e-01 -6.3017215497930910e-03
1.3333333333333333e-01 0.0000000000000000e+00 9.3333333333333335e-01 -1.2076765666136215e-02
2.0000000000000001e-01 0.0000000000000000e+00 4.6666666666666667e-01 -1.0614988614516332e-02
2.0000000000000001e-01 0.0000000000000000e+00 5.3333333333333333e-01 -1.2592950184191001e-02
2.0000000000000001e-01 0.0000000000000000e+00 5.9999999999999998e-01 -1.2699138205515541e-02
2.0000000000000001e-01 0.0000000000000000e+00 6.6666666666666663e-01 -1.1159144996794027e-02
2.0000000000000001e-01 0.0000000000000000e+00 7.3333333333333328e-01 -8.6718396551504501e-03
2.0000000000000001e-01 0.0000000000000000e+00 8.0000000000000004e-01 -6.4984766292673227e-03
2.0000000000000001e-01 0.0000000000000000e+00 8.6666666666666670e-01 -6.5366657821767267e-03
2.0000000000000001e-01 0.0000000000000000e+00 9.3333333333333335e-01 -1.1366558792639311e-02
2.6666666666666666e-01 0.0000000000000000e+00 4.6666666666666667e-01 -1.0205370265102631e-02
2.6666666666666666e-01 0.0000000000000000e+00 5.3333333333333333e-01 -1.1504259172443059e-02
2.6666666666666666e-01 0.0000000000000000e+00 5.9999999999999998e-01 -1.1378830083309198e-02
2.6666666666666666e-01 0.0000000000000000e+00 6.6666666666666663e-01 -1.0005120626245811e-02
2.6666666666666666e-01 0.0000000000000000e+00 7.3333333333333328e-01 -7.9422760807355153e-03
2.6666666666666666e-01 0.0000000000000000e+00 8.0000000000000004e-01 -6.2256470193477447e-03
2.6666666666666666e-01 0.0000000000000000e+00 8.6666666666666670e-01 -6.4546366242129900e-03
2.6666666666666666e-01 0.0000000000000000e+00 9.3333333333333335e-01 -1.0859698828144635e-02
3.3333333333333331e-01 0.0000000000000000e+00 4.0000000000000002e-01 -7.9146207951259345e-03
3.3333333333333331e-01 0.0000000000000000e+00 4.6666666666666667e-01 -9.0648312233244620e-03
3.3333333333333331e-01 0.0000000000000000e+00 5.3333333333333333e-01 -9.7681071937326964e-03
3.3333333333333331e-01 0.0000000000000000e+00 5.9999999999999998e-01 -9.4812902623819736e-03
3.3333333333333331e-01 0.0000000000000000e+00 6.6666666666666663e-01 -8.3627390061484942e-03
3.3333333333333331e-01 0.0000000000000000e+00 7.3333333333333328e-01 -6.8656162402158383e-03
3.3333333333333331e-01 0.0000000000000000e+00 8.0000000000000004e-01 -5.8354736546653400e-03
3.3333333333333331e-01 0.0000000000000000e+00 8.6666666666666670e-01 -6.6084162686948621e-03
3.3333333333333331e-01 0.0000000000000000e+00 9.3333333333333335e-01 -8.1932387224697423e-03
4.0000000000000002e-01 0.0000000000000000e+00 3.3333333333333331e-01 -5.5559245641240620e-03
4.0000000000000002e-01 0.0000000000000000e+00 4.0000000000000002e-01 -6.8656408988390693e-03
4.0000000000000002e-01 0.0000000000000000e+00 4.6666666666666667e-01 -7.6795307675396026e-03
4.0000000000000002e-01 0.0000000000000000e+00 5.3333333333333333e-01 -7.9030988165266335e-03
4.0000000000000002e-01 0.0000000000000000e+00 5.9999999999999998e-01 -7.5581525366004926e-03
4.0000000000000002e-01 0.0000000000000000e+00 6.6666666666666663e-01 -6.8070673761646680e-03
4.0000000000000002e-01 0.0000000000000000e+00 7.3333333333333328e-01 -6.0294449347445163e-03
4.0000000000000002e-01 0.0000000000000000e+00 8.0000000000000004e-01 -5.9186854860819507e-03
4.0000000000000002e-01 0.0000000000000000e+00 8.6666666666666670e-01 -7.5870909075220197e-03
4.6666666666666667e-01 0.0000000000000000e+00 2.0000000000000001e-01 -3.9749884045064601e-03
4.6666666666666667e-01 0.0000000000000000e+00 2.6666666666666666e-01 -5.0404685796003436e-03
4.6666666666666667e-01 0.0000000000000000e+00 3.3333333333333331e-01 -5.8567444241079108e-03
4.6666666666666667e-01 0.0000000000000000e+00 4.0000000000000002e-01 -6.3416658959903850e-03
4.6666666666666667e-01 0.0000000000000000e+00 4.6666666666666667e-01 -6.5018874527063095e-03
4.6666666666666667e-01 0.0000000000000000e+00 5.3333333333333333e-01 -6.3941693320152832e-03
4.6666666666666667e-01 0.0000000000000000e+00 5.9999999999999998e-01 -6.1230847152520078e-03
4.6666666666666667e-01 0.0000000000000000e+00 6.6666666666666663e-01 -5.8755399767035582e-03
4.6666666666666667e-01 0.0000000000000000e+00 7.3333333333333328e-01 -5.9883065249332398e-03
4.6666666666666667e-01 0.0000000000000000e+00 8.0000000000000004e-01 -7.0413128667780713e-03
4.6666666666666667e-01 0.0000000000000000e+00 8.6666666666666670e-01 -9.9671399898989370e-03
5.3333333333333333e-01 0.0000000000000000e+00 0.0000000000000000e+00 -8.8160924034421211e-03
5.3333333333333333e-01 0.0000000000000000e+00 6.6666666666666666e-02 -4.3866366954296212e-03
5.3333333333333333e-01 0.0000000000000000e+00 1.3333333333333333e-01 -5.0257585021122042e-03
5.3333333333333333e-01 0.0000000000000000e+00 2.0000000000000001e-01 -5.7714570833457424e-03
5.3333333333333333e-01 0.0000000000000000e+00 2.6666666666666666e-01 -6.2575519168800234e-03
5.3333333333333333e-01 0.0000000000000000e+00 3.3333333333333331e-01 -6.3858858388744239e-03
5.3333333333333333e-01 0.0000000000000000e+00 4.0000000000000002e-01 -6.2226389314344356e-03
5.3333333333333333e-01 0.0000000000000000e+00 4.6666666666666667e-01 -5.9159628105644206e-03
5.3333333333333333e-01 0.0000000000000000e+00 5.3333333333333333e-01 -5.6440969166285868e-03
5.3333333333333333e-01 0.0000000000000000e+00 5.9999999999999998e-01 -5.5996095095780353e-03
5.3333333333333333e-01 0.0000000000000000e+00 6.6666666666666663e-01 -6.0115015811806252e-03
5.3333333333333333e-01 0.0000000000000000e+00 7.3333333333333328e-01 -7.2031591012702142e-03
5.3333333333333333e-01 0.0000000000000000e+00 8.0000000000000004e-01 -9.6809537397563074e-03
5.9999999999999998e-01 0.0000000000000000e+00 0.0000000000000000e+00 -9.5076969599801088e-03
5.9999999999999998e-01 0.0000000000000000e+00 6.6666666666666666e-02 -6.5089533345410715e-03
5.9999999999999998e-01 0.0000000000000000e+00 1.3333333333333333e-01 -7.1925858636253965e-03
5.9999999999999998e-01 0.0000000000000000e+00 2.0000000000000001e-01 -7.6932197215355182e-03
5.9999999999999998e-01 0.0000000000000000e+00 2.6666666666666666e-01 -7.7453157635075445e-03
5.9999999999999998e-01 0.0000000000000000e+00 3.3333333333333331e-01 -7.3669380331479184e-03
5.9999999999999998e-01 0.0000000000000000e+00 4.0000000000000002e-01 -6.7488066831541621e-03
5.9999999999999998e-01 0.0000000000000000e+00 4.6666666666666667e-01 -6.1631013586652171e-03
5.9999999999999998e-01 0.0000000000000000e+00 5.3333333333333333e-01 -5.9012766860777784e-03
5.9999999999999998e-01 0.0000000000000000e+00 5.9999999999999998e-01 -6.2470859572989436e-03
5.9999999999999998e-01 0.0000000000000000e+00 6.6666666666666663e-01 -7.4876695141507868e-03
5.9999999999999998e-01 0.0000000000000000e+00 7.3333333333333328e-01 -9.9623609122899484e-03
5.9999999999999998e-01 0.0000000000000000e+00 8.0000000000000004e-01 -7.7423684660510930e-03
6.6666666666666663e-01 0.0000000000000000e+00 0.0000000000000000e+00 -9.7841600718242376e-03
6.6666666666666663e-01 0.0000000000000000e+00 6.6666666666666666e-02 -8.7554848088542969e-03
6.6666666666666663e-01 0.0000000000000000e+00 1.3333333333333333e-01 -9.4659227692464945e-03
6.6666666666666663e-01 0.0000000000000000e+00 2.0000000000000001e-01 -9.7888412987013288e-03
6.6666666666666663e-01 0.0000000000000000e+00 2.6666666666666666e-01 -9.5359991442032863e-03
6.6666666666666663e-01 0.0000000000000000e+00 3.3333333333333331e-01 -8.8174173218579874e-03
6.6666666666666663e-01 0.0000000000000000e+00 4.0000000000000002e-01 -7.9263041251276135e-03
6.6666666666666663e-01 0.0000000000000000e+00 4.6666666666666667e-01 -7.2422824553290670e-03
6.6666666666666663e-01 0.0000000000000000e+00 5.3333333333333333e-01 -7.1620078012563267e-03
6.6666666666666663e-01 0.0000000000000000e+00 5.9999999999999998e-01 -8.0636637144475727e-03
6.6666666666666663e-01 0.0000000000000000e+00 6.6666666666666663e-01 -1.0309076688934014e-02
6.6666666666666663e-01 0.0000000000000000e+00 7.3333333333333328e-01 -1.3334857995403172e-02
7.3333333333333328e-01 0.0000000000000000e+00 0.0000000000000000e+00 -9.5627954310552651e-03
7.3333333333333328e-01 0.0000000000000000e+00 6.6666666666666666e-02 -1.0756728289613507e-02
7.3333333333333328e-01 0.0000000000000000e+00 1.3333333333333333e-01 -1.1496602605813349e-02
7.3333333333333328e-01 0.0000000000000000e+00 2.0000000000000001e-01 -1.1717178950715381e-02
7.3333333333333328e-01 0.0000000000000000e+00 2.6666666666666666e-01 -1.1287439609951828e-02
7.3333333333333328e-01 0.0000000000000000e+00 3.3333333333333331e-01 -1.0388272571513125e-02
7.3333333333333328e-01 0.0000000000000000e+00 4.0000000000000002e-01 -9.3962308363887328e-03
7.3333333333333328e-01 0.0000000000000000e+00 4.6666666666666667e-01 -8.7843744454723528e-03
7.3333333333333328e-01 0.0000000000000000e+00 5.3333333333333333e-01 -9.0488877121715616e-03
7.3333333333333328e-01 0.0000000000000000e+00 5.9999999999999998e-01 -1.0668018340800434e-02
7.3333333333333328e-01 0.0000000000000000e+00 6.6666666666666663e-01 -1.4027141412928096e-02
8.0000000000000004e-01 0.0000000000000000e+00 0.0000000000000000e+00 -8.8801431631746839e-03
8.0000000000000004e-01 0.0000000000000000e+00 6.6666666666666666e-02 -1.1524167287787514e-02
8.0000000000000004e-01 0.0000000000000000e+00 1.3333333333333333e-01 -1.2350313039543377e-02
8.0000000000000004e-01 0.0000000000000000e+00 2.0000000000000001e-01 -1.2579317452947641e-02
8.0000000000000004e-01 0.0000000000000000e+00 2.6666666666666666e-01 -1.2120057371442733e-02
8.0000000000000004e-01 0.0000000000000000e+00 3.3333333333333331e-01 -1.1206524351312822e-02
8.0000000000000004e-01 0.0000000000000000e+00 4.0000000000000002e-01 -1.0283211592146986e-02
8.0000000000000004e-01 0.0000000000000000e+00 4.6666666666666667e-01 -9.9066450545665947e-03
8.0000000000000004e-01 0.0000000000000000e+00 5.3333333333333333e-01 -1.0671185246281086e-02
8.0000000000000004e-01 0.0000000000000000e+00 5.9999999999999998e-01 -8.2991061624877963e-03
8.6666666666666670e-01 0.0000000000000000e+00 0.0000000000000000e+00 -7.9054175844421211e-03
8.6666666666666670e-01 0.0000000000000000e+00 6.6666666666666666e-02 -9.2874638852633151e-03
8.6666666666666670e-01 0.0000000000000000e+00 1.3333333333333333e-01 -1.0341167573048824e-02
8.6666666666666670e-01 0.0000000000000000e+00 2.0000000000000001e-01 -1.0750930452565187e-02
8.6666666666666670e-01 0.0000000000000000e+00 2.6666666666666666e-01 -1.0450178005564128e-02
8.6666666666666670e-01 0.0000000000000000e+00 3.3333333333333331e-01 -9.7114341018461024e-03
8.6666666666666670e-01 0.0000000000000000e+00 4.0000000000000002e-01 -9.0359898736324072e-03
8.6666666666666670e-01 0.0000000000000000e+00 4.6666666666666667e-01 -9.0590608626573022e-03
9.3333333333333335e-01 0.0000000000000000e+00 0.0000000000000000e+00 -6.9409542236412124e-03
9.3333333333333335e-01 0.0000000000000000e+00 6.6666666666666666e-02 -1.3646466695563511e-03
9.3333333333333335e-01 0.0000000000000000e+00 1.3333333333333333e-01 -2.8918126080646461e-03
9.3333333333333335e-01 0.0000000000000000e+00 2.0000000000000001e-01 -3.7354060336044093e-03
9.3333333333333335e-01 0.0000000000000000e+00 2.6666666666666666e-01 -3.8392776156175113e-03
9.3333333333333335e-01 0.0000000000000000e+00 3.3333333333333331e-01 -3.5001634041330262e-03
1.0000000000000000e+00 0.0000000000000000e+00 0.0000000000000000e+00 -9.3356423653990529e-03
6.6666666666666666e-02 5.3333333333333333e-01 0.0000000000000000e+00 1.3159819918010562e+00
6.6666666666666666e-02 5.9999999999999998e-01 0.0000000000000000e+00 1.5071741183327925e+00
6.6666666666666666e-02 6.6666666666666663e-01 0.0000000000000000e+00 1.7046030992845129e+00
6.6666666666666666e-02 7.3333333333333328e-01 0.0000000000000000e+00 1.9072688389129251e+00
6.6666666666666666e-02 8.0000000000000004e-01 0.0000000000000000e+00 2.1135335086531710e+00
6.6666666666666666e-02 8.6666666666666670e-01 0.0000000000000000e+00 2.3214414168318238e+00
6.6666666666666666e-02 9.3333333333333335e-01 0.0000000000000000e+00 2.5291605677971636e+00
1.3333333333333333e-01 5.3333333333333333e-01 0.0000000000000000e+00 1.3354541744387727e+00
1.3333333333333333e-01 5.9999999999999998e-01 0.0000000000000000e+00 1.5326411387119947e+00
1.3333333333333333e-01 6.6666666666666663e-01 0.0000000000000000e+00 1.7368142045644639e+00
1.3333333333333333e-01 7.3333333333333328e-01 0.0000000000000000e+00 1.9468503309973040e+00
1.3333333333333333e-01 8.0000000000000004e-01 0.0000000000000000e+00 2.1610205125164721e+00
1.3333333333333333e-01 8.6666666666666670e-01 0.0000000000000000e+00 2.3773443272972812e+00
1.3333333333333333e-01 9.3333333333333335e-01 0.0000000000000000e+00 2.5940492126957175e+00
2.0000000000000001e-01 4.6666666666666667e-01 0.0000000000000000e+00 1.1612711427688893e+00
2.0000000000000001e-01 5.3333333333333333e-01 0.0000000000000000e+00 1.3568717505794474e+00
2.0000000000000001e-01 5.9999999999999998e-01 0.0000000000000000e+00 1.5605466085915458e+00
2.0000000000000001e-01 6.6666666666666663e-01 0.0000000000000000e+00 1.7718085031244211e+00
2.0000000000000001e-01 7.3333333333333328e-01 0.0000000000000000e+00 1.9894524327886685e+00
2.0000000000000001e-01 8.0000000000000004e-01 0.0000000000000000e+00 2.2117449354586110e+00
2.0000000000000001e-01 8.6666666666666670e-01 0.0000000000000000e+00 2.4367930424139779e+00
2.0000000000000001e-01 9.3333333333333335e-01 0.0000000000000000e+00 2.6629924057063610e+00
2.6666666666666666e-01 4.6666666666666667e-01 0.0000000000000000e+00 1.1784024244452076e+00
2.6666666666666666e-01 5.3333333333333333e-01 0.0000000000000000e+00 1.3802488312180068e+00
2.6666666666666666e-01 5.9999999999999998e-01 0.0000000000000000e+00 1.5907717022690682e+00
2.6666666666666666e-01 6.6666666666666663e-01 0.0000000000000000e+00 1.8093787469774636e+00
2.6666666666666666e-01 7.3333333333333328e-01 0.0000000000000000e+00 2.0348563271209659e+00
2.6666666666666666e-01 8.0000000000000004e-01 0.0000000000000000e+00 2.2655733007839634e+00
2.6666666666666666e-01 8.6666666666666670e-01 0.0000000000000000e+00 2.4998376860937990e+00
2.6666666666666666e-01 9.3333333333333335e-01 0.0000000000000000e+00 2.7363013790217754e+00
3.3333333333333331e-01 4.0000000000000002e-01 0.0000000000000000e+00 9.9802001114943606e-01
3.3333333333333331e-01 4.6666666666666667e-01 0.0000000000000000e+00 1.1971522676161319e+00
3.3333333333333331e-01 5.3333333333333333e-01 0.0000000000000000e+00 1.4056051689966824e+00
3.3333333333333331e-01 5.9999999999999998e-01 0.0000000000000000e+00 1.6232449416454264e+00
3.3333333333333331e-01 6.6666666666666663e-01 0.0000000000000000e+00 1.8494323366964185e+00
3.3333333333333331e-01 7.3333333333333328e-01 0.0000000000000000e+00 2.0830420873567665e+00
3.3333333333333331e-01 8.0000000000000004e-01 0.0000000000000000e+00 2.3226584060551163e+00
3.3333333333333331e-01 8.6666666666666670e-01 0.0000000000000000e+00 2.5668885153066818e+00
3.3333333333333331e-01 9.3333333333333335e-01 0.0000000000000000e+00 2.8146936722000255e+00
4.0000000000000002e-01 3.3333333333333331e-01 0.0000000000000000e+00 8.1671970029653718e-01
4.0000000000000002e-01 4.0000000000000002e-01 0.0000000000000000e+00 1.0122200809413795e+00
4.0000000000000002e-01 4.6666666666666667e-01 0.0000000000000000e+00 1.2176337498314487e+00
4.0000000000000002e-01 5.3333333333333333e-01 0.0000000000000000e+00 1.4329620712965341e+00
4.0000000000000002e-01 5.9999999999999998e-01 0.0000000000000000e+00 1.6579585938579970e+00
4.0000000000000002e-01 6.6666666666666663e-01 0.0000000000000000e+00 1.8920224935319625e+00
4.0000000000000002e-01 7.3333333333333328e-01 0.0000000000000000e+00 2.1342249214049405e+00
4.0000000000000002e-01 8.0000000000000004e-01 0.0000000000000000e+00 2.3834684832466455e+00
4.0000000000000002e-01 8.6666666666666670e-01 0.0000000000000000e+00 2.6387255614819982e+00
4.6666666666666667e-01 2.0000000000000001e-01 0.0000000000000000e+00 4.5700882893848194e-01
4.6666666666666667e-01 2.6666666666666666e-01 0.0000000000000000e+00 6.3626207574749150e-01
4.6666666666666667e-01 3.3333333333333331e-01 0.0000000000000000e+00 8.2668433289324739e-01
4.6666666666666667e-01 4.0000000000000002e-01 0.0000000000000000e+00 1.0279643636077753e+00
4.6666666666666667e-01 4.6666666666666667e-01 0.0000000000000000e+00 1.2399117271390239e+00
4.6666666666666667e-01 5.3333333333333333e-01 0.0000000000000000e+00 1.4623479340604322e+00
4.6666666666666667e-01 5.9999999999999998e-01 0.0000000000000000e+00 1.6949896694511701e+00
4.6666666666666667e-01 6.6666666666666663e-01 0.0000000000000000e+00 1.9373759179425134e+00
4.6666666666666667e-01 7.3333333333333328e-01 0.0000000000000000e+00 2.1888777870241460e+00
4.6666666666666667e-01 8.0000000000000004e-01 0.0000000000000000e+00 2.4487922424444473e+00
4.6666666666666667e-01 8.6666666666666670e-01 0.0000000000000000e+00 2.7164751291911098e+00
5.3333333333333333e-01 6.6666666666666666e-02 0.0000000000000000e+00 1.3303778994699081e-01
5.3333333333333333e-01 1.3333333333333333e-01 0.0000000000000000e+00 2.8937407319323383e-01
5.3333333333333333e-01 2.0000000000000001e-01 0.0000000000000000e+00 4.5945916998005915e-01
5.3333333333333333e-01 2.6666666666666666e-01 0.0000000000000000e+00 6.4256562841637743e-01
5.3333333333333333e-01 3.3333333333333331e-01 0.0000000000000000e+00 8.3803173933713504e-01
5.3333333333333333e-01 4.0000000000000002e-01 0.0000000000000000e+00 1.0453125349020123e+00
5.3333333333333333e-01 4.6666666666666667e-01 0.0000000000000000e+00 1.2640021811197626e+00
5.3333333333333333e-01 5.3333333333333333e-01 0.0000000000000000e+00 1.4938134908699623e+00
5.3333333333333333e-01 5.9999999999999998e-01 0.0000000000000000e+00 1.7345232289411479e+00
5.3333333333333333e-01 6.6666666666666663e-01 0.0000000000000000e+00 1.9859129810314071e+00
5.3333333333333333e-01 7.3333333333333328e-01 0.0000000000000000e+00 2.2477359401453070e+00
5.3333333333333333e-01 8.0000000000000004e-01 0.0000000000000000e+00 2.5197162526187817e+00
5.9999999999999998e-01 6.6666666666666666e-02 0.0000000000000000e+00 1.3235172194553435e-01
5.9999999999999998e-01 1.3333333333333333e-01 0.0000000000000000e+00 2.9004917402555758e-01
5.9999999999999998e-01 2.0000000000000001e-01 0.0000000000000000e+00 4.6289519404275570e-01
5.9999999999999998e-01 2.6666666666666666e-01 0.0000000000000000e+00 6.5008205300800970e-01
5.9999999999999998e-01 3.3333333333333331e-01 0.0000000000000000e+00 8.5077456415653108e-01
5.9999999999999998e-01 4.0000000000000002e-01 0.0000000000000000e+00 1.0642263713845102e+00
5.9999999999999998e-01 4.6666666666666667e-01 0.0000000000000000e+00 1.2898863415541151e+00
5.9999999999999998e-01 5.3333333333333333e-01 0.0000000000000000e+00 1.5274553870004774e+00
5.9999999999999998e-01 5.9999999999999998e-01 0.0000000000000000e+00 1.7768748604003151e+00
5.9999999999999998e-01 6.6666666666666663e-01 0.0000000000000000e+00 2.0382566688170667e+00
5.9999999999999998e-01 7.3333333333333328e-01 0.0000000000000000e+00 2.3117803568164437e+00
5.9999999999999998e-01 8.0000000000000004e-01 0.0000000000000000e+00 2.5956510961643118e+00
6.6666666666666663e-01 6.6666666666666666e-02 0.0000000000000000e+00 1.3227841628478149e-01
6.6666666666666663e-01 1.3333333333333333e-01 0.0000000000000000e+00 2.9154874539247122e-01
6.6666666666666663e-01 2.0000000000000001e-01 0.0000000000000000e+00 4.6733968915281360e-01
6.6666666666666663e-01 2.6666666666666666e-01 0.0000000000000000e+00 6.5874809176439941e-01
6.6666666666666663e-01 3.3333333333333331e-01 0.0000000000000000e+00 8.6479058229437489e-01
6.6666666666666663e-01 4.0000000000000002e-01 0.0000000000000000e+00 1.0845867144576569e+00
6.6666666666666663e-01 4.6666666666666667e-01 0.0000000000000000e+00 1.3175386479828639e+00
6.6666666666666663e-01 5.3333333333333333e-01 0.0000000000000000e+00 1.5634453079987691e+00
6.6666666666666663e-01 5.9999999999999998e-01 0.0000000000000000e+00 1.8225087513671501e+00
6.6666666666666663e-01 6.6666666666666663e-01 0.0000000000000000e+00 2.0952272420488467e+00
6.6666666666666663e-01 7.3333333333333328e-01 0.0000000000000000e+00 2.3821982057677791e+00
7.3333333333333328e-01 6.6666666666666666e-02 0.0000000000000000e+00 1.3284303775683273e-01
7.3333333333333328e-01 1.3333333333333333e-01 0.0000000000000000e+00 2.9381434789023630e-01
7.3333333333333328e-01 2.0000000000000001e-01 0.0000000000000000e+00 4.7264295130712136e-01
7.3333333333333328e-01 2.6666666666666666e-01 0.0000000000000000e+00 6.6834417347433450e-01
7.3333333333333328e-01 3.3333333333333331e-01 0.0000000000000000e+00 8.7984528379787030e-01
7.3333333333333328e-01 4.0000000000000002e-01 0.0000000000000000e+00 1.1062287337821870e+00
7.3333333333333328e-01 4.6666666666666667e-01 0.0000000000000000e+00 1.3469657348245927e+00
7.3333333333333328e-01 5.3333333333333333e-01 0.0000000000000000e+00 1.6020608425763929e+00
7.3333333333333328e-01 5.9999999999999998e-01 0.0000000000000000e+00 1.8720478507838181e+00
7.3333333333333328e-01 6.6666666666666663e-01 0.0000000000000000e+00 2.1578191969336173e+00
8.0000000000000004e-01 6.6666666666666666e-02 0.0000000000000000e+00 1.3392015969722787e-01
8.0000000000000004e-01 1.3333333333333333e-01 0.0000000000000000e+00 2.9661991632232698e-01
8.0000000000000004e-01 2.0000000000000001e-01 0.0000000000000000e+00 4.7849424167312027e-01
8.0000000000000004e-01 2.6666666666666666e-01 0.0000000000000000e+00 6.7852377948469000e-01
8.0000000000000004e-01 3.3333333333333331e-01 0.0000000000000000e+00 8.9563571964720878e-01
8.0000000000000004e-01 4.0000000000000002e-01 0.0000000000000000e+00 1.1289923020321742e+00
8.0000000000000004e-01 4.6666666666666667e-01 0.0000000000000000e+00 1.3782520340835531e+00
8.0000000000000004e-01 5.3333333333333333e-01 0.0000000000000000e+00 1.6437136999883564e+00
8.0000000000000004e-01 5.9999999999999998e-01 0.0000000000000000e+00 1.9196735058727257e+00
8.6666666666666670e-01 6.6666666666666666e-02 0.0000000000000000e+00 1.3523252904175548e-01
8.6666666666666670e-01 1.3333333333333333e-01 0.0000000000000000e+00 2.9958783970342873e-01
8.6666666666666670e-01 2.0000000000000001e-01 0.0000000000000000e+00 4.8445703118105499e-01
8.6666666666666670e-01 2.6666666666666666e-01 0.0000000000000000e+00 6.8886532296279690e-01
8.6666666666666670e-01 3.3333333333333331e-01 0.0000000000000000e+00 9.1185194824551119e-01
8.6666666666666670e-01 4.0000000000000002e-01 0.0000000000000000e+00 1.1527823201829224e+00
8.6666666666666670e-01 4.6666666666666667e-01 0.0000000000000000e+00 1.4116064997979747e+00
9.3333333333333335e-01 6.6666666666666666e-02 0.0000000000000000e+00 1.3636865975389562e-01
9.3333333333333335e-01 1.3333333333333333e-01 0.0000000000000000e+00 3.0222732435446426e-01
9.3333333333333335e-01 2.0000000000000001e-01 0.0000000000000000e+00 4.9002650705328565e-01
9.3333333333333335e-01 2.6666666666666666e-01 0.0000000000000000e+00 6.9894253958780428e-01
9.3333333333333335e-01 3.3333333333333331e-01 0.0000000000000000e+00 9.2824850520877555e-01
