# x y z u
4.8518484463132498e-02 2.3835602972625413e-03 9.8880750164312070e-01 4.7622690549878333e-03
4.8051224934850999e-02 7.1277259031383858e-03 9.8880750164312070e-01 1.8938624004932736e-02
4.7121205842975376e-02 1.1803247612155683e-02 9.8880750164312070e-01 3.2956230329056868e-02
4.5737383779760568e-02 1.6365097594356445e-02 9.8880750164312070e-01 4.6676882696148753e-02
4.3913085708149398e-02 2.0769342740651203e-02 9.8880750164312070e-01 5.9964018612046061e-02
4.1665880615834268e-02 2.4973567762675845e-02 9.8880750164312070e-01 7.2684239243316295e-02
3.9017410316301425e-02 2.8937283675205098e-02 9.8880750164312070e-01 8.4708839525308083e-02
3.5993181026336502e-02 3.2622317727213766e-02 9.8880750164312070e-01 9.5915320104006413e-02
3.2622317727213766e-02 3.5993181026336502e-02 9.8880750164312070e-01 1.0618885301696873e-01
2.8937283675205101e-02 3.9017410316301418e-02 9.8880750164312070e-01 1.1542367344842391e-01
2.4973567762675845e-02 4.1665880615834268e-02 9.8880750164312070e-01 1.2352437134515104e-01
2.0769342740651210e-02 4.3913085708149398e-02 9.8880750164312070e-01 1.3040705903968233e-01
1.6365097594356445e-02 4.5737383779760568e-02 9.8880750164312070e-01 1.3600039413347312e-01
1.1803247612155688e-02 4.7121205842975376e-02 9.8880750164312070e-01 1.4024644054945049e-01
7.1277259031383858e-03 4.8051224934850999e-02 9.8880750164312070e-01 1.4310135465922635e-01
2.3835602972625469e-03 4.8518484463132498e-02 9.8880750164312070e-01 1.4453588751517146e-01
1.4508819386111599e-01 7.1277259031383867e-03 9.7928474486513317e-01 1.8687553629610831e-02
1.4369091524095887e-01 2.1314533812556612e-02 9.7928474486513317e-01 6.1142100029098700e-02
1.4090981455758694e-01 3.5296071109650509e-02 9.7928474486513317e-01 1.0341988042039124e-01
1.3677167533088536e-01 4.8937687947163334e-02 9.7928474486513317e-01 1.4507299284144243e-01
1.3131635010374423e-01 6.2108008097683493e-02 9.7928474486513317e-01 1.8564699349230321e-01
1.2459637664028508e-01 7.4680194178532139e-02 9.7928474486513317e-01 2.2468838754064427e-01
1.1667647195847219e-01 8.6533169165094723e-02 9.7928474486513317e-01 2.6175250271621819e-01
1.0763290906985169e-01 9.7552782428755355e-02 9.7928474486513317e-01 2.9641142911055202e-01
9.7552782428755355e-02 1.0763290906985169e-01 9.7928474486513317e-01 3.2826171068650156e-01
8.6533169165094737e-02 1.1667647195847218e-01 9.7928474486513317e-01 3.5693149795766277e-01
7.4680194178532139e-02 1.2459637664028508e-01 9.7928474486513317e-01 3.8208691402076589e-01
6.2108008097683506e-02 1.3131635010374423e-01 9.7928474486513317e-01 4.0343744298031542e-01
4.8937687947163334e-02 1.3677167533088536e-01 9.7928474486513317e-01 4.2074021510791521e-01
3.5296071109650530e-02 1.4090981455758694e-01 9.7928474486513317e-01 4.3380313069018328e-01
2.1314533812556612e-02 1.4369091524095887e-01 9.7928474486513317e-01 4.4248682849648457e-01
7.1277259031384023e-03 1.4508819386111599e-01 9.7928474486513317e-01 4.4670556001376555e-01
2.4026062463894235e-01 1.1803247612155683e-02 9.6033094066259850e-01 3.2237184528351948e-02
2.3794678348385193e-01 3.5296071109650509e-02 9.6033094066259850e-01 1.0230161987538150e-01
2.3334138472886881e-01 5.8448974147564253e-02 9.6033094066259850e-01 1.7264119201715508e-01
2.2648878088157059e-01 8.1038981612977568e-02 9.6033094066259850e-01 2.4243158361173583e-01
2.1745496626302102e-01 1.0284853938504428e-01 9.6033094066259850e-01 3.1081384488783242e-01
2.0632694144638217e-01 1.2366760950010235e-01 9.6033094066259850e-01 3.7691527189405938e-01
1.9321187539383536e-01 1.4329569293208241e-01 9.6033094066259850e-01 4.3987158997474429e-01
1.7823607336089106e-01 1.6154376050773261e-01 9.6033094066259850e-01 4.9884913843018697e-01
1.6154376050773261e-01 1.7823607336089106e-01 9.6033094066259850e-01 5.5306580517460502e-01
1.4329569293208244e-01 1.9321187539383533e-01 9.6033094066259850e-01 6.0180961312991066e-01
1.2366760950010235e-01 2.0632694144638217e-01 9.6033094066259850e-01 6.4445409719753766e-01
1.0284853938504430e-01 2.1745496626302102e-01 9.6033094066259850e-01 6.8046990781982575e-01
8.1038981612977568e-02 2.2648878088157059e-01 9.6033094066259850e-01 7.0943240296988219e-01
5.8448974147564281e-02 2.3334138472886881e-01 9.6033094066259850e-01 7.3102530986786141e-01
3.5296071109650509e-02 2.3794678348385193e-01 9.6033094066259850e-01 7.4504081752220497e-01
1.1803247612155711e-02 2.4026062463894235e-01 9.6033094066259850e-01 7.5137667495591565e-01
3.3311921426167834e-01 1.6365097594356445e-02 9.3212862453119061e-01 4.5028589974366151e-02
3.2991109412685232e-01 4.8937687947163334e-02 9.3212862453119061e-01 1.4141287258403581e-01
3.2352574980783561e-01 8.1038981612977568e-02 9.3212862453119061e-01 2.3907566143780953e-01
3.1402467566100456e-01 1.1235982558544520e-01 9.3212862453119061e-01 3.3672233271103580e-01
3.0149937222420853e-01 1.4259858301539644e-01 9.3212862453119061e-01 4.3296947377908657e-01
2.8607046501657135e-01 1.7146403813859454e-01 9.3212862453119061e-01 5.2639145936502174e-01
2.6788654284880103e-01 1.9867820084274029e-01 9.3212862453119061e-01 6.1556975846508033e-01
2.4712272683171632e-01 2.2397898386421808e-01 9.3212862453119061e-01 6.9914146955549294e-01
2.2397898386421808e-01 2.4712272683171632e-01 9.3212862453119061e-01 7.7584380418136445e-01
1.9867820084274032e-01 2.6788654284880098e-01 9.3212862453119061e-01 8.4455171775040050e-01
1.7146403813859454e-01 2.8607046501657135e-01 9.3212862453119061e-01 9.0430661136771162e-01
1.4259858301539646e-01 3.0149937222420853e-01 9.3212862453119061e-01 9.5433494231993499e-01
1.1235982558544520e-01 3.1402467566100456e-01 9.3212862453119061e-01 9.9405657366239242e-01
8.1038981612977595e-02 3.2352574980783561e-01 9.3212862453119061e-01 1.0230836317970939e+00
4.8937687947163334e-02 3.2991109412685232e-01 9.3212862453119061e-01 1.0412114055222477e+00
1.6365097594356483e-02 3.3311921426167834e-01 9.3212862453119061e-01 1.0484033315438266e+00
4.2276968374958829e-01 2.0769342740651203e-02 8.9494940019220892e-01 5.6703364109764509e-02
4.1869818058566199e-01 6.2108008097683493e-02 8.9494940019220892e-01 1.7760603467142952e-01
4.1059438505898799e-01 1.0284853938504426e-01 8.9494940019220892e-01 3.0141097519116344e-01
3.9853634115047354e-01 1.4259858301539644e-01 8.9494940019220892e-01 4.2623399071696733e-01
3.8264017441455478e-01 1.8097532433899546e-01 8.9494940019220892e-01 5.5001572837208523e-01
3.6305897362662742e-01 2.1760917435803431e-01 8.9494940019220892e-01 6.7061168679604233e-01
3.3998131645445223e-01 2.5214732907073023e-01 8.9494940019220892e-01 7.8588647145547830e-01
3.1362945335212805e-01 2.8425716716672389e-01 8.9494940019220892e-01 8.9380500684694186e-01
2.8425716716672389e-01 3.1362945335212805e-01 8.9494940019220892e-01 9.9251393553609746e-01
2.5214732907073029e-01 3.3998131645445223e-01 8.9494940019220892e-01 1.0804074247158313e+00
2.1760917435803431e-01 3.6305897362662742e-01 8.9494940019220892e-01 1.1561732506017850e+00
1.8097532433899552e-01 3.8264017441455478e-01 8.9494940019220892e-01 1.2188172313917667e+00
1.4259858301539644e-01 3.9853634115047354e-01 8.9494940019220892e-01 1.2676664584234141e+00
1.0284853938504432e-01 4.1059438505898799e-01 8.9494940019220892e-01 1.3023539026873543e+00
6.2108008097683493e-02 4.1869818058566199e-01 8.9494940019220892e-01 1.3227885417230190e+00
2.0769342740651252e-02 4.2276968374958829e-01 8.9494940019220892e-01 1.3291160302124598e+00
5.0834865007357188e-01 2.4973567762675845e-02 8.4915132390026937e-01 6.6978991994400272e-02
5.0345297468172390e-01 7.4680194178532139e-02 8.4915132390026937e-01 2.1022751046209892e-01
4.9370877192829982e-01 1.2366760950010233e-01 8.4915132390026937e-01 3.5866536614455069e-01
4.7920988381253821e-01 1.7146403813859451e-01 8.4915132390026937e-01 5.0967945702058348e-01
4.6009594255289232e-01 2.1760917435803431e-01 8.4915132390026937e-01 6.6035778818204283e-01
4.3655102585243571e-01 2.6165861527113110e-01 8.4915132390026937e-01 8.0764616266475442e-01
4.0880188412995438e-01 3.0318814068201799e-01 8.4915132390026937e-01 9.4850970886539321e-01
3.7711575678945986e-01 3.4179779855864012e-01 8.4915132390026937e-01 1.0800866056847251e+00
3.4179779855864012e-01 3.7711575678945986e-01 8.4915132390026937e-01 1.1998220718955932e+00
3.0318814068201805e-01 4.0880188412995433e-01 8.4915132390026937e-01 1.3055721506783280e+00
2.6165861527113110e-01 4.3655102585243571e-01 8.4915132390026937e-01 1.3956700523654730e+00
2.1760917435803437e-01 4.6009594255289232e-01 8.4915132390026937e-01 1.4689524765067534e+00
1.7146403813859451e-01 4.7920988381253821e-01 8.4915132390026937e-01 1.5247482069439999e+00
1.2366760950010239e-01 4.9370877192829982e-01 8.4915132390026937e-01 1.5628352328510537e+00
7.4680194178532139e-02 5.0345297468172390e-01 8.4915132390026937e-01 1.5833751568553152e+00
2.4973567762675900e-02 5.0834865007357188e-01 8.4915132390026937e-01 1.5868347075110147e+00
5.8903194100570766e-01 2.8937283675205098e-02 7.9517545616583851e-01 7.5692733759993358e-02
5.8335924141620987e-01 8.6533169165094709e-02 7.9517545616583851e-01 2.3889125329507382e-01
5.7206847343527423e-01 1.4329569293208241e-01 7.9517545616583851e-01 4.1023111273308710e-01
5.5526837333071877e-01 1.9867820084274029e-01 7.9517545616583851e-01 5.8622084373005623e-01
5.3312073525041925e-01 2.5214732907073023e-01 7.9517545616583851e-01 7.6290590431503014e-01
5.0583885305621945e-01 3.0318814068201799e-01 7.9517545616583851e-01 9.3612019013714809e-01
4.7368546618744339e-01 3.5130908475904110e-01 7.9517545616583851e-01 1.1017402689297526e+00
4.3697022933646656e-01 3.9604673030475390e-01 7.9517545616583851e-01 1.2559234783256041e+00
3.9604673030475390e-01 4.3697022933646656e-01 7.9517545616583851e-01 1.3953111355612293e+00
3.5130908475904121e-01 4.7368546618744334e-01 7.9517545616583851e-01 1.5171795214694912e+00
3.0318814068201799e-01 5.0583885305621945e-01 7.9517545616583851e-01 1.6195271755990783e+00
2.5214732907073029e-01 5.3312073525041925e-01 7.9517545616583851e-01 1.7010960232171839e+00
1.9867820084274029e-01 5.5526837333071877e-01 7.9517545616583851e-01 1.7613326331270112e+00
1.4329569293208247e-01 5.7206847343527423e-01 7.9517545616583851e-01 1.8003021483762192e+00
8.6533169165094709e-02 5.8335924141620987e-01 7.9517545616583851e-01 1.8185705913241226e+00
2.8937283675205160e-02 5.8903194100570766e-01 7.9517545616583851e-01 1.8170718744109529e+00
6.6404253234834554e-01 3.2622317727213766e-02 7.3354161410140950e-01 8.2820163984525241e-02
6.5764743975925788e-01 9.7552782428755355e-02 7.3354161410140950e-01 2.6348216505534944e-01
6.4491884281862866e-01 1.6154376050773261e-01 7.3354161410140950e-01 4.5584922017151142e-01
6.2597932487315511e-01 2.2397898386421808e-01 7.3354161410140950e-01 6.5540693549173201e-01
6.0101128383404578e-01 2.8425716716672389e-01 7.3354161410140950e-01 8.5697334586145024e-01
5.7025517558542682e-01 3.4179779855864012e-01 7.3354161410140950e-01 1.0550764866267299e+00
5.3400719826273157e-01 3.9604673030475396e-01 7.3354161410140950e-01 1.2443273904654983e+00
4.9261643970273744e-01 4.4648151553686743e-01 7.3354161410140950e-01 1.4197641655581532e+00
4.4648151553686743e-01 4.9261643970273744e-01 7.3354161410140950e-01 1.5771402824864835e+00
3.9604673030475401e-01 5.3400719826273146e-01 7.3354161410140950e-01 1.7131302579854228e+00
3.4179779855864012e-01 5.7025517558542682e-01 7.3354161410140950e-01 1.8254360136797922e+00
2.8425716716672400e-01 6.0101128383404578e-01 7.3354161410140950e-01 1.9127930159967541e+00
2.2397898386421808e-01 6.2597932487315511e-01 7.3354161410140950e-01 1.9748894713465635e+00
1.6154376050773267e-01 6.4491884281862866e-01 7.3354161410140950e-01 2.0122205485329587e+00
9.7552782428755355e-02 6.5764743975925788e-01 7.3354161410140950e-01 2.0259027984459141e+00
3.2622317727213843e-02 6.6404253234834554e-01 7.3354161410140950e-01 2.0174731785804063e+00
7.3265803110189587e-01 3.5993181026336502e-02 6.6484336529854815e-01 8.8458039383575604e-02
7.2560213375076443e-01 1.0763290906985169e-01 6.6484336529854815e-01 2.8410910854295179e-01
7.1155829119713887e-01 1.7823607336089103e-01 6.6484336529854815e-01 4.9552529823822750e-01
6.9066175332195578e-01 2.4712272683171629e-01 6.6484336529854815e-01 7.1704885143115393e-01
6.6311376520816279e-01 3.1362945335212805e-01 6.6484336529854815e-01 9.4211381742678046e-01
6.2917962904055802e-01 3.7711575678945986e-01 6.6484336529854815e-01 1.1637805827490542e+00
5.8918614910072098e-01 4.3697022933646656e-01 6.6484336529854815e-01 1.3752508102013787e+00
5.4351848446313256e-01 4.9261643970273739e-01 6.6484336529854815e-01 1.5703362130553136e+00
4.9261643970273739e-01 5.4351848446313256e-01 6.6484336529854815e-01 1.7438454887138413e+00
4.3697022933646668e-01 5.8918614910072087e-01 6.6484336529854815e-01 1.8918501196782096e+00
3.7711575678945986e-01 6.2917962904055802e-01 6.6484336529854815e-01 2.0118060730799625e+00
3.1362945335212816e-01 6.6311376520816279e-01 6.6484336529854815e-01 2.1025339341157272e+00
2.4712272683171629e-01 6.9066175332195578e-01 6.6484336529854815e-01 2.1640808823570779e+00
1.7823607336089112e-01 7.1155829119713887e-01 6.6484336529854815e-01 2.1974991790316771e+00
1.0763290906985169e-01 7.2560213375076443e-01 6.6484336529854815e-01 2.2045786248563397e+00
3.5993181026336585e-02 7.3265803110189587e-01 6.6484336529854815e-01 2.1875673287244464e+00
7.9421763250431465e-01 3.9017410316301418e-02 5.8974231144750910e-01 9.2777494018617568e-02
7.8656888253977675e-01 1.1667647195847218e-01 5.8974231144750910e-01 3.0102576831747374e-01
7.7134504425409134e-01 1.9321187539383533e-01 5.8974231144750910e-01 5.2942074802637251e-01
7.4869273153214644e-01 2.6788654284880098e-01 5.8974231144750910e-01 7.7108558271669436e-01
7.1883009852846791e-01 3.3998131645445223e-01 5.8974231144750910e-01 1.0179666953900324e+00
6.8204473872345683e-01 4.0880188412995438e-01 5.8974231144750910e-01 1.2615510519239419e+00
6.3869091524095889e-01 4.7368546618744334e-01 5.8974231144750910e-01 1.4935398097785550e+00
5.8918614910072087e-01 5.3400719826273146e-01 5.8974231144750910e-01 1.7064554305132242e+00
5.3400719826273146e-01 5.8918614910072087e-01 5.8974231144750910e-01 1.8941375644820606e+00
4.7368546618744345e-01 6.3869091524095878e-01 5.8974231144750910e-01 2.0520725657744920e+00
4.0880188412995438e-01 6.8204473872345683e-01 5.8974231144750910e-01 2.1775264203896865e+00
3.3998131645445229e-01 7.1883009852846791e-01 5.8974231144750910e-01 2.2694887331216806e+00
2.6788654284880098e-01 7.4869273153214644e-01 5.8974231144750910e-01 2.3284639017949118e+00
1.9321187539383541e-01 7.7134504425409134e-01 5.8974231144750910e-01 2.3561596301303065e+00
1.1667647195847218e-01 7.8656888253977675e-01 5.8974231144750910e-01 2.3551254336037992e+00
3.9017410316301508e-02 7.9421763250431465e-01 5.8974231144750910e-01 2.3283878980839052e+00
8.4812848394219564e-01 4.1665880615834268e-02 5.0896171675128943e-01 9.5969617277305519e-02
8.3996054300764178e-01 1.2459637664028508e-01 5.0896171675128943e-01 3.1455118051409209e-01
8.2370332287478443e-01 2.0632694144638214e-01 5.0896171675128943e-01 5.5776060706613384e-01
7.9951338946060369e-01 2.8607046501657130e-01 5.0896171675128943e-01 8.1748805024738203e-01
7.6762370504744060e-01 3.6305897362662742e-01 5.0896171675128943e-01 1.0841619028361733e+00
7.2834138472886889e-01 4.3655102585243571e-01 5.0896171675128943e-01 1.3476649091083526e+00
6.8204473872345694e-01 5.0583885305621945e-01 5.0896171675128943e-01 1.5981746010947668e+00
6.2917962904055802e-01 5.7025517558542682e-01 5.0896171675128943e-01 1.8269159361829839e+00
5.7025517558542682e-01 6.2917962904055802e-01 5.0896171675128943e-01 2.0267721845275206e+00
5.0583885305621956e-01 6.8204473872345683e-01 5.0896171675128943e-01 2.1926797634758599e+00
4.3655102585243571e-01 7.2834138472886889e-01 5.0896171675128943e-01 2.3217688757556498e+00
3.6305897362662748e-01 7.6762370504744060e-01 5.0896171675128943e-01 2.4132640568907555e+00
2.8607046501657130e-01 7.9951338946060369e-01 5.0896171675128943e-01 2.4681949777088743e+00
2.0632694144638222e-01 8.2370332287478443e-01 5.0896171675128943e-01 2.4889846763584220e+00
1.2459637664028508e-01 8.3996054300764178e-01 5.0896171675128943e-01 2.4789851630620996e+00
4.1665880615834358e-02 8.4812848394219564e-01 5.0896171675128943e-01 2.4420221732684562e+00
8.9387139444552277e-01 4.3913085708149398e-02 4.2327954249597938e-01 9.8209666975963228e-02
8.8526292427720332e-01 1.3131635010374423e-01 4.2327954249597938e-01 3.2501780958273796e-01
8.6812888821415390e-01 2.1745496626302102e-01 4.2327954249597938e-01 5.8078309137801398e-01
8.4263429639007859e-01 3.0149937222420853e-01 4.2327954249597938e-01 8.5621955874834677e-01
8.0902467566100456e-01 3.8264017441455478e-01 4.2327954249597938e-01 1.1402921520026501e+00
7.6762370504744060e-01 4.6009594255289232e-01 4.2327954249597938e-01 1.4213352532951298e+00
7.1883009852846791e-01 5.3312073525041925e-01 4.2327954249597938e-01 1.6880584611021319e+00
6.6311376520816290e-01 6.0101128383404578e-01 4.2327954249597938e-01 1.9304442827753772e+00
6.0101128383404578e-01 6.6311376520816290e-01 4.2327954249597938e-01 2.1404741089563792e+00
5.3312073525041936e-01 7.1883009852846791e-01 4.2327954249597938e-01 2.3125867922071279e+00
4.6009594255289232e-01 7.6762370504744060e-01 4.2327954249597938e-01 2.4438240677521534e+00
3.8264017441455489e-01 8.0902467566100456e-01 4.2327954249597938e-01 2.5336845315326824e+00
3.0149937222420853e-01 8.4263429639007859e-01 4.2327954249597938e-01 2.5837509475606648e+00
2.1745496626302110e-01 8.6812888821415390e-01 4.2327954249597938e-01 2.5971747102355520e+00
1.3131635010374423e-01 8.8526292427720332e-01 4.2327954249597938e-01 2.5781048217406841e+00
4.3913085708149502e-02 8.9387139444552277e-01 4.2327954249597938e-01 2.5311396639236188e+00
9.3100583478053034e-01 4.5737383779760568e-02 3.3352095485829786e-01 9.9653795913413334e-02
9.2203973965203490e-01 1.3677167533088536e-01 3.3352095485829786e-01 3.3275499386877105e-01
9.0419389779249737e-01 2.2648878088157059e-01 3.3352095485829786e-01 5.9872775680339374e-01
8.7764017441455489e-01 3.1402467566100456e-01 3.3352095485829786e-01 8.8723728359797582e-01
8.4263429639007847e-01 3.9853634115047354e-01 3.3352095485829786e-01 1.1859275669837437e+00
7.9951338946060369e-01 4.7920988381253826e-01 3.3352095485829786e-01 1.4817322006069196e+00
7.4869273153214655e-01 5.5526837333071877e-01 3.3352095485829786e-01 1.7620340172246818e+00
6.9066175332195578e-01 6.2597932487315511e-01 3.3352095485829786e-01 2.0156981342798908e+00
6.2597932487315511e-01 6.9066175332195578e-01 3.3352095485829786e-01 2.2339050690031539e+00
5.5526837333071888e-01 7.4869273153214644e-01 3.3352095485829786e-01 2.4106669025790048e+00
4.7920988381253826e-01 7.9951338946060369e-01 3.3352095485829786e-01 2.5429747539884340e+00
3.9853634115047365e-01 8.4263429639007847e-01 3.3352095485829786e-01 2.6306078136091449e+00
3.1402467566100456e-01 8.7764017441455489e-01 3.3352095485829786e-01 2.6756820148060658e+00
2.2648878088157071e-01 9.0419389779249737e-01 3.3352095485829786e-01 2.6820363406387098e+00
1.3677167533088536e-01 9.2203973965203490e-01 3.3352095485829786e-01 2.6545591664302655e+00
4.5737383779760672e-02 9.3100583478053034e-01 3.3352095485829786e-01 2.5985488242587373e+00
9.5917417998704246e-01 4.7121205842975376e-02 2.4055037810423133e-01 1.0046039244711230e-01
9.4993680829582439e-01 1.4090981455758692e-01 2.4055037810423133e-01 3.3809273350903357e-01
9.3155102585243565e-01 2.3334138472886881e-01 2.4055037810423133e-01 6.1183904077715190e-01
9.0419389779249737e-01 3.2352574980783561e-01 2.4055037810423133e-01 9.1050638258994010e-01
8.6812888821415379e-01 4.1059438505898799e-01 2.4055037810423133e-01 1.2206449447869874e+00
8.2370332287478443e-01 4.9370877192829982e-01 2.4055037810423133e-01 1.5280262345377389e+00
7.7134504425409145e-01 5.7206847343527423e-01 2.4055037810423133e-01 1.8189341568527513e+00
7.1155829119713876e-01 6.4491884281862866e-01 2.4055037810423133e-01 2.0813131245737204e+00
6.4491884281862866e-01 7.1155829119713876e-01 2.4055037810423133e-01 2.3056913338105471e+00
5.7206847343527434e-01 7.7134504425409134e-01 2.4055037810423133e-01 2.4857435150496157e+00
4.9370877192829982e-01 8.2370332287478443e-01 2.4055037810423133e-01 2.6184379681210279e+00
4.1059438505898810e-01 8.6812888821415379e-01 2.4055037810423133e-01 2.7038069759339090e+00
3.2352574980783561e-01 9.0419389779249737e-01 2.4055037810423133e-01 2.7444296120305025e+00
2.3334138472886892e-01 9.3155102585243565e-01 2.4055037810423133e-01 2.7447349672563068e+00
1.4090981455758692e-01 9.4993680829582439e-01 2.4055037810423133e-01 2.7102388681539269e+00
4.7121205842975487e-02 9.5917417998704246e-01 2.4055037810423133e-01 2.6468214766253917e+00
9.7810515350233651e-01 4.8051224934850999e-02 1.4526316971080813e-01 1.0081162893580237e-01
9.6868546618744344e-01 1.4369091524095887e-01 1.4526316971080813e-01 3.4136004066804421e-01
9.4993680829582439e-01 2.3794678348385193e-01 1.4526316971080813e-01 6.2036037544575395e-01
9.2203973965203490e-01 3.2991109412685232e-01 1.4526316971080813e-01 9.2600613426672995e-01
8.8526292427720332e-01 4.1869818058566199e-01 1.4526316971080813e-01 1.2440575876162965e+00
8.3996054300764178e-01 5.0345297468172390e-01 1.4526316971080813e-01 1.5594469258760113e+00
7.8656888253977675e-01 5.8335924141620987e-01 1.4526316971080813e-01 1.8576666889164866e+00
7.2560213375076443e-01 6.5764743975925788e-01 1.4526316971080813e-01 2.1260021750844267e+00
6.5764743975925788e-01 7.2560213375076443e-01 1.4526316971080813e-01 2.3545199600549833e+00
5.8335924141620998e-01 7.8656888253977675e-01 1.4526316971080813e-01 2.5366627953111314e+00
5.0345297468172390e-01 8.3996054300764178e-01 1.4526316971080813e-01 2.6693945682304414e+00
4.1869818058566205e-01 8.8526292427720332e-01 1.4526316971080813e-01 2.7529424363301711e+00
3.2991109412685232e-01 9.2203973965203490e-01 1.4526316971080813e-01 2.7902327684945711e+00
2.3794678348385204e-01 9.4993680829582439e-01 1.4526316971080813e-01 2.7861340820518490e+00
1.4369091524095887e-01 9.6868546618744344e-01 1.4526316971080813e-01 2.7466255784766198e+00
4.8051224934851103e-02 9.7810515350233651e-01 1.4526316971080813e-01 2.6780078580156466e+00
9.8761643970273749e-01 4.8518484463132498e-02 4.8576997584143945e-02 1.0091091599779239e-01
9.7810515350233662e-01 1.4508819386111599e-01 4.8576997584143945e-02 3.4285900217790577e-01
9.5917417998704246e-01 2.4026062463894235e-01 4.8576997584143945e-02 6.2450729595803645e-01
9.3100583478053034e-01 3.3311921426167834e-01 4.8576997584143945e-02 9.3372286627448076e-01
8.9387139444552277e-01 4.2276968374958829e-01 4.8576997584143945e-02 1.2558430719647753e+00
8.4812848394219575e-01 5.0834865007357188e-01 4.8576997584143945e-02 1.5753520543827721e+00
7.9421763250431476e-01 5.8903194100570766e-01 4.8576997584143945e-02 1.8773216309919554e+00
7.3265803110189587e-01 6.6404253234834554e-01 4.8576997584143945e-02 2.1486889057606526e+00
6.6404253234834554e-01 7.3265803110189587e-01 4.8576997584143945e-02 2.3792800368029114e+00
5.8903194100570777e-01 7.9421763250431465e-01 4.8576997584143945e-02 2.5624217144432757e+00
5.0834865007357188e-01 8.4812848394219575e-01 4.8576997584143945e-02 2.6950839539240325e+00
4.2276968374958840e-01 8.9387139444552277e-01 4.8576997584143945e-02 2.7776070686215815e+00
3.3311921426167834e-01 9.3100583478053034e-01 4.8576997584143945e-02 2.8131133483178385e+00
2.4026062463894246e-01 9.5917417998704246e-01 4.8576997584143945e-02 2.8067172861427876e+00
1.4508819386111599e-01 9.7810515350233662e-01 4.8576997584143945e-02 2.7646537762256029e+00
4.8518484463132609e-02 9.8761643970273749e-01 4.8576997584143945e-02 2.6934456472702695e+00
4.7881373050990356e-02 2.3522610206318209e-03 9.7582316071245345e-01 4.5896387008007578e-03
4.7420249253888304e-02 7.0341295023901044e-03 9.7582316071245345e-01 1.8461065289750056e-02
4.6502442533926207e-02 1.1648255471794043e-02 9.7582316071245345e-01 3.2176809367006232e-02
4.5136791871541487e-02 1.6150202373420450e-02 9.7582316071245345e-01 4.5601677426010429e-02
4.3336449229153501e-02 2.0496613997592148e-02 9.7582316071245345e-01 5.8602091994113231e-02
4.1118752890575837e-02 2.4645632024378080e-02 9.7582316071245345e-01 7.1047577001411927e-02
3.8505060483865143e-02 2.8557299142096343e-02 9.7582316071245345e-01 8.2812252064880215e-02
3.5520543295687643e-02 3.2193943858068536e-02 9.7582316071245345e-01 9.3776309011432996e-02
3.2193943858068536e-02 3.5520543295687643e-02 9.7582316071245345e-01 1.0382744332489097e-01
2.8557299142096350e-02 3.8505060483865136e-02 9.7582316071245345e-01 1.1286221360106241e-01
2.4645632024378080e-02 4.1118752890575837e-02 9.7582316071245345e-01 1.2078730348340919e-01
2.0496613997592152e-02 4.3336449229153501e-02 9.7582316071245345e-01 1.2752066282108923e-01
1.6150202373420450e-02 4.5136791871541487e-02 9.7582316071245345e-01 1.3299250778655100e-01
1.1648255471794048e-02 4.6502442533926207e-02 9.7582316071245345e-01 1.3714616322384285e-01
7.0341295023901044e-03 4.7420249253888304e-02 9.7582316071245345e-01 1.3993873436821114e-01
2.3522610206318266e-03 4.7881373050990356e-02 9.7582316071245345e-01 1.4134159908004723e-01
1.4318299535586901e-01 7.0341295023901036e-03 9.6642545023559101e-01 1.8233090876898006e-02
1.4180406483880487e-01 2.1034645994815967e-02 9.6642545023559101e-01 5.9774868520701407e-02
1.3905948365935597e-01 3.4832587347604589e-02 9.6642545023559101e-01 1.0114082836288106e-01
1.3497568363462117e-01 4.8295071842806639e-02 9.6642545023559101e-01 1.4189328937298673e-01
1.2959199399127080e-01 6.1292448395390678e-02 9.6642545023559101e-01 1.8158826629426611e-01
1.2296026260359447e-01 7.3699545164066557e-02 9.6642545023559101e-01 2.1978274609145104e-01
1.1514435667012861e-01 8.5396875024542962e-02 9.6642545023559101e-01 2.5604233733980042e-01
1.0621954763762131e-01 9.6271786295852507e-02 9.6642545023559101e-01 2.8994898744951980e-01
9.6271786295852507e-02 1.0621954763762131e-01 9.6642545023559101e-01 3.2110846428070589e-01
8.5396875024542976e-02 1.1514435667012859e-01 9.6642545023559101e-01 3.4915732135559308e-01
7.3699545164066557e-02 1.2296026260359447e-01 9.6642545023559101e-01 3.7376910657259005e-01
6.1292448395390692e-02 1.2959199399127080e-01 9.6642545023559101e-01 3.9465962865372128e-01
4.8295071842806639e-02 1.3497568363462117e-01 9.6642545023559101e-01 4.1159115808818469e-01
3.4832587347604610e-02 1.3905948365935597e-01 9.6642545023559101e-01 4.2437550420530706e-01
2.1034645994815967e-02 1.4180406483880487e-01 9.6642545023559101e-01 4.3287597153609969e-01
7.0341295023901200e-03 1.4318299535586901e-01 9.6642545023559101e-01 4.3700825188912940e-01
2.3710568714368352e-01 1.1648255471794043e-02 9.4772053437106940e-01 3.1504474813528971e-02
2.3482222976133671e-01 3.4832587347604596e-02 9.4772053437106940e-01 1.0006988218560420e-01
2.3027730593949983e-01 5.7681462365828558e-02 9.4772053437106940e-01 1.6889532017764053e-01
2.2351468577908531e-01 7.9974833369574824e-02 9.4772053437106940e-01 2.3717647588622751e-01
2.1459949700906214e-01 1.0149800300928107e-01 9.4772053437106940e-01 3.0407553113892621e-01
2.0361759777082358e-01 1.2204369139555554e-01 9.4772053437106940e-01 3.6874134640648670e-01
1.9067474975735063e-01 1.4141403231782274e-01 9.4772053437106940e-01 4.3033091627660508e-01
1.7589559967029347e-01 1.5942247880409571e-01 9.4772053437106940e-01 4.8803084474438141e-01
1.5942247880409571e-01 1.7589559967029347e-01 9.4772053437106940e-01 5.4107763771247919e-01
1.4141403231782276e-01 1.9067474975735063e-01 9.4772053437106940e-01 5.8877575513272618e-01
1.2204369139555554e-01 2.0361759777082358e-01 9.4772053437106940e-01 6.3051259096789591e-01
1.0149800300928108e-01 2.1459949700906214e-01 9.4772053437106940e-01 6.6576983261058276e-01
7.9974833369574824e-02 2.2351468577908531e-01 9.4772053437106940e-01 6.9413096268377394e-01
5.7681462365828585e-02 2.3027730593949983e-01 9.4772053437106940e-01 7.1528497193913454e-01
3.4832587347604596e-02 2.3482222976133671e-01 9.4772053437106940e-01 7.2902662051501577e-01
1.1648255471794069e-02 2.3710568714368352e-01 9.4772053437106940e-01 7.3525379083879150e-01
3.2874492154915119e-01 1.6150202373420450e-02 9.1988855168381134e-01 4.4035793236914367e-02
3.2557892824437851e-01 4.8295071842806639e-02 9.1988855168381134e-01 1.3837667231296055e-01
3.1927743188106600e-01 7.9974833369574824e-02 9.1988855168381134e-01 2.3394700746097055e-01
3.0990111931394082e-01 1.1088439353230299e-01 9.1988855168381134e-01 3.2948580532086219e-01
2.9754028955863809e-01 1.4072607636973969e-01 9.1988855168381134e-01 4.2364624281290725e-01
2.8231398416281833e-01 1.6921249016303722e-01 9.1988855168381134e-01 5.1504052461813421e-01
2.6436884077098849e-01 1.9606929517510832e-01 9.1988855168381134e-01 6.0228740576217243e-01
2.4387768092382506e-01 2.2103784569226367e-01 9.1988855168381134e-01 6.8405902540690988e-01
2.2103784569226367e-01 2.4387768092382506e-01 9.1988855168381134e-01 7.5912390649566097e-01
1.9606929517510838e-01 2.6436884077098843e-01 9.1988855168381134e-01 8.2638343010533832e-01
1.6921249016303722e-01 2.8231398416281833e-01 9.1988855168381134e-01 8.8489978247764500e-01
1.4072607636973974e-01 2.9754028955863809e-01 9.1988855168381134e-01 9.3391424206107199e-01
1.1088439353230299e-01 3.0990111931394082e-01 9.1988855168381134e-01 9.7285562034570350e-01
7.9974833369574852e-02 3.1927743188106600e-01 9.1988855168381134e-01 1.0013395677645553e+00
4.8295071842806639e-02 3.2557892824437851e-01 9.1988855168381134e-01 1.0191601905646315e+00
1.6150202373420484e-02 3.2874492154915119e-01 9.1988855168381134e-01 1.0262759195297937e+00
4.1721816264984618e-01 2.0496613997592148e-02 8.8319753938160417e-01 5.5483695911660635e-02
4.1320012366888054e-01 6.1292448395390678e-02 8.8319753938160417e-01 1.7385574232408471e-01
4.0520274161881947e-01 1.0149800300928105e-01 8.8319753938160417e-01 2.9502510541964322e-01
3.9330303566061880e-01 1.4072607636973972e-01 8.8319753938160417e-01 4.1716001669129776e-01
3.7761560646769698e-01 1.7859888068605917e-01 8.8319753938160417e-01 5.3825965021961952e-01
3.5829153255880297e-01 2.1475168014929247e-01 8.8319753938160417e-01 6.5624053092040280e-01
3.3551691532929279e-01 2.4883630353747821e-01 8.8319753938160417e-01 7.6902711940436441e-01
3.0951108679295869e-01 2.8052449729483764e-01 8.8319753938160417e-01 8.7463960332290991e-01
2.8052449729483764e-01 3.0951108679295869e-01 8.8319753938160417e-01 9.7127241266431330e-01
2.4883630353747827e-01 3.3551691532929273e-01 8.8319753938160417e-01 1.0573579164518567e+00
2.1475168014929247e-01 3.5829153255880297e-01 8.8319753938160417e-01 1.1316113199275750e+00
1.7859888068605920e-01 3.7761560646769698e-01 8.8319753938160417e-01 1.1930548660342146e+00
1.4072607636973972e-01 3.9330303566061880e-01 8.8319753938160417e-01 1.2410217085728046e+00
1.0149800300928111e-01 4.0520274161881947e-01 8.8319753938160417e-01 1.2751418625220523e+00
6.1292448395390678e-02 4.1320012366888054e-01 8.8319753938160417e-01 1.2953141524404908e+00
2.0496613997592193e-02 4.1721816264984618e-01 8.8319753938160417e-01 1.3016689404332766e+00
5.0167336476957547e-01 2.4645632024378080e-02 8.3800085197026586e-01 6.5577864198879260e-02
4.9684197602428715e-01 7.3699545164066571e-02 8.3800085197026586e-01 2.0587420675025442e-01
4.8722572744843329e-01 1.2204369139555554e-01 8.3800085197026586e-01 3.5117364033657450e-01
4.7291722877257564e-01 1.6921249016303724e-01 8.3800085197026586e-01 4.9894071671021789e-01
4.5405427866078368e-01 2.1475168014929247e-01 8.3800085197026586e-01 6.4635200389746417e-01
4.3081853763417144e-01 2.5822269406050008e-01 8.3800085197026586e-01 7.9044605965504522e-01
4.0343377858077323e-01 2.9920688226902181e-01 8.3800085197026586e-01 9.2827828691645664e-01
3.7216373170030537e-01 3.3730954463817314e-01 8.3800085197026586e-01 1.0570685883158215e+00
3.3730954463817314e-01 3.7216373170030537e-01 8.3800085197026586e-01 1.1743304051293249e+00
2.9920688226902187e-01 4.0343377858077317e-01 8.3800085197026586e-01 1.2779711147489741e+00
2.5822269406050008e-01 4.3081853763417144e-01 8.3800085197026586e-01 1.3663567989695415e+00
2.1475168014929252e-01 4.5405427866078368e-01 8.3800085197026586e-01 1.4383387883602818e+00
1.6921249016303724e-01 4.7291722877257564e-01 8.3800085197026586e-01 1.4932440235077054e+00
1.2204369139555560e-01 4.8722572744843329e-01 8.3800085197026586e-01 1.5308350865592719e+00
7.3699545164066571e-02 4.9684197602428715e-01 8.3800085197026586e-01 1.5512482117103839e+00
2.4645632024378139e-02 5.0167336476957547e-01 8.3800085197026586e-01 1.5549186503997321e+00
5.8129717814401660e-01 2.8557299142096346e-02 7.8473375825659009e-01 7.4161504450933280e-02
5.7569896854912839e-01 8.5396875024542976e-02 7.8473375825659009e-01 2.3405359334086182e-01
5.6455646317804342e-01 1.4141403231782276e-01 7.8473375825659009e-01 4.0179231888801159e-01
5.4797697044859828e-01 1.9606929517510835e-01 7.8473375825659009e-01 5.7399643567786329e-01
5.2612015993905015e-01 2.4883630353747824e-01 7.8473375825659009e-01 7.4683928578908132e-01
4.9919652468275399e-01 2.9920688226902181e-01 7.8473375825659009e-01 9.1628885417731853e-01
4.6746535400518407e-01 3.4669593516119518e-01 7.8473375825659009e-01 1.0783509826965449e+00
4.3123223642598779e-01 3.9084611667448954e-01 7.8473375825659009e-01 1.2292976865399261e+00
3.9084611667448954e-01 4.3123223642598779e-01 7.8473375825659009e-01 1.3658626467061925e+00
3.4669593516119523e-01 4.6746535400518402e-01 7.8473375825659009e-01 1.4853872910858366e+00
2.9920688226902181e-01 4.9919652468275399e-01 7.8473375825659009e-01 1.5859063535694320e+00
2.4883630353747829e-01 5.2612015993905015e-01 7.8473375825659009e-01 1.6661702484633711e+00
1.9606929517510835e-01 5.4797697044859828e-01 7.8473375825659009e-01 1.7256099650334398e+00
1.4141403231782282e-01 5.6455646317804342e-01 7.8473375825659009e-01 1.7642562469280363e+00
8.5396875024542976e-02 5.7569896854912839e-01 7.8473375825659009e-01 1.7826279802458331e+00
2.8557299142096412e-02 5.8129717814401660e-01 7.8473375825659009e-01 1.7816054380755397e+00
6.5532278192356930e-01 3.2193943858068536e-02 7.2390924947179502e-01 8.1208226527713367e-02
6.4901166529777266e-01 9.6271786295852507e-02 7.2390924947179502e-01 2.5827313770391885e-01
6.3645021154929315e-01 1.5942247880409571e-01 7.2390924947179502e-01 4.4661364337190917e-01
6.1775939434451776e-01 2.2103784569226370e-01 7.2390924947179502e-01 6.4186563082173520e-01
5.9311921647056842e-01 2.8052449729483764e-01 7.2390924947179502e-01 8.3902389086458451e-01
5.6276697631006267e-01 3.3730954463817314e-01 7.2390924947179502e-01 1.0328015809343336e+00
5.2699498252796839e-01 3.9084611667448949e-01 7.2390924947179502e-01 1.2179864240130838e+00
4.8614773897936814e-01 4.4061862694900955e-01 7.2390924947179502e-01 1.3897702301377888e+00
4.4061862694900955e-01 4.8614773897936814e-01 7.2390924947179502e-01 1.5440260452241690e+00
3.9084611667448960e-01 5.2699498252796839e-01 7.2390924947179502e-01 1.6775072903800594e+00
3.3730954463817314e-01 5.6276697631006267e-01 7.2390924947179502e-01 1.7879526019189442e+00
2.8052449729483775e-01 5.9311921647056842e-01 7.2390924947179502e-01 1.8740949596785785e+00
2.2103784569226370e-01 6.1775939434451776e-01 7.2390924947179502e-01 1.9355872417061466e+00
1.5942247880409580e-01 6.3645021154929315e-01 7.2390924947179502e-01 1.9728648539471876e+00
9.6271786295852507e-02 6.4901166529777266e-01 7.2390924947179502e-01 1.9869693832534947e+00
3.2193943858068612e-02 6.5532278192356930e-01 7.2390924947179502e-01 1.9793567020190170e+00
7.2303726907732546e-01 3.5520543295687643e-02 6.5611309888553693e-01 8.6806179548765128e-02
7.1607402492373418e-01 1.0621954763762131e-01 6.5611309888553693e-01 2.7862656107979106e-01
7.0221459646424711e-01 1.7589559967029347e-01 6.5611309888553693e-01 4.8562557903651266e-01
6.8159245757126341e-01 2.4387768092382509e-01 6.5611309888553693e-01 7.0234229086378419e-01
6.5440621071553040e-01 3.0951108679295869e-01 6.5611309888553693e-01 9.2244482880851497e-01
6.2091767431578293e-01 3.7216373170030531e-01 6.5611309888553693e-01 1.1392382163337242e+00
5.8144936128424685e-01 4.3123223642598774e-01 6.5611309888553693e-01 1.3461554506577262e+00
5.3638137305099032e-01 4.8614773897936814e-01 6.5611309888553693e-01 1.5372060121960580e+00
4.8614773897936814e-01 5.3638137305099032e-01 6.5611309888553693e-01 1.7073476605970987e+00
4.3123223642598779e-01 5.8144936128424674e-01 6.5611309888553693e-01 1.8527439700644810e+00
3.7216373170030531e-01 6.2091767431578293e-01 6.5611309888553693e-01 1.9708851236614344e+00
3.0951108679295880e-01 6.5440621071553040e-01 6.5611309888553693e-01 2.0605734936362206e+00
2.4387768092382509e-01 6.8159245757126341e-01 6.5611309888553693e-01 2.1217955711753222e+00
1.7589559967029356e-01 7.0221459646424711e-01 6.5611309888553693e-01 2.1555128783497706e+00
1.0621954763762131e-01 7.1607402492373418e-01 6.5611309888553693e-01 2.1634074852222178e+00
3.5520543295687719e-02 7.2303726907732546e-01 6.5611309888553693e-01 2.1476150711475803e+00
7.8378851207749023e-01 3.8505060483865136e-02 5.8199822048910743e-01 9.1115031589418582e-02
7.7624020024379980e-01 1.1514435667012859e-01 5.8199822048910743e-01 2.9534894210689688e-01
7.6121627094570432e-01 1.9067474975735060e-01 5.8199822048910743e-01 5.1897075558850425e-01
7.3886141283525963e-01 2.6436884077098843e-01 5.8199822048910743e-01 7.5535113726051573e-01
7.0939091541647781e-01 3.3551691532929273e-01 5.8199822048910743e-01 9.9673382027480262e-01
6.7308859568971446e-01 4.0343377858077312e-01 5.8199822048910743e-01 1.2349159123126314e+00
6.3030406483880486e-01 4.6746535400518396e-01 5.8199822048910743e-01 1.4618896967406039e+00
5.8144936128424674e-01 5.2699498252796828e-01 5.8199822048910743e-01 1.6704230452889604e+00
5.2699498252796828e-01 5.8144936128424674e-01 5.8199822048910743e-01 1.8545356477455206e+00
4.6746535400518407e-01 6.3030406483880475e-01 5.8199822048910743e-01 2.0098184170101638e+00
4.0343377858077312e-01 6.7308859568971446e-01 5.8199822048910743e-01 2.1335663939557361e+00
3.3551691532929279e-01 7.0939091541647781e-01 5.8199822048910743e-01 2.2247312003477351e+00
2.6436884077098843e-01 7.3886141283525963e-01 5.8199822048910743e-01 2.2837265209257356e+00
1.9067474975735069e-01 7.6121627094570432e-01 5.8199822048910743e-01 2.3121338899800863e+00
1.1514435667012859e-01 7.7624020024379980e-01 5.8199822048910743e-01 2.3123587931067355e+00
3.8505060483865219e-02 7.8378851207749023e-01 5.8199822048910743e-01 2.2872818178143106e+00
8.3699144324396479e-01 4.1118752890575837e-02 5.0227838107677758e-01 9.4315809353644475e-02
8.2893075809946071e-01 1.2296026260359448e-01 5.0227838107677758e-01 3.0874256131722483e-01
8.1288701661481255e-01 2.0361759777082358e-01 5.0227838107677758e-01 5.4685984558734702e-01
7.8901472879091894e-01 2.8231398416281839e-01 5.0227838107677758e-01 8.0085696074095147e-01
7.5754379780944392e-01 3.5829153255880303e-01 5.0227838107677758e-01 1.0615251349516153e+00
7.1877730593949996e-01 4.3081853763417138e-01 5.0227838107677758e-01 1.3191253600464681e+00
6.7308859568971457e-01 4.9919652468275399e-01 5.0227838107677758e-01 1.5641884721809536e+00
6.2091767431578304e-01 5.6276697631006267e-01 5.0227838107677758e-01 1.7882341635457997e+00
5.6276697631006267e-01 6.2091767431578304e-01 5.0227838107677758e-01 1.9843572875230415e+00
4.9919652468275405e-01 6.7308859568971446e-01 5.0227838107677758e-01 2.1476105992681025e+00
4.3081853763417138e-01 7.1877730593949996e-01 5.0227838107677758e-01 2.2751463621634138e+00
3.5829153255880308e-01 7.5754379780944392e-01 5.0227838107677758e-01 2.3661286764013352e+00
2.8231398416281839e-01 7.8901472879091894e-01 5.0227838107677758e-01 2.4214634093267815e+00
2.0361759777082369e-01 8.1288701661481255e-01 5.0227838107677758e-01 2.4434091481893683e+00
1.2296026260359448e-01 8.2893075809946071e-01 5.0227838107677758e-01 2.4351355658357017e+00
4.1118752890575934e-02 8.3699144324396479e-01 5.0227838107677758e-01 2.4002881464574681e+00
8.8213368926593505e-01 4.3336449229153501e-02 4.1772132628138570e-01 9.6577402207251140e-02
8.7363825961497743e-01 1.2959199399127083e-01 4.1772132628138570e-01 3.1912718400039342e-01
8.5672921594467510e-01 2.1459949700906217e-01 4.1772132628138570e-01 5.6952229413644173e-01
8.3156940158899673e-01 2.9754028955863815e-01 4.1772132628138570e-01 8.3882507007691176e-01
7.9840111931394087e-01 3.7761560646769698e-01 4.1772132628138570e-01 1.1164271393798706e+00
7.5754379780944392e-01 4.5405427866078368e-01 4.1772132628138570e-01 1.3911079652887219e+00
7.0939091541647803e-01 5.2612015993905015e-01 4.1772132628138570e-01 1.6519916457378558e+00
6.5440621071553040e-01 5.9311921647056842e-01 4.1772132628138570e-01 1.8894038957963584e+00
5.9311921647056842e-01 6.5440621071553040e-01 4.1772132628138570e-01 2.0955683919876638e+00
5.2612015993905026e-01 7.0939091541647792e-01 4.1772132628138570e-01 2.2650512790283210e+00
4.5405427866078368e-01 7.5754379780944392e-01 4.1772132628138570e-01 2.3949085795187672e+00
3.7761560646769710e-01 7.9840111931394087e-01 4.1772132628138570e-01 2.4845552546345337e+00
2.9754028955863815e-01 8.3156940158899673e-01 4.1772132628138570e-01 2.5354164495523968e+00
2.1459949700906225e-01 8.5672921594467510e-01 4.1772132628138570e-01 2.5504402179431511e+00
1.2959199399127083e-01 8.7363825961497743e-01 4.1772132628138570e-01 2.5335547190352123e+00
4.3336449229153598e-02 8.8213368926593505e-01 4.1772132628138570e-01 2.4891445159984853e+00
9.1878050563694769e-01 4.5136791871541487e-02 3.2914138676419896e-01 9.8052426092434586e-02
9.0993214711114956e-01 1.3497568363462120e-01 3.2914138676419896e-01 3.2682227617640652e-01
8.9232064458916149e-01 2.2351468577908531e-01 3.2914138676419896e-01 5.8719223829078360e-01
8.6611560646769703e-01 3.0990111931394082e-01 3.2914138676419896e-01 8.6921955135688433e-01
8.3156940158899673e-01 3.9330303566061880e-01 3.2914138676419896e-01 1.1610332058607395e+00
7.8901472879091894e-01 4.7291722877257564e-01 3.2914138676419896e-01 1.4500732897872690e+00
7.3886141283525975e-01 5.4797697044859828e-01 3.2914138676419896e-01 1.7241933920442147e+00
6.8159245757126352e-01 6.1775939434451776e-01 3.2914138676419896e-01 1.9726462232285988e+00
6.1775939434451776e-01 6.8159245757126352e-01 3.2914138676419896e-01 2.1868824411019987e+00
5.4797697044859839e-01 7.3886141283525963e-01 3.2914138676419896e-01 2.3610510691178153e+00
4.7291722877257564e-01 7.8901472879091894e-01 3.2914138676419896e-01 2.4921500001038330e+00
3.9330303566061892e-01 8.3156940158899673e-01 3.2914138676419896e-01 2.5798530841941107e+00
3.0990111931394082e-01 8.6611560646769703e-01 3.2914138676419896e-01 2.6260869832393094e+00
2.2351468577908543e-01 8.9232064458916149e-01 3.2914138676419896e-01 2.6344507224551021e+00
1.3497568363462120e-01 9.0993214711114956e-01 3.2914138676419896e-01 2.6095754558996278e+00
4.5136791871541591e-02 9.1878050563694769e-01 3.2914138676419896e-01 2.5565143392694778e+00
9.4657896348216208e-01 4.6502442533926207e-02 2.3739163576548891e-01 9.8895492900089532e-02
9.3746289061113175e-01 1.3905948365935600e-01 2.3739163576548891e-01 3.3214794531594694e-01
9.1931853763417137e-01 2.3027730593949983e-01 2.3739163576548891e-01 6.0010896122156288e-01
8.9232064458916149e-01 3.1927743188106600e-01 2.3739163576548891e-01 8.9201373530238959e-01
8.5672921594467499e-01 4.0520274161881942e-01 2.3739163576548891e-01 1.1949465352097777e+00
8.1288701661481244e-01 4.8722572744843323e-01 2.3739163576548891e-01 1.4952370545717875e+00
7.6121627094570432e-01 5.6455646317804331e-01 2.3739163576548891e-01 1.7796870011188062e+00
7.0221459646424711e-01 6.3645021154929304e-01 2.3739163576548891e-01 2.0366651219974918e+00
6.3645021154929304e-01 7.0221459646424711e-01 2.3739163576548891e-01 2.2569924965866774e+00
5.6455646317804342e-01 7.6121627094570432e-01 2.3739163576548891e-01 2.4344884643950948e+00
4.8722572744843323e-01 8.1288701661481244e-01 2.3739163576548891e-01 2.5661217279469692e+00
4.0520274161881953e-01 8.5672921594467499e-01 2.3739163576548891e-01 2.6518011707953701e+00
3.1927743188106600e-01 8.9232064458916149e-01 2.3739163576548891e-01 2.6938900439313294e+00
2.3027730593949991e-01 9.1931853763417137e-01 2.3739163576548891e-01 2.6965462842656134e+00
1.3905948365935600e-01 9.3746289061113175e-01 2.3739163576548891e-01 2.6649970285081270e+00
4.6502442533926311e-02 9.4657896348216208e-01 2.3739163576548891e-01 2.6048500715204512e+00
9.6526134845634626e-01 4.7420249253888304e-02 1.4335567354288842e-01 9.9281907600814845e-02
9.5596535400518412e-01 1.4180406483880487e-01 1.4335567354288842e-01 3.3542141351833621e-01
9.3746289061113175e-01 2.3482222976133668e-01 1.4335567354288842e-01 6.0850943092943499e-01
9.0993214711114956e-01 3.2557892824437851e-01 1.4335567354288842e-01 9.0719407997844470e-01
8.7363825961497743e-01 4.1320012366888054e-01 1.4335567354288842e-01 1.2178060084172595e+00
8.2893075809946060e-01 4.9684197602428709e-01 1.4335567354288842e-01 1.5258734024676786e+00
7.7624020024379992e-01 5.7569896854912828e-01 1.4335567354288842e-01 1.8174404594616727e+00
7.1607402492373418e-01 6.4901166529777266e-01 1.4335567354288842e-01 2.0802427526373455e+00
6.4901166529777266e-01 7.1607402492373418e-01 1.4335567354288842e-01 2.3046554482616415e+00
5.7569896854912839e-01 7.7624020024379980e-01 1.4335567354288842e-01 2.4842710124816212e+00
4.9684197602428709e-01 8.2893075809946060e-01 1.4335567354288842e-01 2.6160491774129224e+00
4.1320012366888065e-01 8.7363825961497743e-01 1.4335567354288842e-01 2.7000809880827252e+00
3.2557892824437851e-01 9.0993214711114956e-01 1.4335567354288842e-01 2.7390579851380590e+00
2.3482222976133679e-01 9.3746289061113175e-01 1.4335567354288842e-01 2.7375546123427137e+00
1.4180406483880487e-01 9.5596535400518412e-01 1.4335567354288842e-01 2.7012376678380678e+00
4.7420249253888415e-02 9.6526134845634626e-01 1.4335567354288842e-01 2.6361146612993078e+00
9.7464773897936818e-01 4.7881373050990356e-02 4.7939117817887511e-02 9.9404744155429103e-02
9.6526134845634637e-01 1.4318299535586901e-01 4.7939117817887511e-02 3.3693184763824346e-01
9.4657896348216208e-01 2.3710568714368352e-01 4.7939117817887511e-02 6.1260224933121332e-01
9.1878050563694769e-01 3.2874492154915125e-01 4.7939117817887511e-02 9.1475264444974158e-01
8.8213368926593505e-01 4.1721816264984618e-01 4.7939117817887511e-02 1.2293109989910973e+00
8.3699144324396479e-01 5.0167336476957547e-01 4.7939117817887511e-02 1.5413778732199632e+00
7.8378851207749045e-01 5.8129717814401649e-01 4.7939117817887511e-02 1.8365944035923460e+00
7.2303726907732546e-01 6.5532278192356919e-01 4.7939117817887511e-02 2.1023610072256491e+00
6.5532278192356919e-01 7.2303726907732546e-01 4.7939117817887511e-02 2.3288199883769547e+00
5.8129717814401660e-01 7.8378851207749034e-01 4.7939117817887511e-02 2.5094500377129956e+00
5.0167336476957547e-01 8.3699144324396479e-01 4.7939117817887511e-02 2.6412147106383634e+00
4.1721816264984629e-01 8.8213368926593505e-01 4.7939117817887511e-02 2.7243118843163989e+00
3.2874492154915125e-01 9.1878050563694769e-01 4.7939117817887511e-02 2.7616191650534421e+00
2.3710568714368363e-01 9.4657896348216208e-01 4.7939117817887511e-02 2.7579444339921766e+00
1.4318299535586901e-01 9.6526134845634637e-01 4.7939117817887511e-02 2.7191966145206328e+00
4.7881373050990467e-02 9.7464773897936818e-01 4.7939117817887511e-02 2.6515933953627093e+00
4.9748032114112710e-02 4.8997534971762357e-03 5.0754421060282040e-01 8.5718749416158757e-03
4.7836243138985185e-02 1.4510965712445640e-02 5.0754421060282040e-01 3.0444862583954735e-02
4.4086134166900680e-02 2.3564529653229090e-02 5.0754421060282040e-01 5.1216856146247658e-02
3.8641819782571057e-02 3.1712521934579414e-02 5.0754421060282040e-01 7.0044110280223337e-02
3.1712521934579414e-02 3.8641819782571057e-02 5.0754421060282040e-01 8.6146282952043685e-02
2.3564529653229097e-02 4.4086134166900673e-02 5.0754421060282040e-01 9.8846007615903037e-02
1.4510965712445640e-02 4.7836243138985192e-02 5.0754421060282040e-01 1.0760425062312665e-01
4.8997534971762444e-03 4.9748032114112710e-02 5.0754421060282040e-01 1.1204854087263053e-01
1.4733230736721059e-01 1.4510965712445640e-02 4.8803957122342650e-01 3.0384691090770188e-02
1.4167040941999853e-01 4.2975248862850958e-02 4.8803957122342650e-01 9.5907226276723323e-02
1.3056419708845690e-01 6.9788017300254135e-02 4.8803957122342650e-01 1.5920135165216459e-01
1.1444047588405114e-01 9.3918871370379547e-02 4.8803957122342650e-01 2.1732636982968867e-01
9.3918871370379547e-02 1.1444047588405114e-01 4.8803957122342650e-01 2.6746085144317661e-01
6.9788017300254163e-02 1.3056419708845687e-01 4.8803957122342650e-01 3.0712670895901589e-01
4.2975248862850958e-02 1.4167040941999856e-01 4.8803957122342650e-01 3.3437839782415618e-01
1.4510965712445666e-02 1.4733230736721056e-01 4.8803957122342650e-01 3.4793260161944073e-01
2.3925468467309649e-01 2.3564529653229090e-02 4.4977984481766109e-01 5.0341957196122278e-02
2.3006026131668234e-01 6.9788017300254135e-02 4.4977984481766109e-01 1.5741356575221022e-01
2.1202475113714905e-01 1.1332959058000143e-01 4.4977984481766109e-01 2.6260693491545983e-01
1.8584124867626542e-01 1.5251597124972588e-01 4.4977984481766109e-01 3.6024042290839325e-01
1.5251597124972588e-01 1.8584124867626542e-01 4.4977984481766109e-01 4.4477230099734755e-01
1.1332959058000147e-01 2.1202475113714903e-01 4.4977984481766109e-01 5.1140655866636453e-01
6.9788017300254135e-02 2.3006026131668236e-01 4.4977984481766109e-01 5.5655408897263026e-01
2.3564529653229128e-02 2.3925468467309646e-01 4.4977984481766109e-01 5.7807716266601306e-01
3.2198263862256821e-01 3.1712521934579421e-02 3.9423533121499588e-01 6.7481670848162256e-02
3.0960902639024696e-01 9.3918871370379547e-02 3.9423533121499588e-01 2.1190843314455035e-01
2.8533731290449088e-01 1.5251597124972588e-01 3.9423533121499588e-01 3.5612772745263149e-01
2.5010024650282381e-01 2.0525196788588729e-01 3.9423533121499588e-01 4.9109618810972999e-01
2.0525196788588729e-01 2.5010024650282381e-01 3.9423533121499588e-01 6.0796088144032212e-01
1.5251597124972593e-01 2.8533731290449083e-01 3.9423533121499588e-01 6.9927111467970804e-01
9.3918871370379547e-02 3.0960902639024696e-01 3.9423533121499588e-01 7.5981437888614112e-01
3.1712521934579470e-02 3.2198263862256821e-01 3.9423533121499588e-01 7.8693097369782172e-01
3.9233698033971870e-01 3.8641819782571057e-02 3.2354057492345922e-01 8.1206161029848789e-02
3.7725969021037670e-01 1.1444047588405114e-01 3.2354057492345922e-01 2.5715245038358547e-01
3.4768452175592168e-01 1.8584124867626542e-01 3.2354057492345922e-01 4.3547751967915560e-01
3.0474803211411272e-01 2.5010024650282375e-01 3.2354057492345922e-01 6.0340068309697870e-01
2.5010024650282375e-01 3.0474803211411272e-01 3.2354057492345922e-01 7.4844531822153071e-01
1.8584124867626550e-01 3.4768452175592163e-01 3.2354057492345922e-01 8.6043579795849368e-01
1.1444047588405114e-01 3.7725969021037675e-01 3.2354057492345922e-01 9.3276609046863368e-01
3.8641819782571120e-02 3.9233698033971864e-01 3.2354057492345922e-01 9.6270417032068134e-01
4.4761403192752713e-01 4.4086134166900673e-02 2.4041233578125890e-01 9.1293215804289118e-02
4.3041247570539332e-01 1.3056419708845687e-01 2.4041233578125890e-01 2.9175621403658741e-01
3.9667040941999854e-01 2.1202475113714903e-01 2.4041233578125890e-01 4.9748335999532312e-01
3.4768452175592163e-01 2.8533731290449083e-01 2.4041233578125890e-01 6.9205428066409547e-01
2.8533731290449083e-01 3.4768452175592163e-01 2.4041233578125890e-01 8.5951883015002895e-01
2.1202475113714908e-01 3.9667040941999848e-01 2.4041233578125890e-01 9.8723218150210934e-01
1.3056419708845687e-01 4.3041247570539337e-01 2.4041233578125890e-01 1.0675437845216216e+00
4.4086134166900749e-02 4.4761403192752708e-01 2.4041233578125890e-01 1.0980151239401446e+00
4.8568952729320197e-01 4.7836243138985185e-02 1.4804518539977579e-01 9.7796008424564262e-02
4.6702475113714903e-01 1.4167040941999856e-01 1.4804518539977579e-01 3.1500929462411081e-01
4.3041247570539343e-01 2.3006026131668234e-01 1.4804518539977579e-01 5.3995301647031380e-01
3.7725969021037675e-01 3.0960902639024696e-01 1.4804518539977579e-01 7.5327824482035488e-01
3.0960902639024696e-01 3.7725969021037675e-01 1.4804518539977579e-01 9.3627502584605615e-01
2.3006026131668242e-01 4.3041247570539337e-01 1.4804518539977579e-01 1.0744194779392358e+00
1.4167040941999856e-01 4.6702475113714909e-01 1.4804518539977579e-01 1.1593950980680248e+00
4.7836243138985268e-02 4.8568952729320192e-01 1.4804518539977579e-01 1.1891915435124403e+00
5.0510024650282381e-01 4.9748032114112710e-02 4.9988741568075992e-02 1.0088960684125264e-01
4.8568952729320186e-01 1.4733230736721059e-01 4.9988741568075992e-02 3.2663001958758009e-01
4.4761403192752713e-01 2.3925468467309646e-01 4.9988741568075992e-02 5.6150398478588548e-01
3.9233698033971864e-01 3.2198263862256815e-01 4.9988741568075992e-02 7.8452684871000766e-01
3.2198263862256815e-01 3.9233698033971864e-01 4.9988741568075992e-02 9.7545902190067035e-01
2.3925468467309655e-01 4.4761403192752708e-01 4.9988741568075992e-02 1.1187629421653547e+00
1.4733230736721059e-01 4.8568952729320192e-01 4.9988741568075992e-02 1.2058089612293483e+00
4.9748032114112793e-02 5.0510024650282370e-01 4.9988741568075992e-02 1.2348881770002995e+00
5.1016119207217547e-02 5.0246491745552383e-03 5.2048161204955901e-01 8.9268837156832870e-03
4.9055598356253435e-02 1.4880853073743275e-02 5.2048161204955901e-01 3.1492946415487832e-02
4.5209898371155015e-02 2.4165194134585909e-02 5.2048161204955901e-01 5.2926839510889057e-02
3.9626807345656205e-02 3.2520880336833403e-02 5.2048161204955901e-01 7.2356869725994255e-02
3.2520880336833403e-02 3.9626807345656205e-02 5.2048161204955901e-01 8.8976478436955386e-02
2.4165194134585920e-02 4.5209898371155008e-02 5.2048161204955901e-01 1.0208536096936838e-01
1.4880853073743275e-02 4.9055598356253442e-02 5.2048161204955901e-01 1.1112620153814520e-01
5.0246491745552469e-03 5.1016119207217547e-02 5.2048161204955901e-01 1.1571397233599420e-01
1.5108783677068849e-01 1.4880853073743273e-02 5.0047979558794520e-01 3.1413090768684537e-02
1.4528161593462596e-01 4.4070696382884404e-02 5.0047979558794520e-01 9.9017317817520323e-02
1.3389230407306463e-01 7.1566927545162570e-02 5.0047979558794520e-01 1.6435623321103565e-01
1.1735758605364459e-01 9.6312881817075480e-02 5.0047979558794520e-01 2.2437944982230298e-01
9.6312881817075480e-02 1.1735758605364459e-01 5.0047979558794520e-01 2.7615853249944777e-01
7.1566927545162598e-02 1.3389230407306460e-01 5.0047979558794520e-01 3.1712250684003984e-01
4.4070696382884404e-02 1.4528161593462596e-01 5.0047979558794520e-01 3.4525587900465171e-01
1.4880853073743299e-02 1.5108783677068849e-01 5.0047979558794520e-01 3.5923317823689360e-01
2.4535333349809699e-01 2.4165194134585909e-02 4.6124482125418970e-01 5.1964232557875190e-02
2.3592454248749972e-01 7.1566927545162584e-02 4.6124482125418970e-01 1.6242559758644479e-01
2.1742930361711560e-01 1.1621838406537402e-01 4.6124482125418970e-01 2.7104729360483276e-01
1.9057837854448395e-01 1.5640363326197379e-01 4.6124482125418970e-01 3.7190831668420898e-01
1.5640363326197379e-01 1.9057837854448395e-01 4.6124482125418970e-01 4.5923299155123259e-01
1.1621838406537406e-01 2.1742930361711557e-01 4.6124482125418970e-01 5.2803248934042846e-01
7.1566927545162584e-02 2.3592454248749975e-01 4.6124482125418970e-01 5.7458932362311299e-01
2.4165194134585951e-02 2.4535333349809696e-01 4.6124482125418970e-01 5.9670863769729632e-01
3.3019003921490819e-01 3.2520880336833403e-02 4.0428446710871146e-01 6.9577886934622968e-02
3.1750102118058654e-01 9.6312881817075494e-02 4.0428446710871146e-01 2.1854458373231658e-01
2.9261061695891905e-01 1.5640363326197379e-01 4.0428446710871146e-01 3.6749408097805020e-01
2.5647535082544476e-01 2.1048388079278246e-01 4.0428446710871146e-01 5.0695942481134026e-01
2.1048388079278246e-01 2.5647535082544476e-01 4.0428446710871146e-01 6.2767930051889875e-01
1.5640363326197385e-01 2.9261061695891899e-01 4.0428446710871146e-01 7.2188782012722130e-01
9.6312881817075494e-02 3.1750102118058660e-01 4.0428446710871146e-01 7.8419463274964885e-01
3.2520880336833459e-02 3.3019003921490814e-01 4.0428446710871146e-01 8.1190146555897758e-01
4.0233772689739783e-01 3.9626807345656198e-02 3.3178768761758659e-01 8.3642806478871734e-02
3.8687611368632746e-01 1.1735758605364460e-01 3.3178768761758659e-01 2.6507438147960855e-01
3.5654706838891576e-01 1.9057837854448395e-01 3.3178768761758659e-01 4.4928138336991225e-01
3.1251611920721756e-01 2.5647535082544476e-01 3.3178768761758659e-01 6.2283219621608954e-01
2.5647535082544476e-01 3.1251611920721756e-01 3.3178768761758659e-01 7.7263334366181557e-01
1.9057837854448403e-01 3.5654706838891576e-01 3.3178768761758659e-01 8.8806235864317196e-01
1.1735758605364460e-01 3.8687611368632752e-01 3.3178768761758659e-01 9.6230478411491172e-01
3.9626807345656268e-02 4.0233772689739777e-01 3.3178768761758659e-01 9.9264600033243378e-01
4.5902380136881704e-01 4.5209898371155001e-02 2.4654049335999687e-01 9.3948487035061867e-02
4.4138377410572688e-01 1.3389230407306460e-01 2.4654049335999687e-01 3.0061461648180221e-01
4.0678161593462597e-01 2.1742930361711557e-01 2.4654049335999687e-01 5.1316400554808927e-01
3.5654706838891570e-01 2.9261061695891899e-01 2.4654049335999687e-01 7.1428746851731328e-01
2.9261061695891899e-01 3.5654706838891570e-01 2.4654049335999687e-01 8.8720546130094347e-01
2.1742930361711563e-01 4.0678161593462592e-01 2.4654049335999687e-01 1.0187032242186669e+00
1.3389230407306460e-01 4.4138377410572693e-01 2.4654049335999687e-01 1.1009110078418081e+00
4.5209898371155077e-02 4.5902380136881699e-01 2.4654049335999687e-01 1.1314867890543998e+00
4.9806984857714637e-01 4.9055598356253442e-02 1.5181888620408379e-01 1.0057477907481999e-01
4.7892930361711561e-01 1.4528161593462599e-01 1.5181888620408379e-01 3.2447281233816783e-01
4.4138377410572699e-01 2.3592454248749975e-01 1.5181888620408379e-01 5.5690954263761749e-01
3.8687611368632752e-01 3.1750102118058660e-01 1.5181888620408379e-01 7.7744658694123070e-01
3.1750102118058660e-01 3.8687611368632752e-01 1.5181888620408379e-01 9.6636854995403410e-01
2.3592454248749983e-01 4.4138377410572693e-01 1.5181888620408379e-01 1.1084860776070182e+00
1.4528161593462599e-01 4.7892930361711566e-01 1.5181888620408379e-01 1.1952658177204358e+00
4.9055598356253526e-02 4.9806984857714631e-01 1.5181888620408379e-01 1.2248701109112532e+00
5.1797535082544477e-01 5.1016119207217547e-02 5.1262964392360284e-02 1.0372567238636532e-01
4.9806984857714626e-01 1.5108783677068852e-01 5.1262964392360284e-02 3.3639331439757547e-01
4.5902380136881710e-01 2.4535333349809696e-01 5.1262964392360284e-02 5.7911139199704653e-01
4.0233772689739777e-01 3.3019003921490819e-01 5.1262964392360284e-02 8.0969058274314565e-01
3.3019003921490819e-01 4.0233772689739777e-01 5.1262964392360284e-02 1.0067855808565354e+00
2.4535333349809707e-01 4.5902380136881704e-01 5.1262964392360284e-02 1.1541411241378290e+00
1.5108783677068852e-01 4.9806984857714631e-01 5.1262964392360284e-02 1.2429161852935442e+00
5.1016119207217631e-02 5.1797535082544477e-01 5.1262964392360284e-02 1.2716211798882773e+00
1.0000000000000000e-02 0.0000000000000000e+00 5.3333333333333333e-01 -2.6170610581765508e-03
1.0000000000000000e-02 0.0000000000000000e+00 5.9999999999999998e-01 -2.5932855061154836e-03
1.0000000000000000e-02 0.0000000000000000e+00 6.6666666666666663e-01 -2.5692581107022994e-03
1.0000000000000000e-02 0.0000000000000000e+00 7.3333333333333328e-01 -2.5412106123320066e-03
1.0000000000000000e-02 0.0000000000000000e+00 8.0000000000000004e-01 -2.5049024582565749e-03
1.0000000000000000e-02 0.0000000000000000e+00 8.6666666666666670e-01 -2.4523881788505730e-03
1.0000000000000000e-02 0.0000000000000000e+00 9.3333333333333335e-01 -2.3683029861549798e-03
1.0000000000000000e-02 6.6666666666666666e-02 5.3333333333333333e-01 1.5396991790183484e-01
1.0000000000000000e-02 6.6666666666666666e-02 5.9999999999999998e-01 1.5901609198402245e-01
1.0000000000000000e-02 6.6666666666666666e-02 6.6666666666666663e-01 1.6468654300496033e-01
1.0000000000000000e-02 6.6666666666666666e-02 7.3333333333333328e-01 1.7097639865972958e-01
1.0000000000000000e-02 6.6666666666666666e-02 8.0000000000000004e-01 1.7787474104078360e-01
1.0000000000000000e-02 6.6666666666666666e-02 8.6666666666666670e-01 1.8536734470893163e-01
1.0000000000000000e-02 6.6666666666666666e-02 9.3333333333333335e-01 1.9344028045077105e-01
1.0000000000000000e-02 1.3333333333333333e-01 5.3333333333333333e-01 3.1893402807420945e-01
1.0000000000000000e-02 1.3333333333333333e-01 5.9999999999999998e-01 3.2897124646846410e-01
1.0000000000000000e-02 1.3333333333333333e-01 6.6666666666666663e-01 3.4024155232506365e-01
1.0000000000000000e-02 1.3333333333333333e-01 7.3333333333333328e-01 3.5273654987124742e-01
1.0000000000000000e-02 1.3333333333333333e-01 8.0000000000000004e-01 3.6643692380136816e-01
1.0000000000000000e-02 1.3333333333333333e-01 8.6666666666666670e-01 3.8131413573233036e-01
1.0000000000000000e-02 1.3333333333333333e-01 9.3333333333333335e-01 3.9733327715594746e-01
1.0000000000000000e-02 2.0000000000000001e-01 4.6666666666666667e-01 4.7844883086290385e-01
1.0000000000000000e-02 2.0000000000000001e-01 5.3333333333333333e-01 4.9160904151769746e-01
1.0000000000000000e-02 2.0000000000000001e-01 5.9999999999999998e-01 5.0658841809889321e-01
1.0000000000000000e-02 2.0000000000000001e-01 6.6666666666666663e-01 5.2339169357667337e-01
1.0000000000000000e-02 2.0000000000000001e-01 7.3333333333333328e-01 5.4201057606344349e-01
1.0000000000000000e-02 2.0000000000000001e-01 8.0000000000000004e-01 5.6242274928875957e-01
1.0000000000000000e-02 2.0000000000000001e-01 8.6666666666666670e-01 5.8459215671962128e-01
1.0000000000000000e-02 2.0000000000000001e-01 9.3333333333333335e-01 6.0847059054513819e-01
1.0000000000000000e-02 2.6666666666666666e-01 4.6666666666666667e-01 6.5383591019688747e-01
1.0000000000000000e-02 2.6666666666666666e-01 5.3333333333333333e-01 6.7130278097340312e-01
1.0000000000000000e-02 2.6666666666666666e-01 5.9999999999999998e-01 6.9115871721131183e-01
1.0000000000000000e-02 2.6666666666666666e-01 6.6666666666666663e-01 7.1341062780439946e-01
1.0000000000000000e-02 2.6666666666666666e-01 7.3333333333333328e-01 7.3805235161378546e-01
1.0000000000000000e-02 2.6666666666666666e-01 8.0000000000000004e-01 7.6506226069495542e-01
1.0000000000000000e-02 2.6666666666666666e-01 8.6666666666666670e-01 7.9440195594521179e-01
1.0000000000000000e-02 2.6666666666666666e-01 9.3333333333333335e-01 8.2601624712270916e-01
1.0000000000000000e-02 3.3333333333333331e-01 4.0000000000000002e-01 8.1681996885076991e-01
1.0000000000000000e-02 3.3333333333333331e-01 4.6666666666666667e-01 8.3560352910148472e-01
1.0000000000000000e-02 3.3333333333333331e-01 5.3333333333333333e-01 8.5731233111337735e-01
1.0000000000000000e-02 3.3333333333333331e-01 5.9999999999999998e-01 8.8196269331972466e-01
1.0000000000000000e-02 3.3333333333333331e-01 6.6666666666666663e-01 9.0956303600850252e-01
1.0000000000000000e-02 3.3333333333333331e-01 7.3333333333333328e-01 9.4010986929232421e-01
1.0000000000000000e-02 3.3333333333333331e-01 8.0000000000000004e-01 9.7358413408311129e-01
1.0000000000000000e-02 3.3333333333333331e-01 8.6666666666666670e-01 1.0099483075742688e+00
1.0000000000000000e-02 3.3333333333333331e-01 9.3333333333333335e-01 1.0491446036041414e+00
1.0000000000000000e-02 4.0000000000000002e-01 3.3333333333333331e-01 9.8172444083344024e-01
1.0000000000000000e-02 4.0000000000000002e-01 4.0000000000000002e-01 1.0006782876797800e+00
1.0000000000000000e-02 4.0000000000000002e-01 4.6666666666666667e-01 1.0230807676569496e+00
1.0000000000000000e-02 4.0000000000000002e-01 5.3333333333333333e-01 1.0489476301247072e+00
1.0000000000000000e-02 4.0000000000000002e-01 5.9999999999999998e-01 1.0782930474366166e+00
1.0000000000000000e-02 4.0000000000000002e-01 6.6666666666666663e-01 1.1111256359018244e+00
1.0000000000000000e-02 4.0000000000000002e-01 7.3333333333333328e-01 1.1474438887028435e+00
1.0000000000000000e-02 4.0000000000000002e-01 8.0000000000000004e-01 1.1872314756093041e+00
1.0000000000000000e-02 4.0000000000000002e-01 8.6666666666666670e-01 1.2304528810606883e+00
1.0000000000000000e-02 4.6666666666666667e-01 2.0000000000000001e-01 1.1357695385125586e+00
1.0000000000000000e-02 4.6666666666666667e-01 2.6666666666666666e-01 1.1497762991123606e+00
1.0000000000000000e-02 4.6666666666666667e-01 3.3333333333333331e-01 1.1677526509341578e+00
1.0000000000000000e-02 4.6666666666666667e-01 4.0000000000000002e-01 1.1897022183301647e+00
1.0000000000000000e-02 4.6666666666666667e-01 4.6666666666666667e-01 1.2156323616237965e+00
1.0000000000000000e-02 4.6666666666666667e-01 5.3333333333333333e-01 1.2455532892028189e+00
1.0000000000000000e-02 4.6666666666666667e-01 5.9999999999999998e-01 1.2794756066950104e+00
1.0000000000000000e-02 4.6666666666666667e-01 6.6666666666666663e-01 1.3174064843464961e+00
1.0000000000000000e-02 4.6666666666666667e-01 7.3333333333333328e-01 1.3593447715029627e+00
1.0000000000000000e-02 4.6666666666666667e-01 8.0000000000000004e-01 1.4052754907450780e+00
1.0000000000000000e-02 4.6666666666666667e-01 8.6666666666666670e-01 1.4551641910573017e+00
1.0000000000000000e-02 5.3333333333333333e-01 0.0000000000000000e+00 1.3017914473661383e+00
1.0000000000000000e-02 5.3333333333333333e-01 6.6666666666666666e-02 1.3041153039114719e+00
1.0000000000000000e-02 5.3333333333333333e-01 1.3333333333333333e-01 1.3109457947518728e+00
1.0000000000000000e-02 5.3333333333333333e-01 2.0000000000000001e-01 1.3222853436869242e+00
1.0000000000000000e-02 5.3333333333333333e-01 2.6666666666666666e-01 1.3381307984792539e+00
1.0000000000000000e-02 5.3333333333333333e-01 3.3333333333333331e-01 1.3584777171720643e+00
1.0000000000000000e-02 5.3333333333333333e-01 4.0000000000000002e-01 1.3833235340990848e+00
1.0000000000000000e-02 5.3333333333333333e-01 4.6666666666666667e-01 1.4126692202326570e+00
1.0000000000000000e-02 5.3333333333333333e-01 5.3333333333333333e-01 1.4465191997624061e+00
1.0000000000000000e-02 5.3333333333333333e-01 5.9999999999999998e-01 1.4848794556425524e+00
1.0000000000000000e-02 5.3333333333333333e-01 6.6666666666666663e-01 1.5277539288299027e+00
1.0000000000000000e-02 5.3333333333333333e-01 7.3333333333333328e-01 1.5751394687951581e+00
1.0000000000000000e-02 5.3333333333333333e-01 8.0000000000000004e-01 1.6270197103514261e+00
1.0000000000000000e-02 5.9999999999999998e-01 0.0000000000000000e+00 1.4905099753348199e+00
1.0000000000000000e-02 5.9999999999999998e-01 6.6666666666666666e-02 1.4930427158694739e+00
1.0000000000000000e-02 5.9999999999999998e-01 1.3333333333333333e-01 1.5005955541674862e+00
1.0000000000000000e-02 5.9999999999999998e-01 2.0000000000000001e-01 1.5131739248312934e+00
1.0000000000000000e-02 5.9999999999999998e-01 2.6666666666666666e-01 1.5307745600215510e+00
1.0000000000000000e-02 5.9999999999999998e-01 3.3333333333333331e-01 1.5533905223851439e+00
1.0000000000000000e-02 5.9999999999999998e-01 4.0000000000000002e-01 1.5810151030154151e+00
1.0000000000000000e-02 5.9999999999999998e-01 4.6666666666666667e-01 1.6136441664492973e+00
1.0000000000000000e-02 5.9999999999999998e-01 5.3333333333333333e-01 1.6512766568740309e+00
1.0000000000000000e-02 5.9999999999999998e-01 5.9999999999999998e-01 1.6939131344472933e+00
1.0000000000000000e-02 5.9999999999999998e-01 6.6666666666666663e-01 1.7415523697860205e+00
1.0000000000000000e-02 5.9999999999999998e-01 7.3333333333333328e-01 1.7941861722662793e+00
1.0000000000000000e-02 6.6666666666666663e-01 0.0000000000000000e+00 1.6832600462803782e+00
1.0000000000000000e-02 6.6666666666666663e-01 6.6666666666666666e-02 1.6859895688861328e+00
1.0000000000000000e-02 6.6666666666666663e-01 1.3333333333333333e-01 1.6942231233053779e+00
1.0000000000000000e-02 6.6666666666666663e-01 2.0000000000000001e-01 1.7079716693712745e+00
1.0000000000000000e-02 6.6666666666666663e-01 2.6666666666666666e-01 1.7272346558652720e+00
1.0000000000000000e-02 6.6666666666666663e-01 3.3333333333333331e-01 1.7520054196855188e+00
1.0000000000000000e-02 6.6666666666666663e-01 4.0000000000000002e-01 1.7822754378301040e+00
1.0000000000000000e-02 6.6666666666666663e-01 4.6666666666666667e-01 1.8180370088908404e+00
1.0000000000000000e-02 6.6666666666666663e-01 5.3333333333333333e-01 1.8592840519789715e+00
1.0000000000000000e-02 6.6666666666666663e-01 5.9999999999999998e-01 1.9060108433812777e+00
1.0000000000000000e-02 6.6666666666666663e-01 6.6666666666666663e-01 1.9582086517523032e+00
1.0000000000000000e-02 6.6666666666666663e-01 7.3333333333333328e-01 2.0158603702531228e+00
1.0000000000000000e-02 7.3333333333333328e-01 0.0000000000000000e+00 1.8795872698896394e+00
1.0000000000000000e-02 7.3333333333333328e-01 6.6666666666666666e-02 1.8825012589751975e+00
1.0000000000000000e-02 7.3333333333333328e-01 1.3333333333333333e-01 1.8913715334383336e+00
1.0000000000000000e-02 7.3333333333333328e-01 2.0000000000000001e-01 1.9062168483610475e+00
1.0000000000000000e-02 7.3333333333333328e-01 2.6666666666666666e-01 1.9270419453257315e+00
1.0000000000000000e-02 7.3333333333333328e-01 3.3333333333333331e-01 1.9538429524168799e+00
1.0000000000000000e-02 7.3333333333333328e-01 4.0000000000000002e-01 1.9866116084463368e+00
1.0000000000000000e-02 7.3333333333333328e-01 4.6666666666666667e-01 2.0253379031451479e+00
1.0000000000000000e-02 7.3333333333333328e-01 5.3333333333333333e-01 2.0700108146175475e+00
1.0000000000000000e-02 7.3333333333333328e-01 5.9999999999999998e-01 2.1206169352385644e+00
1.0000000000000000e-02 7.3333333333333328e-01 6.6666666666666663e-01 2.1771368996674156e+00
1.0000000000000000e-02 8.0000000000000004e-01 0.0000000000000000e+00 2.0790325910986991e+00
1.0000000000000000e-02 8.0000000000000004e-01 6.6666666666666666e-02 2.0821160770449292e+00
1.0000000000000000e-02 8.0000000000000004e-01 1.3333333333333333e-01 2.0915759924124901e+00
1.0000000000000000e-02 8.0000000000000004e-01 2.0000000000000001e-01 2.1074406245193074e+00
1.0000000000000000e-02 8.0000000000000004e-01 2.6666666666666666e-01 2.1297219459930554e+00
1.0000000000000000e-02 8.0000000000000004e-01 3.3333333333333331e-01 2.1584206782590267e+00
1.0000000000000000e-02 8.0000000000000004e-01 4.0000000000000002e-01 2.1935301185866076e+00
1.0000000000000000e-02 8.0000000000000004e-01 4.6666666666666667e-01 2.2350383523796031e+00
1.0000000000000000e-02 8.0000000000000004e-01 5.3333333333333333e-01 2.2829285449356265e+00
1.0000000000000000e-02 8.6666666666666670e-01 0.0000000000000000e+00 2.2811349465087711e+00
1.0000000000000000e-02 8.6666666666666670e-01 6.6666666666666666e-02 2.2843690464774493e+00
1.0000000000000000e-02 8.6666666666666670e-01 1.3333333333333333e-01 2.2943685202501820e+00
1.0000000000000000e-02 8.6666666666666670e-01 2.0000000000000001e-01 2.3111721510356498e+00
1.0000000000000000e-02 8.6666666666666670e-01 2.6666666666666666e-01 2.3348001097832189e+00
1.0000000000000000e-02 8.6666666666666670e-01 3.3333333333333331e-01 2.3652583762882484e+00
1.0000000000000000e-02 8.6666666666666670e-01 4.0000000000000002e-01 2.4025418222906230e+00
1.0000000000000000e-02 8.6666666666666670e-01 4.6666666666666667e-01 2.4466356210229150e+00
1.0000000000000000e-02 9.3333333333333335e-01 0.0000000000000000e+00 2.4854472610760081e+00
1.0000000000000000e-02 9.3333333333333335e-01 6.6666666666666666e-02 2.4888099763696054e+00
1.0000000000000000e-02 9.3333333333333335e-01 1.3333333333333333e-01 2.4992974333121007e+00
1.0000000000000000e-02 9.3333333333333335e-01 2.0000000000000001e-01 2.5169588717511773e+00
1.0000000000000000e-02 9.3333333333333335e-01 2.6666666666666666e-01 2.5418223429474653e+00
1.0000000000000000e-02 9.3333333333333335e-01 3.3333333333333331e-01 2.5738982145941014e+00
1.3000000000000001e-02 0.0000000000000000e+00 5.3333333333333333e-01 -2.6074740265221719e-03
1.3000000000000001e-02 0.0000000000000000e+00 5.9999999999999998e-01 -2.5852060475741734e-03
1.3000000000000001e-02 0.0000000000000000e+00 6.6666666666666663e-01 -2.5628808819116999e-03
1.3000000000000001e-02 0.0000000000000000e+00 7.3333333333333328e-01 -2.5367971915665477e-03
1.3000000000000001e-02 0.0000000000000000e+00 8.0000000000000004e-01 -2.5028121317756391e-03
1.3000000000000001e-02 0.0000000000000000e+00 8.6666666666666670e-01 -2.4530971135821866e-03
1.3000000000000001e-02 0.0000000000000000e+00 9.3333333333333335e-01 -2.3724088921527609e-03
1.3000000000000001e-02 6.6666666666666666e-02 5.3333333333333333e-01 1.5399199541524680e-01
1.3000000000000001e-02 6.6666666666666666e-02 5.9999999999999998e-01 1.5903680467660158e-01
1.3000000000000001e-02 6.6666666666666666e-02 6.6666666666666663e-01 1.6470554931756398e-01
1.3000000000000001e-02 6.6666666666666666e-02 7.3333333333333328e-01 1.7099339775804578e-01
1.3000000000000001e-02 6.6666666666666666e-02 8.0000000000000004e-01 1.7788947705132677e-01
1.3000000000000001e-02 6.6666666666666666e-02 8.6666666666666670e-01 1.8537961186300922e-01
1.3000000000000001e-02 6.6666666666666666e-02 9.3333333333333335e-01 1.9344993010445452e-01
1.3000000000000001e-02 1.3333333333333333e-01 5.3333333333333333e-01 3.1899512461824842e-01
1.3000000000000001e-02 1.3333333333333333e-01 5.9999999999999998e-01 3.2903123183955596e-01
1.3000000000000001e-02 1.3333333333333333e-01 6.6666666666666663e-01 3.4029995809995900e-01
1.3000000000000001e-02 1.3333333333333333e-01 7.3333333333333328e-01 3.5279303668881073e-01
1.3000000000000001e-02 1.3333333333333333e-01 8.0000000000000004e-01 3.6649132150744762e-01
1.3000000000000001e-02 1.3333333333333333e-01 8.6666666666666670e-01 3.8136647633921905e-01
1.3000000000000001e-02 1.3333333333333333e-01 9.3333333333333335e-01 3.9738381885276425e-01
1.3000000000000001e-02 2.0000000000000001e-01 4.6666666666666667e-01 4.7857550950085403e-01
1.3000000000000001e-02 2.0000000000000001e-01 5.3333333333333333e-01 4.9173556772645194e-01
1.3000000000000001e-02 2.0000000000000001e-01 5.9999999999999998e-01 5.0671414317379704e-01
1.3000000000000001e-02 2.0000000000000001e-01 6.6666666666666663e-01 5.2351608606673061e-01
1.3000000000000001e-02 2.0000000000000001e-01 7.3333333333333328e-01 5.4213330045370023e-01
1.3000000000000001e-02 2.0000000000000001e-01 8.0000000000000004e-01 5.6254373792886447e-01
1.3000000000000001e-02 2.0000000000000001e-01 8.6666666666666670e-01 5.8471166953500653e-01
1.3000000000000001e-02 2.0000000000000001e-01 9.3333333333333335e-01 6.0858925767106142e-01
1.3000000000000001e-02 2.6666666666666666e-01 4.6666666666666667e-01 6.5405438975119479e-01
1.3000000000000001e-02 2.6666666666666666e-01 5.3333333333333333e-01 6.7152138887182855e-01
1.3000000000000001e-02 2.6666666666666666e-01 5.9999999999999998e-01 6.9137681116414895e-01
1.3000000000000001e-02 2.6666666666666666e-01 6.6666666666666663e-01 7.1362770744053916e-01
1.3000000000000001e-02 2.6666666666666666e-01 7.3333333333333328e-01 7.3826816000693152e-01
1.3000000000000001e-02 2.6666666666666666e-01 8.0000000000000004e-01 7.6527687921657828e-01
1.3000000000000001e-02 2.6666666666666666e-01 8.6666666666666670e-01 7.9461588457267363e-01
1.3000000000000001e-02 2.6666666666666666e-01 9.3333333333333335e-01 8.2623046240032993e-01
1.3000000000000001e-02 3.3333333333333331e-01 4.0000000000000002e-01 8.1715668927401253e-01
1.3000000000000001e-02 3.3333333333333331e-01 4.6666666666666667e-01 8.3594104327672225e-01
1.3000000000000001e-02 3.3333333333333331e-01 5.3333333333333333e-01 8.5765005379385451e-01
1.3000000000000001e-02 3.3333333333333331e-01 5.9999999999999998e-01 8.8230009562860712e-01
1.3000000000000001e-02 3.3333333333333331e-01 6.6666666666666663e-01 9.0989975420924041e-01
1.3000000000000001e-02 3.3333333333333331e-01 7.3333333333333328e-01 9.4044581576952346e-01
1.3000000000000001e-02 3.3333333333333331e-01 8.0000000000000004e-01 9.7391960253993892e-01
1.3000000000000001e-02 3.3333333333333331e-01 8.6666666666666670e-01 1.0102840630364029e+00
1.3000000000000001e-02 3.3333333333333331e-01 9.3333333333333335e-01 1.0494819471111627e+00
1.3000000000000001e-02 4.0000000000000002e-01 3.3333333333333331e-01 9.8220720411105433e-01
1.3000000000000001e-02 4.0000000000000002e-01 4.0000000000000002e-01 1.0011619370830120e+00
1.3000000000000001e-02 4.0000000000000002e-01 4.6666666666666667e-01 1.0235648998929183e+00
1.3000000000000001e-02 4.0000000000000002e-01 5.3333333333333333e-01 1.0494318339085589e+00
1.3000000000000001e-02 4.0000000000000002e-01 5.9999999999999998e-01 1.0787769995514349e+00
1.3000000000000001e-02 4.0000000000000002e-01 6.6666666666666663e-01 1.1116092051488551e+00
1.3000000000000001e-02 4.0000000000000002e-01 7.3333333333333328e-01 1.1479272421755016e+00
1.3000000000000001e-02 4.0000000000000002e-01 8.0000000000000004e-01 1.1877151794150476e+00
1.3000000000000001e-02 4.0000000000000002e-01 8.6666666666666670e-01 1.2309379854996103e+00
1.3000000000000001e-02 4.6666666666666667e-01 2.0000000000000001e-01 1.1364268720683655e+00
1.3000000000000001e-02 4.6666666666666667e-01 2.6666666666666666e-01 1.1504341818980701e+00
1.3000000000000001e-02 4.6666666666666667e-01 3.3333333333333331e-01 1.1684109584383986e+00
1.3000000000000001e-02 4.6666666666666667e-01 4.0000000000000002e-01 1.1903607328636887e+00
1.3000000000000001e-02 4.6666666666666667e-01 4.6666666666666667e-01 1.2162908405753972e+00
1.3000000000000001e-02 4.6666666666666667e-01 5.3333333333333333e-01 1.2462115415787023e+00
1.3000000000000001e-02 4.6666666666666667e-01 5.9999999999999998e-01 1.2801335767000914e+00
1.3000000000000001e-02 4.6666666666666667e-01 6.6666666666666663e-01 1.3180643394847158e+00
1.3000000000000001e-02 4.6666666666666667e-01 7.3333333333333328e-01 1.3600029905901083e+00
1.3000000000000001e-02 4.6666666666666667e-01 8.0000000000000004e-01 1.4059349446859695e+00
1.3000000000000001e-02 4.6666666666666667e-01 8.6666666666666670e-01 1.4558262067149257e+00
1.3000000000000001e-02 5.3333333333333333e-01 0.0000000000000000e+00 1.3026545286061739e+00
1.3000000000000001e-02 5.3333333333333333e-01 6.6666666666666666e-02 1.3049779485198112e+00
1.3000000000000001e-02 5.3333333333333333e-01 1.3333333333333333e-01 1.3118082270000389e+00
1.3000000000000001e-02 5.3333333333333333e-01 2.0000000000000001e-01 1.3231476125353434e+00
1.3000000000000001e-02 5.3333333333333333e-01 2.6666666666666666e-01 1.3389928285482138e+00
1.3000000000000001e-02 5.3333333333333333e-01 3.3333333333333331e-01 1.3593393672363883e+00
1.3000000000000001e-02 5.3333333333333333e-01 4.0000000000000002e-01 1.3841846594464680e+00
1.3000000000000001e-02 5.3333333333333333e-01 4.6666666666666667e-01 1.4135297368458493e+00
1.3000000000000001e-02 5.3333333333333333e-01 5.3333333333333333e-01 1.4473791493320367e+00
1.3000000000000001e-02 5.3333333333333333e-01 5.9999999999999998e-01 1.4857390705375875e+00
1.3000000000000001e-02 5.3333333333333333e-01 6.6666666666666663e-01 1.5286136952274707e+00
1.3000000000000001e-02 5.3333333333333333e-01 7.3333333333333328e-01 1.5760001843287466e+00
1.3000000000000001e-02 5.3333333333333333e-01 8.0000000000000004e-01 1.6278825302186490e+00
1.3000000000000001e-02 5.9999999999999998e-01 0.0000000000000000e+00 1.4916055216930384e+00
1.3000000000000001e-02 5.9999999999999998e-01 6.6666666666666666e-02 1.4941378740903759e+00
1.3000000000000001e-02 5.9999999999999998e-01 1.3333333333333333e-01 1.5016902691547593e+00
1.3000000000000001e-02 5.9999999999999998e-01 2.0000000000000001e-01 1.5142680292174058e+00
1.3000000000000001e-02 5.9999999999999998e-01 2.6666666666666666e-01 1.5318678418872516e+00
1.3000000000000001e-02 5.9999999999999998e-01 3.3333333333333331e-01 1.5544827945430699e+00
1.3000000000000001e-02 5.9999999999999998e-01 4.0000000000000002e-01 1.5821062687325460e+00
1.3000000000000001e-02 5.9999999999999998e-01 4.6666666666666667e-01 1.6147342784994998e+00
1.3000000000000001e-02 5.9999999999999998e-01 5.3333333333333333e-01 1.6523659682924650e+00
1.3000000000000001e-02 5.9999999999999998e-01 5.9999999999999998e-01 1.6950021399405779e+00
1.3000000000000001e-02 5.9999999999999998e-01 6.6666666666666663e-01 1.7426418363104803e+00
1.3000000000000001e-02 5.9999999999999998e-01 7.3333333333333328e-01 1.7952771559465834e+00
1.3000000000000001e-02 6.6666666666666663e-01 0.0000000000000000e+00 1.6846130502574068e+00
1.3000000000000001e-02 6.6666666666666663e-01 6.6666666666666666e-02 1.6873425892689524e+00
1.3000000000000001e-02 6.6666666666666663e-01 1.3333333333333333e-01 1.6955758347138494e+00
1.3000000000000001e-02 6.6666666666666663e-01 2.0000000000000001e-01 1.7093236916542793e+00
1.3000000000000001e-02 6.6666666666666663e-01 2.6666666666666666e-01 1.7285856367666481e+00
1.3000000000000001e-02 6.6666666666666663e-01 3.3333333333333331e-01 1.7533551132204905e+00
1.3000000000000001e-02 6.6666666666666663e-01 4.0000000000000002e-01 1.7836237715449550e+00
1.3000000000000001e-02 6.6666666666666663e-01 4.6666666666666667e-01 1.8193841354282374e+00
1.3000000000000001e-02 6.6666666666666663e-01 5.3333333333333333e-01 1.8606303821953687e+00
1.3000000000000001e-02 6.6666666666666663e-01 5.9999999999999998e-01 1.9073570593188336e+00
1.3000000000000001e-02 6.6666666666666663e-01 6.6666666666666663e-01 1.9595556979472697e+00
1.3000000000000001e-02 6.6666666666666663e-01 7.3333333333333328e-01 2.0172094213035781e+00
1.3000000000000001e-02 7.3333333333333328e-01 0.0000000000000000e+00 1.8812221597742931e+00
1.3000000000000001e-02 7.3333333333333328e-01 6.6666666666666666e-02 1.8841369107779993e+00
1.3000000000000001e-02 7.3333333333333328e-01 1.3333333333333333e-01 1.8930074021849519e+00
1.3000000000000001e-02 7.3333333333333328e-01 2.0000000000000001e-01 1.9078523805408798e+00
1.3000000000000001e-02 7.3333333333333328e-01 2.6666666666666666e-01 1.9286766717186601e+00
1.3000000000000001e-02 7.3333333333333328e-01 3.3333333333333331e-01 1.9554765710093727e+00
1.3000000000000001e-02 7.3333333333333328e-01 4.0000000000000002e-01 1.9882440487805337e+00
1.3000000000000001e-02 7.3333333333333328e-01 4.6666666666666667e-01 2.0269693658105075e+00
1.3000000000000001e-02 7.3333333333333328e-01 5.3333333333333333e-01 2.0716417817265098e+00
1.3000000000000001e-02 7.3333333333333328e-01 5.9999999999999998e-01 2.1222481493259617e+00
1.3000000000000001e-02 7.3333333333333328e-01 6.6666666666666663e-01 2.1787693094428020e+00
1.3000000000000001e-02 8.0000000000000004e-01 0.0000000000000000e+00 2.0809738609590744e+00
1.3000000000000001e-02 8.0000000000000004e-01 6.6666666666666666e-02 2.0840591295307611e+00
1.3000000000000001e-02 8.0000000000000004e-01 1.3333333333333333e-01 2.0935201406701487e+00
1.3000000000000001e-02 8.0000000000000004e-01 2.0000000000000001e-01 2.1093852038362186e+00
1.3000000000000001e-02 8.0000000000000004e-01 2.6666666666666666e-01 2.1316664092472495e+00
1.3000000000000001e-02 8.0000000000000004e-01 3.3333333333333331e-01 2.1603646759684167e+00
1.3000000000000001e-02 8.0000000000000004e-01 4.0000000000000002e-01 2.1954735530964316e+00
1.3000000000000001e-02 8.0000000000000004e-01 4.6666666666666667e-01 2.2369813981857485e+00
1.3000000000000001e-02 8.0000000000000004e-01 5.3333333333333333e-01 2.2848716296472360e+00
1.3000000000000001e-02 8.6666666666666670e-01 0.0000000000000000e+00 2.2834077263228973e+00
1.3000000000000001e-02 8.6666666666666670e-01 6.6666666666666666e-02 2.2866448054360013e+00
1.3000000000000001e-02 8.6666666666666670e-01 1.3333333333333333e-01 2.2966465140787147e+00
1.3000000000000001e-02 8.6666666666666670e-01 2.0000000000000001e-01 2.3134516686504116e+00
1.3000000000000001e-02 8.6666666666666670e-01 2.6666666666666666e-01 2.3370805615101755e+00
1.3000000000000001e-02 8.6666666666666670e-01 3.3333333333333331e-01 2.3675393611776583e+00
1.3000000000000001e-02 8.6666666666666670e-01 4.0000000000000002e-01 2.4048231625035976e+00
1.3000000000000001e-02 8.6666666666666670e-01 4.6666666666666667e-01 2.4489173539208080e+00
1.3000000000000001e-02 9.3333333333333335e-01 0.0000000000000000e+00 2.4880776713760717e+00
1.3000000000000001e-02 9.3333333333333335e-01 6.6666666666666666e-02 2.4914446270800217e+00
1.3000000000000001e-02 9.3333333333333335e-01 1.3333333333333333e-01 2.5019355903290310e+00
1.3000000000000001e-02 9.3333333333333335e-01 2.0000000000000001e-01 2.5195998204859209e+00
1.3000000000000001e-02 9.3333333333333335e-01 2.6666666666666666e-01 2.5444654577492534e+00
1.3000000000000001e-02 9.3333333333333335e-01 3.3333333333333331e-01 2.5765430017802222e+00
0.0000000000000000e+00 1.0000000000000000e-02 5.3333333333333333e-01 2.0277922742649557e-02
0.0000000000000000e+00 1.0000000000000000e-02 5.9999999999999998e-01 2.1061608765110484e-02
0.0000000000000000e+00 1.0000000000000000e-02 6.6666666666666663e-01 2.1940667613662729e-02
0.0000000000000000e+00 1.0000000000000000e-02 7.3333333333333328e-01 2.2917355854826488e-02
0.0000000000000000e+00 1.0000000000000000e-02 8.0000000000000004e-01 2.3993422759895411e-02
0.0000000000000000e+00 1.0000000000000000e-02 8.6666666666666670e-01 2.5173275855255084e-02
0.0000000000000000e+00 1.0000000000000000e-02 9.3333333333333335e-01 2.6467679954059187e-02
6.6666666666666666e-02 1.0000000000000000e-02 5.3333333333333333e-01 2.0471214685884975e-02
6.6666666666666666e-02 1.0000000000000000e-02 5.9999999999999998e-01 2.1227910299273844e-02
6.6666666666666666e-02 1.0000000000000000e-02 6.6666666666666663e-01 2.2075186984514550e-02
6.6666666666666666e-02 1.0000000000000000e-02 7.3333333333333328e-01 2.3014104598527985e-02
6.6666666666666666e-02 1.0000000000000000e-02 8.0000000000000004e-01 2.4044781956724492e-02
6.6666666666666666e-02 1.0000000000000000e-02 8.6666666666666670e-01 2.5169770349715515e-02
6.6666666666666666e-02 1.0000000000000000e-02 9.3333333333333335e-01 2.6398007943018498e-02
1.3333333333333333e-01 1.0000000000000000e-02 5.3333333333333333e-01 2.0604583174985869e-02
1.3333333333333333e-01 1.0000000000000000e-02 5.9999999999999998e-01 2.1351313090746449e-02
1.3333333333333333e-01 1.0000000000000000e-02 6.6666666666666663e-01 2.2183700628693848e-02
1.3333333333333333e-01 1.0000000000000000e-02 7.3333333333333328e-01 2.3101490331382257e-02
1.3333333333333333e-01 1.0000000000000000e-02 8.0000000000000004e-01 2.4103502670588056e-02
1.3333333333333333e-01 1.0000000000000000e-02 8.6666666666666670e-01 2.5191168389206126e-02
1.3333333333333333e-01 1.0000000000000000e-02 9.3333333333333335e-01 2.6372653073394092e-02
2.0000000000000001e-01 1.0000000000000000e-02 4.6666666666666667e-01 2.0027396761624627e-02
2.0000000000000001e-01 1.0000000000000000e-02 5.3333333333333333e-01 2.0698037616325493e-02
2.0000000000000001e-01 1.0000000000000000e-02 5.9999999999999998e-01 2.1447472464077577e-02
2.0000000000000001e-01 1.0000000000000000e-02 6.6666666666666663e-01 2.2277444005864233e-02
2.0000000000000001e-01 1.0000000000000000e-02 7.3333333333333328e-01 2.3186595334071469e-02
2.0000000000000001e-01 1.0000000000000000e-02 8.0000000000000004e-01 2.4173135725883893e-02
2.0000000000000001e-01 1.0000000000000000e-02 8.6666666666666670e-01 2.5238468580426082e-02
2.0000000000000001e-01 1.0000000000000000e-02 9.3333333333333335e-01 2.6391379453087671e-02
2.6666666666666666e-01 1.0000000000000000e-02 4.6666666666666667e-01 2.0083522555359334e-02
2.6666666666666666e-01 1.0000000000000000e-02 5.3333333333333333e-01 2.0768094350463007e-02
2.6666666666666666e-01 1.0000000000000000e-02 5.9999999999999998e-01 2.1527797859219433e-02
2.6666666666666666e-01 1.0000000000000000e-02 6.6666666666666663e-01 2.2363010585409238e-02
2.6666666666666666e-01 1.0000000000000000e-02 7.3333333333333328e-01 2.3271857918985561e-02
2.6666666666666666e-01 1.0000000000000000e-02 8.0000000000000004e-01 2.4252977477054460e-02
2.6666666666666666e-01 1.0000000000000000e-02 8.6666666666666670e-01 2.5309156592290966e-02
2.6666666666666666e-01 1.0000000000000000e-02 9.3333333333333335e-01 2.6451461072794336e-02
3.3333333333333331e-01 1.0000000000000000e-02 4.0000000000000002e-01 1.9494630845182603e-02
3.3333333333333331e-01 1.0000000000000000e-02 4.6666666666666667e-01 2.0125806330171747e-02
3.3333333333333331e-01 1.0000000000000000e-02 5.3333333333333333e-01 2.0826428478738279e-02
3.3333333333333331e-01 1.0000000000000000e-02 5.9999999999999998e-01 2.1598724370513356e-02
3.3333333333333331e-01 1.0000000000000000e-02 6.6666666666666663e-01 2.2442212666491490e-02
3.3333333333333331e-01 1.0000000000000000e-02 7.3333333333333328e-01 2.3355462613954658e-02
3.3333333333333331e-01 1.0000000000000000e-02 8.0000000000000004e-01 2.4338903019985147e-02
3.3333333333333331e-01 1.0000000000000000e-02 8.6666666666666670e-01 2.5398372156411997e-02
3.3333333333333331e-01 1.0000000000000000e-02 9.3333333333333335e-01 2.6549054194476895e-02
4.0000000000000002e-01 1.0000000000000000e-02 3.3333333333333331e-01 1.8939644937992661e-02
4.0000000000000002e-01 1.0000000000000000e-02 4.0000000000000002e-01 1.9519880907530485e-02
4.0000000000000002e-01 1.0000000000000000e-02 4.6666666666666667e-01 2.0165435490279549e-02
4.0000000000000002e-01 1.0000000000000000e-02 5.3333333333333333e-01 2.0879086853516415e-02
4.0000000000000002e-01 1.0000000000000000e-02 5.9999999999999998e-01 2.1661607751148171e-02
4.0000000000000002e-01 1.0000000000000000e-02 6.6666666666666663e-01 2.2512588658866850e-02
4.0000000000000002e-01 1.0000000000000000e-02 7.3333333333333328e-01 2.3432359345224307e-02
4.0000000000000002e-01 1.0000000000000000e-02 8.0000000000000004e-01 2.4424772518443383e-02
4.0000000000000002e-01 1.0000000000000000e-02 8.6666666666666670e-01 2.5500559548749607e-02
4.6666666666666667e-01 1.0000000000000000e-02 2.0000000000000001e-01 1.7989904720445538e-02
4.6666666666666667e-01 1.0000000000000000e-02 2.6666666666666666e-01 1.8446928029693443e-02
4.6666666666666667e-01 1.0000000000000000e-02 3.3333333333333331e-01 1.8968152421262596e-02
4.6666666666666667e-01 1.0000000000000000e-02 4.0000000000000002e-01 1.9554367451653787e-02
4.6666666666666667e-01 1.0000000000000000e-02 4.6666666666666667e-01 2.0206881653152875e-02
4.6666666666666667e-01 1.0000000000000000e-02 5.3333333333333333e-01 2.0926452633119763e-02
4.6666666666666667e-01 1.0000000000000000e-02 5.9999999999999998e-01 2.1713377643871934e-02
4.6666666666666667e-01 1.0000000000000000e-02 6.6666666666666663e-01 2.2568644609954003e-02
4.6666666666666667e-01 1.0000000000000000e-02 7.3333333333333328e-01 2.3495962605147802e-02
4.6666666666666667e-01 1.0000000000000000e-02 8.0000000000000004e-01 2.4504435874706687e-02
4.6666666666666667e-01 1.0000000000000000e-02 8.6666666666666670e-01 2.5611612384800031e-02
5.3333333333333333e-01 1.0000000000000000e-02 0.0000000000000000e+00 1.7221367553526545e-02
5.3333333333333333e-01 1.0000000000000000e-02 6.6666666666666666e-02 1.7402617255363018e-02
5.3333333333333333e-01 1.0000000000000000e-02 1.3333333333333333e-01 1.7687234357585624e-02
5.3333333333333333e-01 1.0000000000000000e-02 2.0000000000000001e-01 1.8056849945542575e-02
5.3333333333333333e-01 1.0000000000000000e-02 2.6666666666666666e-01 1.8501454058938382e-02
5.3333333333333333e-01 1.0000000000000000e-02 3.3333333333333331e-01 1.9016147090994084e-02
5.3333333333333333e-01 1.0000000000000000e-02 4.0000000000000002e-01 1.9598698684995142e-02
5.3333333333333333e-01 1.0000000000000000e-02 4.6666666666666667e-01 2.0248099279796594e-02
5.3333333333333333e-01 1.0000000000000000e-02 5.3333333333333333e-01 2.0964157601121747e-02
5.3333333333333333e-01 1.0000000000000000e-02 5.9999999999999998e-01 2.1748084481397423e-02
5.3333333333333333e-01 1.0000000000000000e-02 6.6666666666666663e-01 2.2603917582403654e-02
5.3333333333333333e-01 1.0000000000000000e-02 7.3333333333333328e-01 2.3540584579255064e-02
5.3333333333333333e-01 1.0000000000000000e-02 8.0000000000000004e-01 2.4574370604108720e-02
5.9999999999999998e-01 1.0000000000000000e-02 0.0000000000000000e+00 1.7418321780357959e-02
5.9999999999999998e-01 1.0000000000000000e-02 6.6666666666666666e-02 1.7556755542661895e-02
5.9999999999999998e-01 1.0000000000000000e-02 1.3333333333333333e-01 1.7807790192869932e-02
5.9999999999999998e-01 1.0000000000000000e-02 2.0000000000000001e-01 1.8152220771747718e-02
5.9999999999999998e-01 1.0000000000000000e-02 2.6666666666666666e-01 1.8577928596157034e-02
5.9999999999999998e-01 1.0000000000000000e-02 3.3333333333333331e-01 1.9077413819041988e-02
5.9999999999999998e-01 1.0000000000000000e-02 4.0000000000000002e-01 1.9646166252296093e-02
5.9999999999999998e-01 1.0000000000000000e-02 4.6666666666666667e-01 2.0281971948472977e-02
5.9999999999999998e-01 1.0000000000000000e-02 5.3333333333333333e-01 2.0985131215102093e-02
5.9999999999999998e-01 1.0000000000000000e-02 5.9999999999999998e-01 2.1759467641621455e-02
5.9999999999999998e-01 1.0000000000000000e-02 6.6666666666666663e-01 2.2613942612252413e-02
5.9999999999999998e-01 1.0000000000000000e-02 7.3333333333333328e-01 2.3564654696241860e-02
6.6666666666666663e-01 1.0000000000000000e-02 0.0000000000000000e+00 1.7621675471887643e-02
6.6666666666666663e-01 1.0000000000000000e-02 6.6666666666666666e-02 1.7721550659274277e-02
6.6666666666666663e-01 1.0000000000000000e-02 1.3333333333333333e-01 1.7940606582013296e-02
6.6666666666666663e-01 1.0000000000000000e-02 2.0000000000000001e-01 1.8258434160342396e-02
6.6666666666666663e-01 1.0000000000000000e-02 2.6666666666666666e-01 1.8660887261750081e-02
6.6666666666666663e-01 1.0000000000000000e-02 3.3333333333333331e-01 1.9138413396417475e-02
6.6666666666666663e-01 1.0000000000000000e-02 4.0000000000000002e-01 1.9685211529455127e-02
6.6666666666666663e-01 1.0000000000000000e-02 4.6666666666666667e-01 2.0299234641220909e-02
6.6666666666666663e-01 1.0000000000000000e-02 5.3333333333333333e-01 2.0982944456239438e-02
6.6666666666666663e-01 1.0000000000000000e-02 5.9999999999999998e-01 2.1744646010921187e-02
6.6666666666666663e-01 1.0000000000000000e-02 6.6666666666666663e-01 2.2600183303932264e-02
6.6666666666666663e-01 1.0000000000000000e-02 7.3333333333333328e-01 2.3574761278935097e-02
7.3333333333333328e-01 1.0000000000000000e-02 0.0000000000000000e+00 1.7796964150695815e-02
7.3333333333333328e-01 1.0000000000000000e-02 6.6666666666666666e-02 1.7865485079871180e-02
7.3333333333333328e-01 1.0000000000000000e-02 1.3333333333333333e-01 1.8057430251619322e-02
7.3333333333333328e-01 1.0000000000000000e-02 2.0000000000000001e-01 1.8350766731047685e-02
7.3333333333333328e-01 1.0000000000000000e-02 2.6666666666666666e-01 1.8729427476803284e-02
7.3333333333333328e-01 1.0000000000000000e-02 3.3333333333333331e-01 1.9182430352926327e-02
7.3333333333333328e-01 1.0000000000000000e-02 4.0000000000000002e-01 1.9703768960021240e-02
7.3333333333333328e-01 1.0000000000000000e-02 4.6666666666666667e-01 2.0293023434269308e-02
7.3333333333333328e-01 1.0000000000000000e-02 5.3333333333333333e-01 2.0956541693296638e-02
7.3333333333333328e-01 1.0000000000000000e-02 5.9999999999999998e-01 2.1708977150271258e-02
7.3333333333333328e-01 1.0000000000000000e-02 6.6666666666666663e-01 2.2574938701209635e-02
8.0000000000000004e-01 1.0000000000000000e-02 0.0000000000000000e+00 1.7909412237928968e-02
8.0000000000000004e-01 1.0000000000000000e-02 6.6666666666666666e-02 1.7955811835209001e-02
8.0000000000000004e-01 1.0000000000000000e-02 1.3333333333333333e-01 1.8128738100131991e-02
8.0000000000000004e-01 1.0000000000000000e-02 2.0000000000000001e-01 1.8404021332353027e-02
8.0000000000000004e-01 1.0000000000000000e-02 2.6666666666666666e-01 1.8763710679109535e-02
8.0000000000000004e-01 1.0000000000000000e-02 3.3333333333333331e-01 1.9195954704135876e-02
8.0000000000000004e-01 1.0000000000000000e-02 4.0000000000000002e-01 1.9695554455482156e-02
8.0000000000000004e-01 1.0000000000000000e-02 4.6666666666666667e-01 2.0265079004887721e-02
8.0000000000000004e-01 1.0000000000000000e-02 5.3333333333333333e-01 2.0916348788487527e-02
8.6666666666666670e-01 1.0000000000000000e-02 0.0000000000000000e+00 1.7934218917438294e-02
8.6666666666666670e-01 1.0000000000000000e-02 6.6666666666666666e-02 1.7968527783193411e-02
8.6666666666666670e-01 1.0000000000000000e-02 1.3333333333333333e-01 1.8133363267374969e-02
8.6666666666666670e-01 1.0000000000000000e-02 2.0000000000000001e-01 1.8401783472188682e-02
8.6666666666666670e-01 1.0000000000000000e-02 2.6666666666666666e-01 1.8753836544422364e-02
8.6666666666666670e-01 1.0000000000000000e-02 3.3333333333333331e-01 1.9177168843962367e-02
8.6666666666666670e-01 1.0000000000000000e-02 4.0000000000000002e-01 1.9668164693698920e-02
8.6666666666666670e-01 1.0000000000000000e-02 4.6666666666666667e-01 2.0233460199407027e-02
9.3333333333333335e-01 1.0000000000000000e-02 0.0000000000000000e+00 1.7868945361710575e-02
9.3333333333333335e-01 1.0000000000000000e-02 6.6666666666666666e-02 1.7900541834644457e-02
9.3333333333333335e-01 1.0000000000000000e-02 1.3333333333333333e-01 1.8070310205030637e-02
9.3333333333333335e-01 1.0000000000000000e-02 2.0000000000000001e-01 1.8347771106935806e-02
9.3333333333333335e-01 1.0000000000000000e-02 2.6666666666666666e-01 1.8710640645253684e-02
9.3333333333333335e-01 1.0000000000000000e-02 3.3333333333333331e-01 1.9146132728985965e-02
0.0000000000000000e+00 1.3000000000000001e-02 5.3333333333333333e-01 2.7195223010003933e-02
0.0000000000000000e+00 1.3000000000000001e-02 5.9999999999999998e-01 2.8205219359182077e-02
0.0000000000000000e+00 1.3000000000000001e-02 6.6666666666666663e-01 2.9338881002147238e-02
0.0000000000000000e+00 1.3000000000000001e-02 7.3333333333333328e-01 3.0597972850764404e-02
0.0000000000000000e+00 1.3000000000000001e-02 8.0000000000000004e-01 3.1983432086702956e-02
0.0000000000000000e+00 1.3000000000000001e-02 8.6666666666666670e-01 3.3498522403365427e-02
0.0000000000000000e+00 1.3000000000000001e-02 9.3333333333333335e-01 3.5152540129903209e-02
6.6666666666666666e-02 1.3000000000000001e-02 5.3333333333333333e-01 2.7392689150686489e-02
6.6666666666666666e-02 1.3000000000000001e-02 5.9999999999999998e-01 2.8375795404240733e-02
6.6666666666666666e-02 1.3000000000000001e-02 6.6666666666666663e-01 2.9477618839212683e-02
6.6666666666666666e-02 1.3000000000000001e-02 7.3333333333333328e-01 3.0698836454903788e-02
6.6666666666666666e-02 1.3000000000000001e-02 8.0000000000000004e-01 3.2038898655782994e-02
6.6666666666666666e-02 1.3000000000000001e-02 8.6666666666666670e-01 3.3499380498870412e-02
6.6666666666666666e-02 1.3000000000000001e-02 9.3333333333333335e-01 3.5087930395966499e-02
1.3333333333333333e-01 1.3000000000000001e-02 5.3333333333333333e-01 2.7531449551193077e-02
1.3333333333333333e-01 1.3000000000000001e-02 5.9999999999999998e-01 2.8504683687069765e-02
1.3333333333333333e-01 1.3000000000000001e-02 6.6666666666666663e-01 2.9591526358614451e-02
1.3333333333333333e-01 1.3000000000000001e-02 7.3333333333333328e-01 3.0791434047413857e-02
1.3333333333333333e-01 1.3000000000000001e-02 8.0000000000000004e-01 3.2102690863749811e-02
1.3333333333333333e-01 1.3000000000000001e-02 8.6666666666666670e-01 3.3525911145367876e-02
1.3333333333333333e-01 1.3000000000000001e-02 9.3333333333333335e-01 3.5068146391542182e-02
2.0000000000000001e-01 1.3000000000000001e-02 4.6666666666666667e-01 2.6761812610258895e-02
2.0000000000000001e-01 1.3000000000000001e-02 5.3333333333333333e-01 2.7631246045620061e-02
2.0000000000000001e-01 1.3000000000000001e-02 5.9999999999999998e-01 2.8607264276282685e-02
2.0000000000000001e-01 1.3000000000000001e-02 6.6666666666666663e-01 2.9691566677414405e-02
2.0000000000000001e-01 1.3000000000000001e-02 7.3333333333333328e-01 3.0882587798055000e-02
2.0000000000000001e-01 1.3000000000000001e-02 8.0000000000000004e-01 3.2178118393302646e-02
2.0000000000000001e-01 1.3000000000000001e-02 8.6666666666666670e-01 3.3578893862025783e-02
2.0000000000000001e-01 1.3000000000000001e-02 9.3333333333333335e-01 3.5092753874127358e-02
2.6666666666666666e-01 1.3000000000000001e-02 4.6666666666666667e-01 2.6824685825885042e-02
2.6666666666666666e-01 1.3000000000000001e-02 5.3333333333333333e-01 2.7708339381599723e-02
2.6666666666666666e-01 1.3000000000000001e-02 5.9999999999999998e-01 2.8694678265872409e-02
2.6666666666666666e-01 1.3000000000000001e-02 6.6666666666666663e-01 2.9784060218720931e-02
2.6666666666666666e-01 1.3000000000000001e-02 7.3333333333333328e-01 3.0974466057071770e-02
2.6666666666666666e-01 1.3000000000000001e-02 8.0000000000000004e-01 3.2264216884046543e-02
2.6666666666666666e-01 1.3000000000000001e-02 8.6666666666666670e-01 3.3655566127851200e-02
2.6666666666666666e-01 1.3000000000000001e-02 9.3333333333333335e-01 3.5158790508721810e-02
3.3333333333333331e-01 1.3000000000000001e-02 4.0000000000000002e-01 2.6071010939546335e-02
3.3333333333333331e-01 1.3000000000000001e-02 4.6666666666666667e-01 2.6874224930461765e-02
3.3333333333333331e-01 1.3000000000000001e-02 5.3333333333333333e-01 2.7774168740877236e-02
3.3333333333333331e-01 1.3000000000000001e-02 5.9999999999999998e-01 2.8773109365290039e-02
3.3333333333333331e-01 1.3000000000000001e-02 6.6666666666666663e-01 2.9870557632131089e-02
3.3333333333333331e-01 1.3000000000000001e-02 7.3333333333333328e-01 3.1064987209798889e-02
3.3333333333333331e-01 1.3000000000000001e-02 8.0000000000000004e-01 3.2356595799206467e-02
3.3333333333333331e-01 1.3000000000000001e-02 8.6666666666666670e-01 3.3750805388339661e-02
3.3333333333333331e-01 1.3000000000000001e-02 9.3333333333333335e-01 3.5262152978823680e-02
4.0000000000000002e-01 1.3000000000000001e-02 3.3333333333333331e-01 2.5377893838784193e-02
4.0000000000000002e-01 1.3000000000000001e-02 4.0000000000000002e-01 2.6103463073933464e-02
4.0000000000000002e-01 1.3000000000000001e-02 4.6666666666666667e-01 2.6921427772385098e-02
4.0000000000000002e-01 1.3000000000000001e-02 5.3333333333333333e-01 2.7834575675165729e-02
4.0000000000000002e-01 1.3000000000000001e-02 5.9999999999999998e-01 2.8843692489334161e-02
4.0000000000000002e-01 1.3000000000000001e-02 6.6666666666666663e-01 2.9948363225994923e-02
4.0000000000000002e-01 1.3000000000000001e-02 7.3333333333333328e-01 3.1148857213764092e-02
4.0000000000000002e-01 1.3000000000000001e-02 8.0000000000000004e-01 3.2448864717808390e-02
4.0000000000000002e-01 1.3000000000000001e-02 8.6666666666666670e-01 3.3858800367607800e-02
4.6666666666666667e-01 1.3000000000000001e-02 2.0000000000000001e-01 2.4224678009034828e-02
4.6666666666666667e-01 1.3000000000000001e-02 2.6666666666666666e-01 2.4773424596034543e-02
4.6666666666666667e-01 1.3000000000000001e-02 3.3333333333333331e-01 2.5413423012802749e-02
4.6666666666666667e-01 1.3000000000000001e-02 4.0000000000000002e-01 2.6145403991193694e-02
4.6666666666666667e-01 1.3000000000000001e-02 4.6666666666666667e-01 2.6970617961331933e-02
4.6666666666666667e-01 1.3000000000000001e-02 5.3333333333333333e-01 2.7889784729795586e-02
4.6666666666666667e-01 1.3000000000000001e-02 5.9999999999999998e-01 2.8903185565612666e-02
4.6666666666666667e-01 1.3000000000000001e-02 6.6666666666666663e-01 3.0011797748479507e-02
4.6666666666666667e-01 1.3000000000000001e-02 7.3333333333333328e-01 3.1219292482608907e-02
4.6666666666666667e-01 1.3000000000000001e-02 8.0000000000000004e-01 3.2534663637287353e-02
4.6666666666666667e-01 1.3000000000000001e-02 8.6666666666666670e-01 3.3975222611338896e-02
5.3333333333333333e-01 1.3000000000000001e-02 0.0000000000000000e+00 2.3348144265126269e-02
5.3333333333333333e-01 1.3000000000000001e-02 6.6666666666666666e-02 2.3540519715738117e-02
5.3333333333333333e-01 1.3000000000000001e-02 1.3333333333333333e-01 2.3863190040180393e-02
5.3333333333333333e-01 1.3000000000000001e-02 2.0000000000000001e-01 2.4297937764723776e-02
5.3333333333333333e-01 1.3000000000000001e-02 2.6666666666666666e-01 2.4834760849100246e-02
5.3333333333333333e-01 1.3000000000000001e-02 3.3333333333333331e-01 2.5468681419768324e-02
5.3333333333333333e-01 1.3000000000000001e-02 4.0000000000000002e-01 2.6197355766209185e-02
5.3333333333333333e-01 1.3000000000000001e-02 4.6666666666666667e-01 2.7019665430347728e-02
5.3333333333333333e-01 1.3000000000000001e-02 5.3333333333333333e-01 2.7935338794905618e-02
5.3333333333333333e-01 1.3000000000000001e-02 5.9999999999999998e-01 2.8945541383557427e-02
5.3333333333333333e-01 1.3000000000000001e-02 6.6666666666666663e-01 3.0054289017734215e-02
5.3333333333333333e-01 1.3000000000000001e-02 7.3333333333333328e-01 3.1270482519784704e-02
5.3333333333333333e-01 1.3000000000000001e-02 8.0000000000000004e-01 3.2610332158367450e-02
5.9999999999999998e-01 1.3000000000000001e-02 0.0000000000000000e+00 2.3550228485506530e-02
5.9999999999999998e-01 1.3000000000000001e-02 6.6666666666666666e-02 2.3700244413660088e-02
5.9999999999999998e-01 1.3000000000000001e-02 1.3333333333333333e-01 2.3989834641060026e-02
5.9999999999999998e-01 1.3000000000000001e-02 2.0000000000000001e-01 2.4399909901954842e-02
5.9999999999999998e-01 1.3000000000000001e-02 2.6666666666666666e-01 2.4918319543124345e-02
5.9999999999999998e-01 1.3000000000000001e-02 3.3333333333333331e-01 2.5537442850341430e-02
5.9999999999999998e-01 1.3000000000000001e-02 4.0000000000000002e-01 2.6252612722683533e-02
5.9999999999999998e-01 1.3000000000000001e-02 4.6666666666666667e-01 2.7061464168324278e-02
5.9999999999999998e-01 1.3000000000000001e-02 5.3333333333333333e-01 2.7964179573061965e-02
5.9999999999999998e-01 1.3000000000000001e-02 5.9999999999999998e-01 2.8964508068546946e-02
5.9999999999999998e-01 1.3000000000000001e-02 6.6666666666666663e-01 3.0071372640037508e-02
5.9999999999999998e-01 1.3000000000000001e-02 7.3333333333333328e-01 3.1300844776451564e-02
6.6666666666666663e-01 1.3000000000000001e-02 0.0000000000000000e+00 2.3758803485462110e-02
6.6666666666666663e-01 1.3000000000000001e-02 6.6666666666666666e-02 2.3870863157980815e-02
6.6666666666666663e-01 1.3000000000000001e-02 1.3333333333333333e-01 2.4129068734551395e-02
6.6666666666666663e-01 1.3000000000000001e-02 2.0000000000000001e-01 2.4513097403925155e-02
6.6666666666666663e-01 1.3000000000000001e-02 2.6666666666666666e-01 2.5008739566249827e-02
6.6666666666666663e-01 1.3000000000000001e-02 3.3333333333333331e-01 2.5606288572023073e-02
6.6666666666666663e-01 1.3000000000000001e-02 4.0000000000000002e-01 2.6299751811250494e-02
6.6666666666666663e-01 1.3000000000000001e-02 4.6666666666666667e-01 2.7086896162224428e-02
6.6666666666666663e-01 1.3000000000000001e-02 5.3333333333333333e-01 2.7970031767242498e-02
6.6666666666666663e-01 1.3000000000000001e-02 5.9999999999999998e-01 2.8957359568147378e-02
6.6666666666666663e-01 1.3000000000000001e-02 6.6666666666666663e-01 3.0064662704159750e-02
6.6666666666666663e-01 1.3000000000000001e-02 7.3333333333333328e-01 3.1317106802123351e-02
7.3333333333333328e-01 1.3000000000000001e-02 0.0000000000000000e+00 2.3939730815372207e-02
7.3333333333333328e-01 1.3000000000000001e-02 6.6666666666666666e-02 2.4021162612902658e-02
7.3333333333333328e-01 1.3000000000000001e-02 1.3333333333333333e-01 2.4252932989708542e-02
7.3333333333333328e-01 1.3000000000000001e-02 2.0000000000000001e-01 2.4613070073931376e-02
7.3333333333333328e-01 1.3000000000000001e-02 2.6666666666666666e-01 2.5085417792062858e-02
7.3333333333333328e-01 1.3000000000000001e-02 3.3333333333333331e-01 2.5658813240941214e-02
7.3333333333333328e-01 1.3000000000000001e-02 4.0000000000000002e-01 2.6327030086333580e-02
7.3333333333333328e-01 1.3000000000000001e-02 4.6666666666666667e-01 2.7089431977249556e-02
7.3333333333333328e-01 1.3000000000000001e-02 5.3333333333333333e-01 2.7952183335121672e-02
7.3333333333333328e-01 1.3000000000000001e-02 5.9999999999999998e-01 2.8929801391340437e-02
7.3333333333333328e-01 1.3000000000000001e-02 6.6666666666666663e-01 3.0046803918921228e-02
8.0000000000000004e-01 1.3000000000000001e-02 0.0000000000000000e+00 2.4058900102700953e-02
8.0000000000000004e-01 1.3000000000000001e-02 6.6666666666666666e-02 2.4119016016331651e-02
8.0000000000000004e-01 1.3000000000000001e-02 1.3333333333333333e-01 2.4332493432330293e-02
8.0000000000000004e-01 1.3000000000000001e-02 2.0000000000000001e-01 2.4675201509295697e-02
8.0000000000000004e-01 1.3000000000000001e-02 2.6666666666666666e-01 2.5129078825229689e-02
8.0000000000000004e-01 1.3000000000000001e-02 3.3333333333333331e-01 2.5682070806393342e-02
8.0000000000000004e-01 1.3000000000000001e-02 4.0000000000000002e-01 2.6328733687982664e-02
8.0000000000000004e-01 1.3000000000000001e-02 4.6666666666666667e-01 2.7071391308972237e-02
8.0000000000000004e-01 1.3000000000000001e-02 5.3333333333333333e-01 2.7921647313142006e-02
8.6666666666666670e-01 1.3000000000000001e-02 0.0000000000000000e+00 2.4092571287195885e-02
8.6666666666666670e-01 1.3000000000000001e-02 6.6666666666666666e-02 2.4141417371401852e-02
8.6666666666666670e-01 1.3000000000000001e-02 1.3333333333333333e-01 2.4347531281284918e-02
8.6666666666666670e-01 1.3000000000000001e-02 2.0000000000000001e-01 2.4683990526995270e-02
8.6666666666666670e-01 1.3000000000000001e-02 2.6666666666666666e-01 2.5130713989689746e-02
8.6666666666666670e-01 1.3000000000000001e-02 3.3333333333333331e-01 2.5675124709863661e-02
8.6666666666666670e-01 1.3000000000000001e-02 4.0000000000000002e-01 2.6313338015790055e-02
8.6666666666666670e-01 1.3000000000000001e-02 4.6666666666666667e-01 2.7051714297958884e-02
9.3333333333333335e-01 1.3000000000000001e-02 0.0000000000000000e+00 2.4039791385596698e-02
9.3333333333333335e-01 1.3000000000000001e-02 6.6666666666666666e-02 2.4086687671296292e-02
9.3333333333333335e-01 1.3000000000000001e-02 1.3333333333333333e-01 2.4298402683842535e-02
9.3333333333333335e-01 1.3000000000000001e-02 2.0000000000000001e-01 2.4644460380242317e-02
9.3333333333333335e-01 1.3000000000000001e-02 2.6666666666666666e-01 2.5102431266924630e-02
9.3333333333333335e-01 1.3000000000000001e-02 3.3333333333333331e-01 2.5659286381793212e-02
0.0000000000000000e+00 5.3333333333333333e-01 1.0000000000000000e-02 1.2989949872113953e+00
0.0000000000000000e+00 5.9999999999999998e-01 1.0000000000000000e-02 1.4869419491564595e+00
0.0000000000000000e+00 6.6666666666666663e-01 1.0000000000000000e-02 1.6788376883408462e+00
0.0000000000000000e+00 7.3333333333333328e-01 1.0000000000000000e-02 1.8742299069145780e+00
0.0000000000000000e+00 8.0000000000000004e-01 1.0000000000000000e-02 2.0726590841712422e+00
0.0000000000000000e+00 8.6666666666666670e-01 1.0000000000000000e-02 2.2736615042082855e+00
0.0000000000000000e+00 9.3333333333333335e-01 1.0000000000000000e-02 2.4767862807002219e+00
6.6666666666666666e-02 5.3333333333333333e-01 1.0000000000000000e-02 1.3185966692230602e+00
6.6666666666666666e-02 5.9999999999999998e-01 1.0000000000000000e-02 1.5118148478189810e+00
6.6666666666666666e-02 6.6666666666666663e-01 1.0000000000000000e-02 1.7095520375255013e+00
6.6666666666666666e-02 7.3333333333333328e-01 1.0000000000000000e-02 1.9113455923566858e+00
6.6666666666666666e-02 8.0000000000000004e-01 1.0000000000000000e-02 2.1167394219820506e+00
6.6666666666666666e-02 8.6666666666666670e-01 1.0000000000000000e-02 2.3252852386036849e+00
6.6666666666666666e-02 9.3333333333333335e-01 1.0000000000000000e-02 2.5365542606990807e+00
1.3333333333333333e-01 5.3333333333333333e-01 1.0000000000000000e-02 1.3395364368016138e+00
1.3333333333333333e-01 5.9999999999999998e-01 1.0000000000000000e-02 1.5383567714510114e+00
1.3333333333333333e-01 6.6666666666666663e-01 1.0000000000000000e-02 1.7423126685411350e+00
1.3333333333333333e-01 7.3333333333333328e-01 1.0000000000000000e-02 1.9509383245341936e+00
1.3333333333333333e-01 8.0000000000000004e-01 1.0000000000000000e-02 2.1637872074927369e+00
1.3333333333333333e-01 8.6666666666666670e-01 1.0000000000000000e-02 2.3804298802600226e+00
1.3333333333333333e-01 9.3333333333333335e-01 1.0000000000000000e-02 2.6004585614100248e+00
2.0000000000000001e-01 4.6666666666666667e-01 1.0000000000000000e-02 1.1634277073865795e+00
2.0000000000000001e-01 5.3333333333333333e-01 1.0000000000000000e-02 1.3619009671970479e+00
2.0000000000000001e-01 5.9999999999999998e-01 1.0000000000000000e-02 1.5666792824862792e+00
2.0000000000000001e-01 6.6666666666666663e-01 1.0000000000000000e-02 1.7772645463219983e+00
2.0000000000000001e-01 7.3333333333333328e-01 1.0000000000000000e-02 1.9931945578641612e+00
2.0000000000000001e-01 8.0000000000000004e-01 1.0000000000000000e-02 2.2140363938195198e+00
2.0000000000000001e-01 8.6666666666666670e-01 1.0000000000000000e-02 2.4393791237091471e+00
2.0000000000000001e-01 9.3333333333333335e-01 1.0000000000000000e-02 2.6688295822217802e+00
2.6666666666666666e-01 4.6666666666666667e-01 1.0000000000000000e-02 1.1817027394738795e+00
2.6666666666666666e-01 5.3333333333333333e-01 1.0000000000000000e-02 1.3857876995300937e+00
2.6666666666666666e-01 5.9999999999999998e-01 1.0000000000000000e-02 1.5969111337453912e+00
2.6666666666666666e-01 6.6666666666666663e-01 1.0000000000000000e-02 1.8145756253638186e+00
2.6666666666666666e-01 7.3333333333333328e-01 1.0000000000000000e-02 2.0383276794455032e+00
2.6666666666666666e-01 8.0000000000000004e-01 1.0000000000000000e-02 2.2677486820034201e+00
2.6666666666666666e-01 8.6666666666666670e-01 1.0000000000000000e-02 2.5024409345986678e+00
2.6666666666666666e-01 9.3333333333333335e-01 1.0000000000000000e-02 2.7420133286843580e+00
3.3333333333333331e-01 4.0000000000000002e-01 1.0000000000000000e-02 9.9956080914456125e-01
3.3333333333333331e-01 4.6666666666666667e-01 1.0000000000000000e-02 1.2012477435853870e+00
3.3333333333333331e-01 5.3333333333333333e-01 1.0000000000000000e-02 1.4113063293615977e+00
3.3333333333333331e-01 5.9999999999999998e-01 1.0000000000000000e-02 1.6291993354580463e+00
3.3333333333333331e-01 6.6666666666666663e-01 1.0000000000000000e-02 1.8544364901615107e+00
3.3333333333333331e-01 7.3333333333333328e-01 1.0000000000000000e-02 2.0865751657021647e+00
3.3333333333333331e-01 8.0000000000000004e-01 1.0000000000000000e-02 2.3252072205912850e+00
3.3333333333333331e-01 8.6666666666666670e-01 1.0000000000000000e-02 2.5699370463827202e+00
3.3333333333333331e-01 9.3333333333333335e-01 1.0000000000000000e-02 2.8203563162040513e+00
4.0000000000000002e-01 3.3333333333333331e-01 1.0000000000000000e-02 8.1752755185736858e-01
4.0000000000000002e-01 4.0000000000000002e-01 1.0000000000000000e-02 1.0149456532822172e+00
4.0000000000000002e-01 4.6666666666666667e-01 1.0000000000000000e-02 1.2221495468718770e+00
4.0000000000000002e-01 5.3333333333333333e-01 1.0000000000000000e-02 1.4385794589384600e+00
4.0000000000000002e-01 5.9999999999999998e-01 1.0000000000000000e-02 1.6637085282155861e+00
4.0000000000000002e-01 6.6666666666666663e-01 1.0000000000000000e-02 1.8970574181601305e+00
4.0000000000000002e-01 7.3333333333333328e-01 1.0000000000000000e-02 2.1381923575970303e+00
4.0000000000000002e-01 8.0000000000000004e-01 1.0000000000000000e-02 2.3867063180926764e+00
4.0000000000000002e-01 8.6666666666666670e-01 1.0000000000000000e-02 2.6421881704618668e+00
4.6666666666666667e-01 2.0000000000000001e-01 1.0000000000000000e-02 4.5851643769349348e-01
4.6666666666666667e-01 2.6666666666666666e-01 1.0000000000000000e-02 6.3786267756660520e-01
4.6666666666666667e-01 3.3333333333333331e-01 1.0000000000000000e-02 8.2901238103985708e-01
4.6666666666666667e-01 4.0000000000000002e-01 1.0000000000000000e-02 1.0314112514354936e+00
4.6666666666666667e-01 4.6666666666666667e-01 1.0000000000000000e-02 1.2445025016801545e+00
4.6666666666666667e-01 5.3333333333333333e-01 1.0000000000000000e-02 1.4677420889125534e+00
4.6666666666666667e-01 5.9999999999999998e-01 1.0000000000000000e-02 1.7006182948596298e+00
4.6666666666666667e-01 6.6666666666666663e-01 1.0000000000000000e-02 1.9426625456268434e+00
4.6666666666666667e-01 7.3333333333333328e-01 1.0000000000000000e-02 2.1934426886155447e+00
4.6666666666666667e-01 8.0000000000000004e-01 1.0000000000000000e-02 2.4525372526233467e+00
4.6666666666666667e-01 8.6666666666666670e-01 1.0000000000000000e-02 2.7194953250048011e+00
5.3333333333333333e-01 0.0000000000000000e+00 1.0000000000000000e-02 -2.9609738106947670e-03
5.3333333333333333e-01 6.6666666666666666e-02 1.0000000000000000e-02 1.3805556215983766e-01
5.3333333333333333e-01 1.3333333333333333e-01 1.0000000000000000e-02 2.9359247121048471e-01
5.3333333333333333e-01 2.0000000000000001e-01 1.0000000000000000e-02 4.6303204053382663e-01
5.3333333333333333e-01 2.6666666666666666e-01 1.0000000000000000e-02 6.4578832935377373e-01
5.3333333333333333e-01 3.3333333333333331e-01 1.0000000000000000e-02 8.4130073754447698e-01
5.3333333333333333e-01 4.0000000000000002e-01 1.0000000000000000e-02 1.0490209563030990e+00
5.3333333333333333e-01 4.6666666666666667e-01 1.0000000000000000e-02 1.2684087021469184e+00
5.3333333333333333e-01 5.3333333333333333e-01 1.0000000000000000e-02 1.4989397277168468e+00
5.3333333333333333e-01 5.9999999999999998e-01 1.0000000000000000e-02 1.7401182212634616e+00
5.3333333333333333e-01 6.6666666666666663e-01 1.0000000000000000e-02 1.9914810865751795e+00
5.3333333333333333e-01 7.3333333333333328e-01 1.0000000000000000e-02 2.2525845535826181e+00
5.3333333333333333e-01 8.0000000000000004e-01 1.0000000000000000e-02 2.5229706774705374e+00
5.9999999999999998e-01 0.0000000000000000e+00 1.0000000000000000e-02 -2.7724028395319511e-03
5.9999999999999998e-01 6.6666666666666666e-02 1.0000000000000000e-02 1.3871584424134592e-01
5.9999999999999998e-01 1.3333333333333333e-01 1.0000000000000000e-02 2.9580389335351842e-01
5.9999999999999998e-01 2.0000000000000001e-01 1.0000000000000000e-02 4.6785057195968677e-01
5.9999999999999998e-01 2.6666666666666666e-01 1.0000000000000000e-02 6.5424762197191644e-01
5.9999999999999998e-01 3.3333333333333331e-01 1.0000000000000000e-02 8.5442547444966710e-01
5.9999999999999998e-01 4.0000000000000002e-01 1.0000000000000000e-02 1.0678429062878476e+00
5.9999999999999998e-01 4.6666666666666667e-01 1.0000000000000000e-02 1.2939776190294590e+00
5.9999999999999998e-01 5.3333333333333333e-01 1.0000000000000000e-02 1.5323250245511810e+00
5.9999999999999998e-01 5.9999999999999998e-01 1.0000000000000000e-02 1.7824007414687826e+00
5.9999999999999998e-01 6.6666666666666663e-01 1.0000000000000000e-02 2.0437358681696445e+00
5.9999999999999998e-01 7.3333333333333328e-01 1.0000000000000000e-02 2.3158553842939527e+00
6.6666666666666663e-01 0.0000000000000000e+00 1.0000000000000000e-02 -2.5762207439081197e-03
6.6666666666666663e-01 6.6666666666666666e-02 1.0000000000000000e-02 1.3940655291734261e-01
6.6666666666666663e-01 1.3333333333333333e-01 1.0000000000000000e-02 2.9813727497572379e-01
6.6666666666666663e-01 2.0000000000000001e-01 1.0000000000000000e-02 4.7296021936602795e-01
6.6666666666666663e-01 2.6666666666666666e-01 1.0000000000000000e-02 6.6324850943005376e-01
6.6666666666666663e-01 3.3333333333333331e-01 1.0000000000000000e-02 8.6842416198783412e-01
6.6666666666666663e-01 4.0000000000000002e-01 1.0000000000000000e-02 1.0879519880010886e+00
6.6666666666666663e-01 4.6666666666666667e-01 1.0000000000000000e-02 1.3213250861654458e+00
6.6666666666666663e-01 5.3333333333333333e-01 1.0000000000000000e-02 1.5680529834107946e+00
6.6666666666666663e-01 5.9999999999999998e-01 1.0000000000000000e-02 1.8276520461269352e+00
6.6666666666666663e-01 6.6666666666666663e-01 1.0000000000000000e-02 2.0996297586464188e+00
6.6666666666666663e-01 7.3333333333333328e-01 1.0000000000000000e-02 2.3834538454631695e+00
7.3333333333333328e-01 0.0000000000000000e+00 1.0000000000000000e-02 -2.4076001763414512e-03
7.3333333333333328e-01 6.6666666666666666e-02 1.0000000000000000e-02 1.4009914500585230e-01
7.3333333333333328e-01 1.3333333333333333e-01 1.0000000000000000e-02 3.0057206047667040e-01
7.3333333333333328e-01 2.0000000000000001e-01 1.0000000000000000e-02 4.7835448004144698e-01
7.3333333333333328e-01 2.6666666666666666e-01 1.0000000000000000e-02 6.7280717062187079e-01
7.3333333333333328e-01 3.3333333333333331e-01 1.0000000000000000e-02 8.8334403824915309e-01
7.3333333333333328e-01 4.0000000000000002e-01 1.0000000000000000e-02 1.1094319063987710e+00
7.3333333333333328e-01 4.6666666666666667e-01 1.0000000000000000e-02 1.3505716230058560e+00
7.3333333333333328e-01 5.3333333333333333e-01 1.0000000000000000e-02 1.6062749632003941e+00
7.3333333333333328e-01 5.9999999999999998e-01 1.0000000000000000e-02 1.8760415547470006e+00
7.3333333333333328e-01 6.6666666666666663e-01 1.0000000000000000e-02 2.1593308246934138e+00
8.0000000000000004e-01 0.0000000000000000e+00 1.0000000000000000e-02 -2.3033514257411181e-03
8.0000000000000004e-01 6.6666666666666666e-02 1.0000000000000000e-02 1.4077051007229402e-01
8.0000000000000004e-01 1.3333333333333333e-01 1.0000000000000000e-02 3.0309874774840795e-01
8.0000000000000004e-01 2.0000000000000001e-01 1.0000000000000000e-02 4.8404167661896308e-01
8.0000000000000004e-01 2.6666666666666666e-01 1.0000000000000000e-02 6.8295616545424220e-01
8.0000000000000004e-01 3.3333333333333331e-01 1.0000000000000000e-02 8.9924758429542906e-01
8.0000000000000004e-01 4.0000000000000002e-01 1.0000000000000000e-02 1.1323771570442356e+00
8.0000000000000004e-01 4.6666666666666667e-01 1.0000000000000000e-02 1.3818401140176397e+00
8.0000000000000004e-01 5.3333333333333333e-01 1.0000000000000000e-02 1.6471317840641584e+00
8.6666666666666670e-01 0.0000000000000000e+00 1.0000000000000000e-02 -2.2918743803803654e-03
8.6666666666666670e-01 6.6666666666666666e-02 1.0000000000000000e-02 1.4141415146140374e-01
8.6666666666666670e-01 1.3333333333333333e-01 1.0000000000000000e-02 3.0573049335205704e-01
8.6666666666666670e-01 2.0000000000000001e-01 1.0000000000000000e-02 4.9005585714834882e-01
8.6666666666666670e-01 2.6666666666666666e-01 1.0000000000000000e-02 6.9375332967766190e-01
8.6666666666666670e-01 3.3333333333333331e-01 1.0000000000000000e-02 9.1621821276797533e-01
8.6666666666666670e-01 4.0000000000000002e-01 1.0000000000000000e-02 1.1568946236603204e+00
8.6666666666666670e-01 4.6666666666666667e-01 1.0000000000000000e-02 1.4152528765351498e+00
9.3333333333333335e-01 0.0000000000000000e+00 1.0000000000000000e-02 -2.3809019270051301e-03
9.3333333333333335e-01 6.6666666666666666e-02 1.0000000000000000e-02 1.4205297839299924e-01
9.3333333333333335e-01 1.3333333333333333e-01 1.0000000000000000e-02 3.0851570891373320e-01
9.3333333333333335e-01 2.0000000000000001e-01 1.0000000000000000e-02 4.9646808253648578e-01
9.3333333333333335e-01 2.6666666666666666e-01 1.0000000000000000e-02 7.0529052032877659e-01
9.3333333333333335e-01 3.3333333333333331e-01 1.0000000000000000e-02 9.3436541023579067e-01
0.0000000000000000e+00 5.3333333333333333e-01 1.3000000000000001e-02 1.2990332876902335e+00
0.0000000000000000e+00 5.9999999999999998e-01 1.3000000000000001e-02 1.4869821060607842e+00
0.0000000000000000e+00 6.6666666666666663e-01 1.3000000000000001e-02 1.6788795552626876e+00
0.0000000000000000e+00 7.3333333333333328e-01 1.3000000000000001e-02 1.8742733616467286e+00
0.0000000000000000e+00 8.0000000000000004e-01 1.3000000000000001e-02 2.0727038988999444e+00
0.0000000000000000e+00 8.6666666666666670e-01 1.3000000000000001e-02 2.2737072720630493e+00
0.0000000000000000e+00 9.3333333333333335e-01 1.3000000000000001e-02 2.4768324406366067e+00
6.6666666666666666e-02 5.3333333333333333e-01 1.3000000000000001e-02 1.3186343512035070e+00
6.6666666666666666e-02 5.9999999999999998e-01 1.3000000000000001e-02 1.5118546087876468e+00
6.6666666666666666e-02 6.6666666666666663e-01 1.3000000000000001e-02 1.7095940555709099e+00
6.6666666666666666e-02 7.3333333333333328e-01 1.3000000000000001e-02 1.9113900308118517e+00
6.6666666666666666e-02 8.0000000000000004e-01 1.3000000000000001e-02 2.1167862609162293e+00
6.6666666666666666e-02 8.6666666666666670e-01 1.3000000000000001e-02 2.3253341816656032e+00
6.6666666666666666e-02 9.3333333333333335e-01 1.3000000000000001e-02 2.5366047618458754e+00
1.3333333333333333e-01 5.3333333333333333e-01 1.3000000000000001e-02 1.3395733298114076e+00
1.3333333333333333e-01 5.9999999999999998e-01 1.3000000000000001e-02 1.5383961485214872e+00
1.3333333333333333e-01 6.6666666666666663e-01 1.3000000000000001e-02 1.7423549366245272e+00
1.3333333333333333e-01 7.3333333333333328e-01 1.3000000000000001e-02 1.9509838161256119e+00
1.3333333333333333e-01 8.0000000000000004e-01 1.3000000000000001e-02 2.1638359959532583e+00
1.3333333333333333e-01 8.6666666666666670e-01 1.3000000000000001e-02 2.3804816884432456e+00
1.3333333333333333e-01 9.3333333333333335e-01 1.3000000000000001e-02 2.6005128061413378e+00
2.0000000000000001e-01 4.6666666666666667e-01 1.3000000000000001e-02 1.1634612111851825e+00
2.0000000000000001e-01 5.3333333333333333e-01 1.3000000000000001e-02 1.3619370051248421e+00
2.0000000000000001e-01 5.9999999999999998e-01 1.3000000000000001e-02 1.5667183047054491e+00
2.0000000000000001e-01 6.6666666666666663e-01 1.3000000000000001e-02 1.7773070814588849e+00
2.0000000000000001e-01 7.3333333333333328e-01 1.3000000000000001e-02 1.9932409968710332e+00
2.0000000000000001e-01 8.0000000000000004e-01 1.3000000000000001e-02 2.2140868120130461e+00
2.0000000000000001e-01 8.6666666666666670e-01 1.3000000000000001e-02 2.4394332095649847e+00
2.0000000000000001e-01 9.3333333333333335e-01 1.3000000000000001e-02 2.6688867092931767e+00
2.6666666666666666e-01 4.6666666666666667e-01 1.3000000000000001e-02 1.1817350011028480e+00
2.6666666666666666e-01 5.3333333333333333e-01 1.3000000000000001e-02 1.3858229185892657e+00
2.6666666666666666e-01 5.9999999999999998e-01 1.3000000000000001e-02 1.5969498411552099e+00
2.6666666666666666e-01 6.6666666666666663e-01 1.3000000000000001e-02 1.8146183670431260e+00
2.6666666666666666e-01 7.3333333333333328e-01 1.3000000000000001e-02 2.0383748147330643e+00
2.6666666666666666e-01 8.0000000000000004e-01 1.3000000000000001e-02 2.2678002328442810e+00
2.6666666666666666e-01 8.6666666666666670e-01 1.3000000000000001e-02 2.5024965472003475e+00
2.6666666666666666e-01 9.3333333333333335e-01 1.3000000000000001e-02 2.7420723743633202e+00
3.3333333333333331e-01 4.0000000000000002e-01 1.3000000000000001e-02 9.9958893420351691e-01
3.3333333333333331e-01 4.6666666666666667e-01 1.3000000000000001e-02 1.2012788659710965e+00
3.3333333333333331e-01 5.3333333333333333e-01 1.3000000000000001e-02 1.4113408488172539e+00
3.3333333333333331e-01 5.9999999999999998e-01 1.3000000000000001e-02 1.6292377681373800e+00
3.3333333333333331e-01 6.6666666666666663e-01 1.3000000000000001e-02 1.8544793128718675e+00
3.3333333333333331e-01 7.3333333333333328e-01 1.3000000000000001e-02 2.0866226502700305e+00
3.3333333333333331e-01 8.0000000000000004e-01 1.3000000000000001e-02 2.3252593254239287e+00
3.3333333333333331e-01 8.6666666666666670e-01 1.3000000000000001e-02 2.5699934157952669e+00
3.3333333333333331e-01 9.3333333333333335e-01 1.3000000000000001e-02 2.8204164022311153e+00
4.0000000000000002e-01 3.3333333333333331e-01 1.3000000000000001e-02 8.1755122009751413e-01
4.0000000000000002e-01 4.0000000000000002e-01 1.3000000000000001e-02 1.0149724674131755e+00
4.0000000000000002e-01 4.6666666666666667e-01 1.3000000000000001e-02 1.2221797634179268e+00
4.0000000000000002e-01 5.3333333333333333e-01 1.3000000000000001e-02 1.4386134513792395e+00
4.0000000000000002e-01 5.9999999999999998e-01 1.3000000000000001e-02 1.6637467174877432e+00
4.0000000000000002e-01 6.6666666666666663e-01 1.3000000000000001e-02 1.8971001577074922e+00
4.0000000000000002e-01 7.3333333333333328e-01 1.3000000000000001e-02 2.1382398202915800e+00
4.0000000000000002e-01 8.0000000000000004e-01 1.3000000000000001e-02 2.3867584377913209e+00
4.0000000000000002e-01 8.6666666666666670e-01 1.3000000000000001e-02 2.6422446744384644e+00
4.6666666666666667e-01 2.0000000000000001e-01 1.3000000000000001e-02 4.5853234358431816e-01
4.6666666666666667e-01 2.6666666666666666e-01 1.3000000000000001e-02 6.3788169856607158e-01
4.6666666666666667e-01 3.3333333333333331e-01 1.3000000000000001e-02 8.2903472088523000e-01
4.6666666666666667e-01 4.0000000000000002e-01 1.3000000000000001e-02 1.0314371152644635e+00
4.6666666666666667e-01 4.6666666666666667e-01 1.3000000000000001e-02 1.2445321270573106e+00
4.6666666666666667e-01 5.3333333333333333e-01 1.3000000000000001e-02 1.4677757488445848e+00
4.6666666666666667e-01 5.9999999999999998e-01 1.3000000000000001e-02 1.7006562642938783e+00
4.6666666666666667e-01 6.6666666666666663e-01 1.3000000000000001e-02 1.9427050438228799e+00
4.6666666666666667e-01 7.3333333333333328e-01 1.3000000000000001e-02 2.1934898278731030e+00
4.6666666666666667e-01 8.0000000000000004e-01 1.3000000000000001e-02 2.4525890281159146e+00
4.6666666666666667e-01 8.6666666666666670e-01 1.3000000000000001e-02 2.7195516658565531e+00
5.3333333333333333e-01 0.0000000000000000e+00 1.3000000000000001e-02 -2.9548917355990967e-03
5.3333333333333333e-01 6.6666666666666666e-02 1.3000000000000001e-02 1.3806409237859518e-01
5.3333333333333333e-01 1.3333333333333333e-01 1.3000000000000001e-02 2.9360376511296615e-01
5.3333333333333333e-01 2.0000000000000001e-01 1.3000000000000001e-02 4.6304643719753291e-01
5.3333333333333333e-01 2.6666666666666666e-01 1.3000000000000001e-02 6.4580614341293274e-01
5.3333333333333333e-01 3.3333333333333331e-01 1.3000000000000001e-02 8.4132222692221004e-01
5.3333333333333333e-01 4.0000000000000002e-01 1.3000000000000001e-02 1.0490463158604404e+00
5.3333333333333333e-01 4.6666666666666667e-01 1.3000000000000001e-02 1.2684380796965504e+00
5.3333333333333333e-01 5.3333333333333333e-01 1.3000000000000001e-02 1.4989732480778932e+00
5.3333333333333333e-01 5.9999999999999998e-01 1.3000000000000001e-02 1.7401560043821136e+00
5.3333333333333333e-01 6.6666666666666663e-01 1.3000000000000001e-02 1.9915232567552237e+00
5.3333333333333333e-01 7.3333333333333328e-01 1.3000000000000001e-02 2.2526312499705532e+00
5.3333333333333333e-01 8.0000000000000004e-01 1.3000000000000001e-02 2.5230220803326233e+00
5.9999999999999998e-01 0.0000000000000000e+00 1.3000000000000001e-02 -2.7684481869719169e-03
5.9999999999999998e-01 6.6666666666666666e-02 1.3000000000000001e-02 1.3872265332858685e-01
5.9999999999999998e-01 1.3333333333333333e-01 1.3000000000000001e-02 2.9581382111615312e-01
5.9999999999999998e-01 2.0000000000000001e-01 1.3000000000000001e-02 4.6786395765264743e-01
5.9999999999999998e-01 2.6666666666666666e-01 1.3000000000000001e-02 6.5426479034050256e-01
5.9999999999999998e-01 3.3333333333333331e-01 1.3000000000000001e-02 8.5444666052986440e-01
5.9999999999999998e-01 4.0000000000000002e-01 1.3000000000000001e-02 1.0678682227916949e+00
5.9999999999999998e-01 4.6666666666666667e-01 1.3000000000000001e-02 1.2940070760076217e+00
5.9999999999999998e-01 5.3333333333333333e-01 1.3000000000000001e-02 1.5323585901438777e+00
5.9999999999999998e-01 5.9999999999999998e-01 1.3000000000000001e-02 1.7824384210739930e+00
5.9999999999999998e-01 6.6666666666666663e-01 1.3000000000000001e-02 2.0437777810039868e+00
5.9999999999999998e-01 7.3333333333333328e-01 1.3000000000000001e-02 2.3159018252859558e+00
6.6666666666666663e-01 0.0000000000000000e+00 1.3000000000000001e-02 -2.5741923541700573e-03
6.6666666666666663e-01 6.6666666666666666e-02 1.3000000000000001e-02 1.3941200568378159e-01
6.6666666666666663e-01 1.3333333333333333e-01 1.3000000000000001e-02 2.9814634235085813e-01
6.6666666666666663e-01 2.0000000000000001e-01 1.3000000000000001e-02 4.7297318461730420e-01
6.6666666666666663e-01 2.6666666666666666e-01 1.3000000000000001e-02 6.6326563163832220e-01
6.6666666666666663e-01 3.3333333333333331e-01 1.3000000000000001e-02 8.6844557833155966e-01
6.6666666666666663e-01 4.0000000000000002e-01 1.3000000000000001e-02 1.0879776765885576e+00
6.6666666666666663e-01 4.6666666666666667e-01 1.3000000000000001e-02 1.3213549074121522e+00
6.6666666666666663e-01 5.3333333333333333e-01 1.3000000000000001e-02 1.5680867882023655e+00
6.6666666666666663e-01 5.9999999999999998e-01 1.3000000000000001e-02 1.8276898170781863e+00
6.6666666666666663e-01 6.6666666666666663e-01 1.3000000000000001e-02 2.0996717442430133e+00
6.6666666666666663e-01 7.3333333333333328e-01 1.3000000000000001e-02 2.3835006528464442e+00
7.3333333333333328e-01 0.0000000000000000e+00 1.3000000000000001e-02 -2.4071661509102449e-03
7.3333333333333328e-01 6.6666666666666666e-02 1.3000000000000001e-02 1.4010370620486801e-01
7.3333333333333328e-01 1.3333333333333333e-01 1.3000000000000001e-02 3.0058082804446645e-01
7.3333333333333328e-01 2.0000000000000001e-01 1.3000000000000001e-02 4.7836761596561217e-01
7.3333333333333328e-01 2.6666666666666666e-01 1.3000000000000001e-02 6.7282479474811652e-01
7.3333333333333328e-01 3.3333333333333331e-01 1.3000000000000001e-02 8.8336613251157370e-01
7.3333333333333328e-01 4.0000000000000002e-01 1.3000000000000001e-02 1.1094582953519012e+00
7.3333333333333328e-01 4.6666666666666667e-01 1.3000000000000001e-02 1.3506020514307737e+00
7.3333333333333328e-01 5.3333333333333333e-01 1.3000000000000001e-02 1.6063092551484914e+00
7.3333333333333328e-01 5.9999999999999998e-01 1.3000000000000001e-02 1.8760798082759302e+00
7.3333333333333328e-01 6.6666666666666663e-01 1.3000000000000001e-02 2.1593735836010630e+00
8.0000000000000004e-01 0.0000000000000000e+00 1.3000000000000001e-02 -2.3040998405360891e-03
8.0000000000000004e-01 6.6666666666666666e-02 1.3000000000000001e-02 1.4077467121933712e-01
8.0000000000000004e-01 1.3333333333333333e-01 1.3000000000000001e-02 3.0310774261934403e-01
8.0000000000000004e-01 2.0000000000000001e-01 1.3000000000000001e-02 4.8405548421282585e-01
8.0000000000000004e-01 2.6666666666666666e-01 1.3000000000000001e-02 6.8297471045035030e-01
8.0000000000000004e-01 3.3333333333333331e-01 1.3000000000000001e-02 8.9927066840017356e-01
8.0000000000000004e-01 4.0000000000000002e-01 1.3000000000000001e-02 1.1324044767424195e+00
8.0000000000000004e-01 4.6666666666666667e-01 1.3000000000000001e-02 1.3818713827865448e+00
8.0000000000000004e-01 5.3333333333333333e-01 1.3000000000000001e-02 1.6471669370535795e+00
8.6666666666666670e-01 0.0000000000000000e+00 1.3000000000000001e-02 -2.2933781593675318e-03
8.6666666666666670e-01 6.6666666666666666e-02 1.3000000000000001e-02 1.4141834980262524e-01
8.6666666666666670e-01 1.3333333333333333e-01 1.3000000000000001e-02 3.0574012253210736e-01
8.6666666666666670e-01 2.0000000000000001e-01 1.3000000000000001e-02 4.9007066953987971e-01
8.6666666666666670e-01 2.6666666666666666e-01 1.3000000000000001e-02 6.9377303158190184e-01
8.6666666666666670e-01 3.3333333333333331e-01 1.3000000000000001e-02 9.1624244514366837e-01
8.6666666666666670e-01 4.0000000000000002e-01 1.3000000000000001e-02 1.1569230308502076e+00
8.6666666666666670e-01 4.6666666666666667e-01 1.3000000000000001e-02 1.4152852734847914e+00
9.3333333333333335e-01 0.0000000000000000e+00 1.3000000000000001e-02 -2.3827927469112775e-03
9.3333333333333335e-01 6.6666666666666666e-02 1.3000000000000001e-02 1.4205751678381595e-01
9.3333333333333335e-01 1.3333333333333333e-01 1.3000000000000001e-02 3.0852618541550608e-01
9.3333333333333335e-01 2.0000000000000001e-01 1.3000000000000001e-02 4.9648401163298850e-01
9.3333333333333335e-01 2.6666666666666666e-01 1.3000000000000001e-02 7.0531141201489267e-01
9.3333333333333335e-01 3.3333333333333331e-01 1.3000000000000001e-02 9.3439081608074870e-01
3.7215330208464063e-02 2.6616929481360903e-03 5.2166745594116259e-01 3.5120620825497828e-03
3.6457733405569799e-02 7.9308944516728406e-03 5.2166745594116259e-01 1.5531222439798209e-02
3.4957962285959432e-02 1.3038645814984514e-02 5.2166745594116259e-01 2.7234481206864225e-02
3.2746547864645467e-02 1.7880967949852677e-02 5.2166745594116259e-01 3.8376153208256158e-02
2.9868508162053276e-02 2.2359285141715330e-02 5.2166745594116259e-01 4.8719301820218941e-02
2.6382431766946497e-02 2.6382431766946494e-02 5.2166745594116259e-01 5.8041480728556916e-02
2.2359285141715333e-02 2.9868508162053276e-02 5.2166745594116259e-01 6.6140310072242636e-02
1.7880967949852677e-02 3.2746547864645467e-02 5.2166745594116259e-01 7.2838672924435938e-02
1.3038645814984517e-02 3.4957962285959432e-02 5.2166745594116259e-01 7.7989329083797576e-02
7.9308944516728389e-03 3.6457733405569799e-02 5.2166745594116259e-01 8.1478768000258855e-02
2.6616929481360911e-03 3.7215330208464063e-02 5.2166745594116259e-01 8.3230158330236947e-02
1.1088839382249792e-01 7.9308944516728406e-03 5.1104781090291640e-01 1.5617260019385515e-02
1.0863102589999329e-01 2.3631233214793441e-02 5.1104781090291640e-01 5.1638015327578946e-02
1.0416224355617469e-01 3.8850508216510031e-02 5.1104781090291640e-01 8.7057727385618011e-02
9.7573018312658175e-02 5.3278898906552526e-02 5.1104781090291640e-01 1.2107237158962969e-01
8.8997487793645233e-02 6.6622684858514497e-02 5.1104781090291640e-01 1.5288185487199099e-01
7.8610225070715106e-02 7.8610225070715092e-02 5.1104781090291640e-01 1.8171785203177115e-01
6.6622684858514511e-02 8.8997487793645233e-02 5.1104781090291640e-01 2.0687161327789605e-01
5.3278898906552526e-02 9.7573018312658175e-02 5.1104781090291640e-01 2.2771973500256021e-01
3.8850508216510038e-02 1.0416224355617469e-01 5.1104781090291640e-01 2.4374618195086056e-01
2.3631233214793435e-02 1.0863102589999329e-01 5.1104781090291640e-01 2.5455932447173701e-01
7.9308944516728423e-03 1.1088839382249792e-01 5.1104781090291640e-01 2.5990331767269648e-01
1.8230408951402718e-01 1.3038645814984515e-02 4.9002470617487537e-01 2.7120324649537120e-02
1.7859290397310285e-01 3.8850508216510038e-02 4.9002470617487537e-01 8.6489107661738618e-02
1.7124608192669205e-01 6.3871486306361469e-02 4.9002470617487537e-01 1.4546822033825571e-01
1.6041318348517450e-01 8.7592225125171883e-02 4.9002470617487537e-01 2.0258501876947482e-01
1.4631473522132002e-01 1.0952983883555230e-01 4.9002470617487537e-01 2.5633582522892079e-01
1.2923774088521328e-01 1.2923774088521325e-01 4.9002470617487537e-01 3.0525772232162640e-01
1.0952983883555231e-01 1.4631473522132002e-01 4.9002470617487537e-01 3.4799942548062990e-01
8.7592225125171883e-02 1.6041318348517450e-01 4.9002470617487537e-01 3.8338427353243137e-01
6.3871486306361483e-02 1.7124608192669205e-01 4.9002470617487537e-01 4.1045996698295462e-01
3.8850508216510024e-02 1.7859290397310285e-01 4.9002470617487537e-01 4.2853194162377217e-01
1.3038645814984517e-02 1.8230408951402718e-01 4.9002470617487537e-01 4.3717972570002894e-01
2.5000859966463207e-01 1.7880967949852677e-02 4.5902611154367473e-01 3.7696032380678257e-02
2.4491914554072591e-01 5.3278898906552519e-02 4.5902611154367473e-01 1.1908885003688202e-01
2.3484384390210261e-01 8.7592225125171869e-02 4.5902611154367473e-01 2.0080406354068170e-01
2.1998779883535388e-01 1.2012242623536123e-01 4.5902611154367473e-01 2.8057542296052490e-01
2.0065343657674251e-01 1.5020728115187060e-01 4.5902611154367473e-01 3.5604223879575114e-01
1.7723434898615723e-01 1.7723434898615720e-01 4.5902611154367473e-01 4.2489459603201035e-01
1.5020728115187063e-01 2.0065343657674251e-01 4.5902611154367473e-01 4.8501362490440664e-01
1.2012242623536123e-01 2.1998779883535388e-01 4.5902611154367473e-01 5.3459041735448176e-01
8.7592225125171883e-02 2.3484384390210261e-01 4.5902611154367473e-01 5.7221177049413163e-01
5.3278898906552505e-02 2.4491914554072591e-01 4.5902611154367473e-01 5.9690725658512622e-01
1.7880967949852680e-02 2.5000859966463207e-01 4.5902611154367473e-01 6.0815879952764984e-01
3.1262365569133077e-01 2.2359285141715333e-02 4.1868306900344049e-01 4.7083778323010750e-02
3.0625953959363184e-01 6.6622684858514497e-02 4.1868306900344049e-01 1.4860650666187949e-01
2.9366086244938772e-01 1.0952983883555230e-01 4.1868306900344049e-01 2.5161932964587275e-01
2.7508409699367059e-01 1.5020728115187060e-01 4.1868306900344049e-01 3.5294188321004949e-01
2.5090741260019106e-01 1.8782693638596609e-01 4.1868306900344049e-01 4.4921161609704424e-01
2.2162297684339985e-01 2.2162297684339982e-01 4.1868306900344049e-01 5.3713547056240307e-01
1.8782693638596612e-01 2.5090741260019106e-01 4.1868306900344049e-01 6.1372785398541196e-01
1.5020728115187060e-01 2.7508409699367059e-01 4.1868306900344049e-01 6.7650386377379357e-01
1.0952983883555233e-01 2.9366086244938772e-01 4.1868306900344049e-01 7.2360630881864374e-01
6.6622684858514483e-02 3.0625953959363184e-01 4.1868306900344049e-01 7.5385850586944092e-01
2.2359285141715337e-02 3.1262365569133077e-01 4.1868306900344049e-01 7.6674889636498356e-01
3.6887459562033059e-01 2.6382431766946497e-02 3.6981684656056441e-01 5.5108470128336695e-02
3.6136537259999263e-01 7.8610225070715106e-02 3.6981684656056441e-01 1.7442017556337203e-01
3.4649979268519981e-01 1.2923774088521325e-01 3.6981684656056441e-01 2.9674679589879532e-01
3.2458047621422492e-01 1.7723434898615720e-01 3.6981684656056441e-01 4.1790275836106444e-01
2.9605363726032796e-01 2.2162297684339979e-01 3.6981684656056441e-01 5.3341479405622017e-01
2.6150000000000001e-01 2.6149999999999995e-01 3.6981684656056441e-01 6.3891079585504373e-01
2.2162297684339985e-01 2.9605363726032796e-01 3.6981684656056441e-01 7.3048079478612404e-01
1.7723434898615720e-01 3.2458047621422492e-01 3.6981684656056441e-01 8.0495950457425014e-01
1.2923774088521328e-01 3.4649979268519981e-01 3.6981684656056441e-01 8.6009619463856990e-01
7.8610225070715078e-02 3.6136537259999263e-01 3.6981684656056441e-01 8.9460177793565376e-01
2.6382431766946501e-02 3.6887459562033059e-01 3.6981684656056441e-01 9.0808800739636775e-01
4.1761631252899239e-01 2.9868508162053276e-02 3.1342221958543448e-01 6.1684441800010092e-02
4.0911484871189857e-01 8.8997487793645233e-02 3.1342221958543448e-01 1.9612344574444668e-01
3.9228498636482984e-01 1.4631473522132002e-01 3.1342221958543448e-01 3.3530936301994374e-01
3.6746933295185724e-01 2.0065343657674248e-01 3.1342221958543448e-01 4.7401626737393920e-01
3.3517306361403387e-01 2.5090741260019100e-01 3.1342221958543448e-01 6.0661643126436826e-01
2.9605363726032802e-01 2.9605363726032796e-01 3.1342221958543448e-01 7.2762779274299083e-01
2.5090741260019106e-01 3.3517306361403387e-01 3.1342221958543448e-01 8.3221454591790578e-01
2.0065343657674248e-01 3.6746933295185724e-01 3.1342221958543448e-01 9.1656730920919716e-01
1.4631473522132005e-01 3.9228498636482984e-01 3.1342221958543448e-01 9.7811341632699222e-01
8.8997487793645205e-02 4.0911484871189857e-01 3.1342221958543448e-01 1.0155462911163129e+00
2.9868508162053282e-02 4.1761631252899239e-01 3.1342221958543448e-01 1.0287019429330666e+00
4.5785656562056049e-01 3.2746547864645467e-02 2.5064722005458973e-01 6.6803063032091825e-02
4.4853592629382966e-01 9.7573018312658175e-02 2.5064722005458973e-01 2.1349923207079233e-01
4.3008438897855600e-01 1.6041318348517450e-01 2.5064722005458973e-01 3.6669114386215823e-01
4.0287757376463884e-01 2.1998779883535391e-01 2.5064722005458973e-01 5.2015608583164319e-01
3.6746933295185724e-01 2.7508409699367059e-01 2.5064722005458973e-01 6.6715807789315484e-01
3.2458047621422498e-01 3.2458047621422492e-01 2.5064722005458973e-01 8.0115951718606382e-01
2.7508409699367065e-01 3.6746933295185724e-01 2.5064722005458973e-01 9.1646420174395293e-01
2.1998779883535391e-01 4.0287757376463884e-01 2.5064722005458973e-01 1.0086940894383072e+00
1.6041318348517453e-01 4.3008438897855600e-01 2.5064722005458973e-01 1.0750340278139587e+00
9.7573018312658147e-02 4.4853592629382966e-01 2.5064722005458973e-01 1.1142341238320590e+00
3.2746547864645474e-02 4.5785656562056049e-01 2.5064722005458973e-01 1.1264144170478974e+00
4.8877617938539758e-01 3.4957962285959432e-02 1.8276976593032848e-01 7.0509384824284427e-02
4.7882610588721775e-01 1.0416224355617469e-01 1.8276976593032848e-01 2.2647233753360990e-01
4.5912851369363850e-01 1.7124608192669205e-01 1.8276976593032848e-01 3.9048721304232009e-01
4.3008438897855594e-01 2.3484384390210261e-01 1.8276976593032848e-01 5.5546996302014850e-01
3.9228498636482984e-01 2.9366086244938766e-01 1.8276976593032848e-01 7.1372639031958329e-01
3.4649979268519987e-01 3.4649979268519981e-01 1.8276976593032848e-01 8.5781323937071718e-01
2.9366086244938772e-01 3.9228498636482984e-01 1.8276976593032848e-01 9.8130963494383139e-01
2.3484384390210261e-01 4.3008438897855594e-01 1.8276976593032848e-01 1.0793789836982164e+00
1.7124608192669208e-01 4.5912851369363850e-01 1.8276976593032848e-01 1.1490399148154702e+00
1.0416224355617466e-01 4.7882610588721775e-01 1.8276976593032848e-01 1.1891379468338130e+00
3.4957962285959439e-02 4.8877617938539758e-01 1.8276976593032848e-01 1.2000804194254626e+00
5.0974571965205495e-01 3.6457733405569799e-02 1.1117164643620676e-01 7.2874695303804693e-02
4.9936876678520653e-01 1.0863102589999328e-01 1.1117164643620676e-01 2.3505396994280953e-01
4.7882610588721775e-01 1.7859290397310285e-01 1.1117164643620676e-01 4.0644955779049752e-01
4.4853592629382960e-01 2.4491914554072589e-01 1.1117164643620676e-01 5.7934209964759831e-01
4.0911484871189857e-01 3.0625953959363178e-01 1.1117164643620676e-01 7.4533075962221762e-01
3.6136537259999263e-01 3.6136537259999257e-01 1.1117164643620676e-01 8.9630801336692678e-01
3.0625953959363184e-01 4.0911484871189857e-01 1.1117164643620676e-01 1.0253285169396400e+00
2.4491914554072589e-01 4.4853592629382960e-01 1.1117164643620676e-01 1.1272348754194192e+00
1.7859290397310287e-01 4.7882610588721775e-01 1.1117164643620676e-01 1.1989458665332005e+00
1.0863102589999325e-01 4.9936876678520653e-01 1.1117164643620676e-01 1.2394010098567791e+00
3.6457733405569806e-02 5.0974571965205495e-01 1.1117164643620676e-01 1.2492397292798287e+00
5.2033830705186390e-01 3.7215330208464063e-02 3.7310392813198520e-02 7.3970722441752901e-02
5.0974571965205495e-01 1.1088839382249792e-01 3.7310392813198520e-02 2.3928917369656044e-01
4.8877617938539758e-01 1.8230408951402718e-01 3.7310392813198520e-02 4.1444017277824335e-01
4.5785656562056043e-01 2.5000859966463207e-01 3.7310392813198520e-02 5.9136775038744416e-01
4.1761631252899239e-01 3.1262365569133077e-01 3.7310392813198520e-02 7.6129721831804342e-01
3.6887459562033059e-01 3.6887459562033054e-01 3.7310392813198520e-02 9.1577056148544134e-01
3.1262365569133083e-01 4.1761631252899239e-01 3.7310392813198520e-02 1.0475677384565214e+00
2.5000859966463207e-01 4.5785656562056043e-01 3.7310392813198520e-02 1.1513671594912709e+00
1.8230408951402721e-01 4.8877617938539758e-01 3.7310392813198520e-02 1.2240425924494391e+00
1.1088839382249789e-01 5.0974571965205495e-01 3.7310392813198520e-02 1.2645914262987903e+00
3.7215330208464070e-02 5.2033830705186390e-01 3.7310392813198520e-02 1.2737823740305085e+00
4.7983819637809302e-02 3.4318705124788467e-03 6.7261520928551433e-01 5.9302389962490598e-03
4.7007007443892738e-02 1.0225748550499781e-02 6.7261520928551433e-01 2.2677723350738255e-02
4.5073268135433990e-02 1.6811459836656259e-02 6.7261520928551433e-01 3.9001132865632920e-02
4.2221967068309614e-02 2.3054938280785191e-02 6.7261520928551433e-01 5.4555401393224789e-02
3.8511148509772962e-02 2.8829084666469159e-02 6.7261520928551433e-01 6.9006691577558454e-02
3.4016354024558805e-02 3.4016354024558798e-02 6.7261520928551433e-01 8.2040800827250765e-02
2.8829084666469166e-02 3.8511148509772962e-02 6.7261520928551433e-01 9.3371363813490094e-02
2.3054938280785191e-02 4.2221967068309614e-02 6.7261520928551433e-01 1.0274750379093478e-01
1.6811459836656262e-02 4.5073268135433990e-02 6.7261520928551433e-01 1.0996060793648946e-01
1.0225748550499779e-02 4.7007007443892738e-02 6.7261520928551433e-01 1.1484994900211618e-01
3.4318705124788476e-03 4.7983819637809302e-02 6.7261520928551433e-01 1.1730694022072552e-01
1.4297464671951135e-01 1.0225748550499783e-02 6.5892270328655189e-01 2.2651478931773550e-02
1.4006409521713603e-01 3.0469078899634888e-02 6.5892270328655189e-01 7.2833361536834840e-02
1.3430224264763635e-01 5.0092146667941241e-02 6.5892270328655189e-01 1.2232931880238218e-01
1.2580638371351657e-01 6.8695482783910619e-02 6.5892270328655189e-01 1.6998035369985398e-01
1.1474946960264137e-01 8.5900376971813144e-02 6.5892270328655189e-01 2.1462409912588365e-01
1.0135658720080094e-01 1.0135658720080093e-01 6.5892270328655189e-01 2.5514043445743934e-01
8.5900376971813172e-02 1.1474946960264137e-01 6.5892270328655189e-01 2.9049669262702232e-01
6.8695482783910619e-02 1.2580638371351657e-01 6.5892270328655189e-01 3.1978869880259891e-01
5.0092146667941248e-02 1.3430224264763635e-01 6.5892270328655189e-01 3.4227461059548531e-01
3.0469078899634877e-02 1.4006409521713603e-01 6.5892270328655189e-01 3.5739960067046833e-01
1.0225748550499784e-02 1.4297464671951135e-01 6.5892270328655189e-01 3.6481061999151448e-01
2.3505492229883809e-01 1.6811459836656259e-02 6.3181643122483933e-01 3.8443294759836100e-02
2.3026988192325498e-01 5.0092146667941234e-02 6.3181643122483933e-01 1.2100489735676401e-01
2.2079721079521861e-01 8.2353101846889265e-02 6.3181643122483933e-01 2.0348741146239568e-01
2.0682974518196814e-01 1.1293758535896921e-01 6.3181643122483933e-01 2.8369298616136279e-01
1.8865182240454456e-01 1.4122298531824237e-01 6.3181643122483933e-01 3.5935513260926794e-01
1.6663349254989576e-01 1.6663349254989573e-01 6.3181643122483933e-01 4.2826733734767869e-01
1.4122298531824240e-01 1.8865182240454456e-01 6.3181643122483933e-01 4.8840719368135371e-01
1.1293758535896921e-01 2.0682974518196814e-01 6.3181643122483933e-01 5.3804213845711379e-01
8.2353101846889279e-02 2.2079721079521861e-01 6.3181643122483933e-01 5.7580680566996867e-01
5.0092146667941220e-02 2.3026988192325498e-01 6.3181643122483933e-01 6.0074730964889511e-01
1.6811459836656262e-02 2.3505492229883809e-01 6.3181643122483933e-01 6.1233330215734050e-01
3.2235015750258167e-01 2.3054938280785194e-02 5.9184819863151938e-01 5.2756441721665770e-02
3.1578803787692067e-01 6.8695482783910619e-02 5.9184819863151938e-01 1.6560861421915890e-01
3.0279738445758675e-01 1.1293758535896922e-01 5.9184819863151938e-01 2.7990153586335731e-01
2.8364264948624662e-01 1.5488060438122103e-01 5.9184819863151938e-01 3.9211922800295290e-01
2.5871376812922248e-01 1.9367070093705174e-01 5.9184819863151938e-01 4.9856324113935113e-01
2.2851822052198600e-01 2.2851822052198598e-01 5.9184819863151938e-01 5.9562990328551968e-01
1.9367070093705180e-01 2.5871376812922248e-01 5.9184819863151938e-01 6.8006970788238141e-01
1.5488060438122103e-01 2.8364264948624662e-01 5.9184819863151938e-01 7.4919470562456614e-01
1.1293758535896924e-01 3.0279738445758675e-01 5.9184819863151938e-01 8.0101100412233661e-01
6.8695482783910591e-02 3.1578803787692067e-01 5.9184819863151938e-01 8.3426891512542545e-01
2.3054938280785198e-02 3.2235015750258167e-01 5.9184819863151938e-01 8.4843907369323657e-01
4.0308327308066416e-01 2.8829084666469159e-02 5.3983164346332702e-01 6.5183911114165050e-02
3.9487766003691338e-01 8.5900376971813144e-02 5.3983164346332702e-01 2.0542049424003989e-01
3.7863347656794855e-01 1.4122298531824237e-01 5.3983164346332702e-01 3.4948452498936600e-01
3.5468140740484105e-01 1.9367070093705174e-01 5.3983164346332702e-01 4.9224728816073715e-01
3.2350904760368798e-01 2.4217583958496453e-01 5.3983164346332702e-01 6.2824151461285971e-01
2.8575097651637849e-01 2.8575097651637843e-01 5.3983164346332702e-01 7.5216457505393453e-01
2.4217583958496458e-01 3.2350904760368798e-01 5.3983164346332702e-01 8.5933672338052824e-01
1.9367070093705174e-01 3.5468140740484105e-01 5.3983164346332702e-01 9.4604782765865847e-01
1.4122298531824240e-01 3.7863347656794855e-01 5.3983164346332702e-01 1.0097493484540592e+00
8.5900376971813117e-02 3.9487766003691338e-01 5.3983164346332702e-01 1.0490829684071581e+00
2.8829084666469166e-02 4.0308327308066416e-01 5.3983164346332702e-01 1.0637718992010017e+00
4.7561077561499598e-01 3.4016354024558798e-02 4.7682567278012861e-01 7.5505373052476732e-02
4.6592871177169221e-01 1.0135658720080092e-01 4.7682567278012861e-01 2.3964627663227314e-01
4.4676168298416774e-01 1.6663349254989573e-01 4.7682567278012861e-01 4.1071188003045356e-01
4.1849987468539007e-01 2.2851822052198598e-01 4.7682567278012861e-01 5.8170740961852618e-01
3.8171861579199706e-01 2.8575097651637843e-01 4.7682567278012861e-01 7.4511250456888189e-01
3.3716666666666667e-01 3.3716666666666661e-01 4.7682567278012861e-01 8.9368576557708046e-01
2.8575097651637849e-01 3.8171861579199706e-01 4.7682567278012861e-01 1.0211813449443641e+00
2.2851822052198598e-01 4.1849987468539007e-01 4.7682567278012861e-01 1.1228662407818641e+00
1.6663349254989576e-01 4.4676168298416774e-01 4.7682567278012861e-01 1.1957669933240438e+00
1.0135658720080089e-01 4.6592871177169221e-01 4.7682567278012861e-01 1.2386407714113097e+00
3.4016354024558805e-02 4.7561077561499598e-01 4.7682567278012861e-01 1.2517287645339095e+00
5.3845621430602397e-01 3.8511148509772962e-02 4.0411290645081832e-01 8.3684718838634042e-02
5.2749479856225034e-01 1.1474946960264136e-01 4.0411290645081832e-01 2.6790047173189263e-01
5.0579510988913368e-01 1.8865182240454456e-01 4.0411290645081832e-01 4.6257569930130910e-01
4.7379889137132386e-01 2.5871376812922248e-01 4.0411290645081832e-01 6.5870301824476740e-01
4.3215749374836870e-01 3.2350904760368798e-01 4.0411290645081832e-01 8.4654818852717439e-01
3.8171861579199712e-01 3.8171861579199706e-01 4.0411290645081832e-01 1.0168121357042410e+00
3.2350904760368804e-01 4.3215749374836870e-01 4.0411290645081832e-01 1.1616474757112778e+00
2.5871376812922248e-01 4.7379889137132386e-01 4.0411290645081832e-01 1.2753635374763757e+00
1.8865182240454459e-01 5.0579510988913368e-01 4.0411290645081832e-01 1.3547142779514456e+00
1.1474946960264133e-01 5.2749479856225034e-01 4.0411290645081832e-01 1.3987756885486942e+00
3.8511148509772969e-02 5.3845621430602397e-01 4.0411290645081832e-01 1.4085183052922952e+00
5.9034023725327833e-01 4.2221967068309614e-02 3.2317356671155834e-01 8.9828292911276419e-02
5.7832261242346550e-01 1.2580638371351657e-01 3.2317356671155834e-01 2.9011847983740890e-01
5.5453200694940641e-01 2.0682974518196814e-01 3.2317356671155834e-01 5.0446730072016033e-01
5.1945272895211236e-01 2.8364264948624657e-01 3.2317356671155834e-01 7.2187592541283241e-01
4.7379889137132386e-01 3.5468140740484105e-01 3.2317356671155834e-01 9.3042320099716058e-01
4.1849987468539013e-01 4.1849987468539007e-01 3.2317356671155834e-01 1.1188045775633446e+00
3.5468140740484111e-01 4.7379889137132386e-01 3.2317356671155834e-01 1.2776601879120522e+00
2.8364264948624657e-01 5.1945272895211236e-01 3.2317356671155834e-01 1.4004662125413425e+00
2.0682974518196817e-01 5.5453200694940641e-01 3.2317356671155834e-01 1.4838458726226997e+00
1.2580638371351652e-01 5.7832261242346550e-01 3.2317356671155834e-01 1.5273267349732869e+00
4.2221967068309621e-02 5.9034023725327833e-01 3.2317356671155834e-01 1.5327105401859531e+00
6.3020663537071975e-01 4.5073268135433990e-02 2.3565534510965871e-01 9.4126666731086106e-02
6.1737744564043440e-01 1.3430224264763632e-01 2.3565534510965871e-01 3.0644276962823724e-01
5.9198023148644408e-01 2.2079721079521863e-01 2.3565534510965871e-01 5.3605126962858152e-01
5.5453200694940641e-01 3.0279738445758675e-01 2.3565534510965871e-01 7.7019052889322936e-01
5.0579510988913368e-01 3.7863347656794855e-01 2.3565534510965871e-01 9.9500662113177463e-01
4.4676168298416785e-01 4.4676168298416780e-01 2.3565534510965871e-01 1.1974401153707264e+00
3.7863347656794866e-01 5.0579510988913368e-01 2.3565534510965871e-01 1.3668403685843564e+00
3.0279738445758675e-01 5.5453200694940641e-01 2.3565534510965871e-01 1.4960226274047950e+00
2.2079721079521866e-01 5.9198023148644408e-01 2.3565534510965871e-01 1.5815856695316164e+00
1.3430224264763629e-01 6.1737744564043440e-01 2.3565534510965871e-01 1.6235412357300483e+00
4.5073268135434004e-02 6.3020663537071975e-01 2.3565534510965871e-01 1.6244865900454886e+00
6.5724384375787581e-01 4.7007007443892738e-02 1.4333986025522388e-01 9.6800450461954346e-02
6.4386425443369844e-01 1.4006409521713603e-01 1.4333986025522388e-01 3.1711414861358478e-01
6.1737744564043440e-01 2.3026988192325498e-01 1.4333986025522388e-01 5.5716571942641990e-01
5.7832261242346550e-01 3.1578803787692067e-01 1.4333986025522388e-01 8.0287090184202281e-01
5.2749479856225034e-01 3.9487766003691338e-01 1.4333986025522388e-01 1.0389261005617501e+00
4.6592871177169226e-01 4.6592871177169221e-01 1.4333986025522388e-01 1.2509630578602100e+00
3.9487766003691344e-01 5.2749479856225034e-01 1.4333986025522388e-01 1.4273856919656962e+00
3.1578803787692067e-01 5.7832261242346550e-01 1.4333986025522388e-01 1.5605544101212567e+00
2.3026988192325501e-01 6.1737744564043440e-01 1.4333986025522388e-01 1.6471007706497400e+00
1.4006409521713598e-01 6.4386425443369844e-01 1.4333986025522388e-01 1.6874457170782757e+00
4.7007007443892745e-02 6.5724384375787581e-01 1.4333986025522388e-01 1.6848101319077751e+00
6.7090146282085450e-01 4.7983819637809309e-02 4.8106389204015686e-02 9.8054706150083104e-02
6.5724384375787592e-01 1.4297464671951135e-01 4.8106389204015686e-02 3.2237674325052590e-01
6.3020663537071986e-01 2.3505492229883812e-01 4.8106389204015686e-02 5.6774971525161244e-01
5.9034023725327844e-01 3.2235015750258172e-01 4.8106389204015686e-02 8.1938083418235985e-01
5.3845621430602397e-01 4.0308327308066422e-01 4.8106389204015686e-02 1.0611889329382227e+00
4.7561077561499610e-01 4.7561077561499598e-01 4.8106389204015686e-02 1.2781035312082991e+00
4.0308327308066427e-01 5.3845621430602397e-01 4.8106389204015686e-02 1.4580265508885519e+00
3.2235015750258172e-01 5.9034023725327844e-01 4.8106389204015686e-02 1.5930898750839095e+00
2.3505492229883815e-01 6.3020663537071986e-01 4.8106389204015686e-02 1.6799656879723839e+00
1.4297464671951129e-01 6.5724384375787592e-01 4.8106389204015686e-02 1.7193148480368849e+00
4.7983819637809316e-02 6.7090146282085450e-01 4.8106389204015686e-02 1.7146993468800622e+00
5.8752309067154548e-02 4.2020480768216037e-03 8.2356296262986595e-01 8.8077172440032547e-03
5.7556281482215678e-02 1.2520602649326723e-02 8.2356296262986595e-01 3.1238186381874727e-02
5.5188573984908555e-02 2.0584273858328006e-02 8.2356296262986595e-01 5.3116935122204195e-02
5.1697386271973761e-02 2.8228908611717708e-02 8.2356296262986595e-01 7.3978810728843991e-02
4.7153788857492648e-02 3.5298884191222991e-02 8.2356296262986595e-01 9.3372805792996172e-02
4.1650276282171113e-02 4.1650276282171106e-02 8.2356296262986595e-01 1.1087378037060985e-01
3.5298884191222998e-02 4.7153788857492648e-02 8.2356296262986595e-01 1.2609391778761225e-01
2.8228908611717708e-02 5.1697386271973761e-02 8.2356296262986595e-01 1.3869338934581177e-01
2.0584273858328010e-02 5.5188573984908555e-02 8.2356296262986595e-01 1.4838974723568510e-01
1.2520602649326720e-02 5.7556281482215678e-02 8.2356296262986595e-01 1.5496564736865015e-01
4.2020480768216045e-03 5.8752309067154548e-02 8.2356296262986595e-01 1.5827461176372798e-01
1.7506089961652474e-01 1.2520602649326721e-02 8.0679759567018738e-01 3.1001537775278781e-02
1.7149716453427874e-01 3.7306924584476320e-02 8.0679759567018738e-01 9.8156290350584124e-02
1.6444224173909794e-01 6.1333785119372430e-02 8.0679759567018738e-01 1.6454913798062371e-01
1.5403974911437493e-01 8.4112066661268692e-02 8.0679759567018738e-01 2.2858008011550188e-01
1.4050145141163750e-01 1.0517806908511178e-01 8.0679759567018738e-01 2.8863643071929113e-01
1.2410294933088674e-01 1.2410294933088672e-01 8.0679759567018738e-01 3.4316300827061197e-01
1.0517806908511181e-01 1.4050145141163750e-01 8.0679759567018738e-01 3.9073082001067527e-01
8.4112066661268692e-02 1.5403974911437493e-01 8.0679759567018738e-01 4.3009785645212339e-01
6.1333785119372444e-02 1.6444224173909794e-01 8.0679759567018738e-01 4.6025712239133820e-01
3.7306924584476313e-02 1.7149716453427874e-01 8.0679759567018738e-01 4.8046913011121745e-01
1.2520602649326725e-02 1.7506089961652474e-01 8.0679759567018738e-01 4.9027833110426533e-01
2.8780575508364903e-01 2.0584273858328006e-02 7.7360815627480328e-01 5.1817496039303856e-02
2.8194685987340706e-01 6.1333785119372430e-02 7.7360815627480328e-01 1.6202821650310720e-01
2.7034833966374516e-01 1.0083471738741705e-01 7.7360815627480328e-01 2.7264061414915164e-01
2.5324630687876176e-01 1.3828294559276655e-01 7.7360815627480328e-01 3.8051721041296610e-01
2.3098890958776908e-01 1.7291613180093246e-01 7.7360815627480328e-01 4.8240425791970110e-01
2.0402924421457824e-01 2.0402924421457821e-01 7.7360815627480328e-01 5.7514516512955993e-01
1.7291613180093249e-01 2.3098890958776908e-01 7.7360815627480328e-01 6.5588151262263450e-01
1.3828294559276655e-01 2.5324630687876176e-01 7.7360815627480328e-01 7.2221665727104001e-01
1.0083471738741706e-01 2.7034833966374516e-01 7.7360815627480328e-01 7.7232510388697606e-01
6.1333785119372417e-02 2.8194685987340706e-01 7.7360815627480328e-01 8.0500165108809740e-01
2.0584273858328010e-02 2.8780575508364903e-01 7.7360815627480328e-01 8.1965525505053360e-01
3.9469171534053132e-01 2.8228908611717708e-02 7.2467028571936409e-01 7.0362270680311534e-02
3.8665693021311542e-01 8.4112066661268706e-02 7.2467028571936409e-01 2.2045745357923568e-01
3.7075092501307083e-01 1.3828294559276658e-01 7.2467028571936409e-01 3.7363026689266460e-01
3.4729750013713934e-01 1.8963878252708080e-01 7.2467028571936409e-01 5.2466974921370679e-01
3.1677409968170245e-01 2.3713412072223292e-01 7.2467028571936409e-01 6.6806974771606686e-01
2.7980209205781481e-01 2.7980209205781476e-01 7.2467028571936409e-01 7.9851416926272101e-01
2.3713412072223297e-01 3.1677409968170245e-01 7.2467028571936409e-01 9.1131693731530761e-01
1.8963878252708080e-01 3.4729750013713934e-01 7.2467028571936409e-01 1.0027530123179662e+00
1.3828294559276658e-01 3.7075092501307083e-01 7.2467028571936409e-01 1.0702404869031585e+00
8.4112066661268692e-02 3.8665693021311542e-01 7.2467028571936409e-01 1.1123669424080218e+00
2.8228908611717715e-02 3.9469171534053132e-01 7.2467028571936409e-01 1.1287856683639179e+00
4.9354289046999766e-01 3.5298884191222991e-02 6.6098021792321360e-01 8.6022864277135180e-02
4.8349578048019498e-01 1.0517806908511179e-01 6.6098021792321360e-01 2.7174995867264706e-01
4.6360609068650943e-01 1.7291613180093246e-01 6.6098021792321360e-01 4.6473341578219080e-01
4.3427871781601152e-01 2.3713412072223292e-01 6.6098021792321360e-01 6.5708617587508877e-01
3.9611068260718496e-01 2.9652474278396301e-01 6.6098021792321360e-01 8.4038122540248694e-01
3.4987897618935715e-01 3.4987897618935709e-01 6.6098021792321360e-01 1.0065671475025666e+00
2.9652474278396307e-01 3.9611068260718496e-01 6.6098021792321360e-01 1.1487720574156552e+00
2.3713412072223292e-01 4.3427871781601152e-01 6.6098021792321360e-01 1.2618680591947629e+00
1.7291613180093249e-01 4.6360609068650943e-01 6.6098021792321360e-01 1.3427190300181462e+00
1.0517806908511176e-01 4.8349578048019498e-01 6.6098021792321360e-01 1.3901135722225459e+00
3.5298884191222998e-02 4.9354289046999766e-01 6.6098021792321360e-01 1.4044565588576381e+00
5.8234695560966132e-01 4.1650276282171106e-02 5.8383449899969275e-01 9.8556129889616761e-02
5.7049205094339173e-01 1.2410294933088672e-01 5.8383449899969275e-01 3.1500967725363005e-01
5.4702357328313567e-01 2.0402924421457821e-01 5.8383449899969275e-01 5.4418520199586795e-01
5.1241927315655522e-01 2.7980209205781476e-01 5.8383449899969275e-01 7.7496175492474562e-01
4.6738359432366622e-01 3.4987897618935709e-01 5.8383449899969275e-01 9.9538753012925285e-01
4.1283333333333327e-01 4.1283333333333322e-01 5.8383449899969275e-01 1.1941864351822189e+00
3.4987897618935715e-01 4.6738359432366622e-01 5.8383449899969275e-01 1.3620459902134257e+00
2.7980209205781476e-01 5.1241927315655522e-01 5.8383449899969275e-01 1.4924671643565248e+00
2.0402924421457824e-01 5.4702357328313567e-01 5.8383449899969275e-01 1.5820486328373513e+00
1.2410294933088670e-01 5.7049205094339173e-01 5.8383449899969275e-01 1.6302368215217995e+00
4.1650276282171113e-02 5.8234695560966132e-01 5.8383449899969275e-01 1.6387003812375496e+00
6.5929611608305561e-01 4.7153788857492648e-02 4.9480359331620211e-01 1.0805978565928531e-01
6.4587474841260217e-01 1.4050145141163750e-01 4.9480359331620211e-01 3.5002591198920541e-01
6.1930523341343757e-01 2.3098890958776910e-01 4.9480359331620211e-01 6.1101677653650888e-01
5.8012844979079059e-01 3.1677409968170245e-01 4.9480359331620211e-01 8.7630572092672687e-01
5.2914192388270354e-01 3.9611068260718496e-01 4.9480359331620211e-01 1.1300262080545398e+00
4.6738359432366633e-01 4.6738359432366627e-01 4.9480359331620211e-01 1.3573935463585654e+00
3.9611068260718502e-01 5.2914192388270354e-01 4.9480359331620211e-01 1.5465637290452876e+00
3.1677409968170245e-01 5.8012844979079059e-01 4.9480359331620211e-01 1.6897945873270652e+00
2.3098890958776913e-01 6.1930523341343757e-01 4.9480359331620211e-01 1.7837214941097275e+00
1.4050145141163747e-01 6.4587474841260217e-01 4.9480359331620211e-01 1.8288368473268737e+00
4.7153788857492662e-02 6.5929611608305561e-01 4.9480359331620211e-01 1.8284572305052755e+00
7.2282390888599635e-01 5.1697386271973761e-02 3.9569991336852695e-01 1.1485192748467055e-01
7.0810929855310134e-01 1.5403974911437496e-01 3.9569991336852695e-01 3.7704120273003028e-01
6.7897962492025687e-01 2.5324630687876176e-01 3.9569991336852695e-01 6.6474068682146314e-01
6.3602788413958589e-01 3.4729750013713934e-01 3.9569991336852695e-01 9.5956952315682242e-01
5.8012844979079059e-01 4.3427871781601152e-01 3.9569991336852695e-01 1.2417076496377781e+00
5.1241927315655533e-01 5.1241927315655522e-01 3.9569991336852695e-01 1.4928821570226352e+00
4.3427871781601157e-01 5.8012844979079059e-01 3.9569991336852695e-01 1.6988290604537177e+00
3.4729750013713934e-01 6.3602788413958589e-01 3.9569991336852695e-01 1.8507633084133737e+00
2.5324630687876182e-01 6.7897962492025687e-01 3.9569991336852695e-01 1.9456020373546310e+00
1.5403974911437490e-01 7.0810929855310134e-01 3.9569991336852695e-01 1.9851114684873474e+00
5.1697386271973768e-02 7.2282390888599635e-01 3.9569991336852695e-01 1.9744159616306911e+00
7.7163709135604197e-01 5.5188573984908555e-02 2.8854092428898892e-01 1.1934345072465696e-01
7.5592878539365105e-01 1.6444224173909797e-01 2.8854092428898892e-01 3.9653015675145942e-01
7.2483194927924965e-01 2.7034833966374522e-01 2.8854092428898892e-01 7.0511972533262468e-01
6.7897962492025699e-01 3.7075092501307083e-01 2.8854092428898892e-01 1.0234407848357709e+00
6.1930523341343757e-01 4.6360609068650943e-01 2.8854092428898892e-01 1.3281160825176024e+00
5.4702357328313578e-01 5.4702357328313578e-01 2.8854092428898892e-01 1.5977654260234613e+00
4.6360609068650954e-01 6.1930523341343757e-01 2.8854092428898892e-01 1.8160334252960864e+00
3.7075092501307083e-01 6.7897962492025699e-01 2.8854092428898892e-01 1.9733373462566297e+00
2.7034833966374527e-01 7.2483194927924965e-01 2.8854092428898892e-01 2.0670121282487961e+00
1.6444224173909794e-01 7.5592878539365105e-01 2.8854092428898892e-01 2.1001117083352416e+00
5.5188573984908562e-02 7.7163709135604197e-01 2.8854092428898892e-01 2.0794634695267553e+00
8.0474196786369667e-01 5.7556281482215678e-02 1.7550807407424102e-01 1.2196595278521832e-01
7.8835974208219028e-01 1.7149716453427877e-01 1.7550807407424102e-01 4.0905100942722944e-01
7.5592878539365105e-01 2.8194685987340712e-01 1.7550807407424102e-01 7.3205453249868246e-01
7.0810929855310134e-01 3.8665693021311542e-01 1.7550807407424102e-01 1.0668018494498179e+00
6.4587474841260217e-01 4.8349578048019498e-01 1.7550807407424102e-01 1.3872025470609344e+00
5.7049205094339184e-01 5.7049205094339184e-01 1.7550807407424102e-01 1.6695179894906591e+00
4.8349578048019509e-01 6.4587474841260217e-01 1.7550807407424102e-01 1.8958407967315030e+00
3.8665693021311542e-01 7.0810929855310134e-01 1.7550807407424102e-01 2.0560592532677999e+00
2.8194685987340717e-01 7.5592878539365105e-01 1.7550807407424102e-01 2.1479249571079260e+00
1.7149716453427871e-01 7.8835974208219028e-01 1.7550807407424102e-01 2.1755593693573676e+00
5.7556281482215692e-02 8.0474196786369667e-01 1.7550807407424102e-01 2.1471259893072787e+00
8.2146461858984499e-01 5.8752309067154541e-02 5.8902385594832844e-02 1.2313438171468605e-01
8.0474196786369667e-01 1.7506089961652474e-01 5.8902385594832844e-02 4.1513347194327133e-01
7.7163709135604197e-01 2.8780575508364903e-01 5.8902385594832844e-02 7.4552404493319357e-01
7.2282390888599624e-01 3.9469171534053127e-01 5.8902385594832844e-02 1.0887707700032738e+00
6.5929611608305549e-01 4.9354289046999761e-01 5.8902385594832844e-02 1.4172987328423581e+00
5.8234695560966143e-01 5.8234695560966143e-01 5.8902385594832844e-02 1.7060769141494676e+00
4.9354289046999772e-01 6.5929611608305549e-01 5.8902385594832844e-02 1.9363614147122363e+00
3.9469171534053127e-01 7.2282390888599624e-01 5.8902385594832844e-02 2.0977882729992618e+00
2.8780575508364908e-01 7.7163709135604197e-01 5.8902385594832844e-02 2.1883908846841953e+00
1.7506089961652471e-01 8.0474196786369667e-01 5.8902385594832844e-02 2.2129231294473515e+00
5.8752309067154555e-02 8.2146461858984499e-01 5.8902385594832844e-02 2.1802922000107237e+00
6.9520798496499794e-02 4.9722256411643597e-03 9.7451071597421768e-01 1.2298284831974399e-02
6.8105555520538610e-02 1.4815456748153663e-02 9.7451071597421768e-01 4.1548302680131904e-02
6.5303879834383113e-02 2.4357087879999753e-02 9.7451071597421768e-01 7.0095507087894027e-02
6.1172805475637901e-02 3.3402878942650226e-02 9.7451071597421768e-01 9.7329648427265117e-02
5.5796429205212335e-02 4.1768683715976820e-02 9.7451071597421768e-01 1.2265819250242710e-01
4.9284198539783421e-02 4.9284198539783414e-02 9.7451071597421768e-01 1.4552216298054146e-01
4.1768683715976827e-02 5.5796429205212335e-02 9.7451071597421768e-01 1.6541160584123105e-01
3.3402878942650226e-02 6.1172805475637901e-02 9.7451071597421768e-01 1.8187992110894621e-01
2.4357087879999757e-02 6.5303879834383113e-02 9.7451071597421768e-01 1.9455638614941934e-01
1.4815456748153660e-02 6.8105555520538610e-02 9.7451071597421768e-01 2.0315633064060087e-01
4.9722256411643614e-03 6.9520798496499794e-02 9.7451071597421768e-01 2.0748859354873692e-01
2.0714715251353816e-01 1.4815456748153662e-02 9.5467248805382288e-01 4.0958120256780445e-02
2.0293023385142148e-01 4.4144770269317762e-02 9.5467248805382288e-01 1.2845968677680997e-01
1.9458224083055958e-01 7.2575423570803627e-02 9.5467248805382288e-01 2.1512467223349435e-01
1.8227311451523331e-01 9.9528650538626792e-02 9.5467248805382288e-01 2.9880505324324391e-01
1.6625343322063363e-01 1.2445576119841043e-01 9.5467248805382288e-01 3.7733004857377944e-01
1.4684931146097258e-01 1.4684931146097255e-01 9.5467248805382288e-01 4.4860957450077876e-01
1.2445576119841045e-01 1.6625343322063363e-01 9.5467248805382288e-01 5.1073392611953805e-01
9.9528650538626792e-02 1.8227311451523331e-01 9.5467248805382288e-01 5.6205954346780718e-01
7.2575423570803640e-02 1.9458224083055958e-01 9.5467248805382288e-01 6.0127351403172091e-01
4.4144770269317755e-02 2.0293023385142148e-01 9.5467248805382288e-01 6.2743320038516404e-01
1.4815456748153665e-02 2.0714715251353816e-01 9.5467248805382288e-01 6.3998126010118450e-01
3.4055658786845994e-01 2.4357087879999753e-02 9.1539988132476713e-01 6.7691069931508280e-02
3.3362383782355925e-01 7.2575423570803640e-02 9.1539988132476713e-01 2.1091719116562166e-01
3.1989946853227175e-01 1.1931633292794484e-01 9.1539988132476713e-01 3.5520365503027868e-01
2.9966286857555541e-01 1.6362830582656390e-01 9.1539988132476713e-01 4.9620114472438287e-01
2.7332599677099362e-01 2.0460927828362255e-01 9.1539988132476713e-01 6.2938872717356387e-01
2.4142499587926075e-01 2.4142499587926070e-01 9.1539988132476713e-01 7.5040943292270834e-01
2.0460927828362258e-01 2.7332599677099362e-01 9.1539988132476713e-01 8.5537851638572027e-01
1.6362830582656390e-01 2.9966286857555541e-01 9.1539988132476713e-01 9.4112271686094973e-01
1.1931633292794487e-01 3.1989946853227175e-01 9.1539988132476713e-01 1.0053242467949546e+00
7.2575423570803613e-02 3.3362383782355925e-01 9.1539988132476713e-01 1.0465632874430739e+00
2.4357087879999757e-02 3.4055658786845994e-01 9.1539988132476713e-01 1.0642722819604045e+00
4.6703327317848092e-01 3.3402878942650219e-02 8.5749237280720880e-01 9.1076413365138081e-02
4.5752582254931012e-01 9.9528650538626792e-02 8.5749237280720880e-01 2.8538728352382114e-01
4.3870446556855491e-01 1.6362830582656390e-01 8.5749237280720880e-01 4.8500289895240500e-01
4.1095235078803199e-01 2.2439696067294057e-01 8.5749237280720880e-01 6.8243864002608479e-01
3.7483443123418242e-01 2.8059754050741409e-01 8.5749237280720880e-01 8.6977990933599059e-01
3.3108596359364356e-01 3.3108596359364351e-01 8.5749237280720880e-01 1.0394817065290414e+00
2.8059754050741409e-01 3.7483443123418242e-01 8.5749237280720880e-01 1.1850703424899276e+00
2.2439696067294057e-01 4.1095235078803199e-01 8.5749237280720880e-01 1.3016380312857911e+00
1.6362830582656393e-01 4.3870446556855491e-01 8.5749237280720880e-01 1.3860676445540445e+00
9.9528650538626764e-02 4.5752582254931012e-01 8.5749237280720880e-01 1.4369894513607770e+00
3.3402878942650226e-02 4.6703327317848092e-01 8.5749237280720880e-01 1.4545293909637125e+00
5.8400250785933105e-01 4.1768683715976827e-02 7.8212879238310007e-01 1.1018665281200918e-01
5.7211390092347658e-01 1.2445576119841045e-01 7.8212879238310007e-01 3.4960410575210815e-01
5.4857870480507032e-01 2.0460927828362255e-01 7.8212879238310007e-01 6.0101273669259125e-01
5.1387602822718204e-01 2.8059754050741409e-01 7.8212879238310007e-01 8.5268418107489374e-01
4.6871231761068194e-01 3.5087364598296150e-01 7.8212879238310007e-01 1.0921087407113581e+00
4.1400697586233581e-01 4.1400697586233576e-01 7.8212879238310007e-01 1.3075587313967161e+00
3.5087364598296156e-01 4.6871231761068194e-01 7.8212879238310007e-01 1.4894055638021142e+00
2.8059754050741409e-01 5.1387602822718204e-01 7.8212879238310007e-01 1.6309671002035302e+00
2.0460927828362258e-01 5.4857870480507032e-01 7.8212879238310007e-01 1.7287693237762638e+00
1.2445576119841041e-01 5.7211390092347658e-01 7.8212879238310007e-01 1.7822659095600848e+00
4.1768683715976834e-02 5.8400250785933105e-01 7.8212879238310007e-01 1.7931803263757355e+00
6.8908313560432677e-01 4.9284198539783414e-02 6.9084332521925695e-01 1.2479304749048092e-01
6.7505539011509130e-01 1.4684931146097255e-01 6.9084332521925695e-01 4.0271488391854399e-01
6.4728546358210359e-01 2.4142499587926070e-01 6.9084332521925695e-01 7.0148714318613237e-01
6.0633867162772037e-01 3.3108596359364351e-01 6.9084332521925695e-01 1.0040554034333415e+00
5.5304857285533537e-01 4.1400697586233576e-01 6.9084332521925695e-01 1.2921756040991266e+00
4.8849999999999999e-01 4.8849999999999988e-01 6.9084332521925695e-01 1.5490557659005799e+00
4.1400697586233581e-01 5.5304857285533537e-01 6.9084332521925695e-01 1.7615027859706032e+00
3.3108596359364351e-01 6.0633867162772037e-01 6.9084332521925695e-01 1.9211881055450382e+00
2.4142499587926072e-01 6.4728546358210359e-01 6.9084332521925695e-01 2.0248545983151787e+00
1.4684931146097252e-01 6.7505539011509130e-01 6.9084332521925695e-01 2.0736109307571104e+00
4.9284198539783421e-02 6.8908313560432677e-01 6.9084332521925695e-01 2.0716612718094458e+00
7.8013601786008713e-01 5.5796429205212328e-02 5.8549428018158600e-01 1.3527623151530710e-01
7.6425469826295389e-01 1.6625343322063363e-01 5.8549428018158600e-01 4.4493798737946333e-01
7.3281535693774136e-01 2.7332599677099362e-01 5.8549428018158600e-01 7.8578323665281302e-01
6.8645800821025715e-01 3.7483443123418242e-01 5.8549428018158600e-01 1.1346613142770978e+00
6.2612635401703842e-01 4.6871231761068188e-01 5.8549428018158600e-01 1.4668048508014659e+00
5.5304857285533549e-01 5.5304857285533537e-01 5.8549428018158600e-01 1.7597981808133376e+00
4.6871231761068194e-01 6.2612635401703842e-01 5.8549428018158600e-01 1.9967148010720051e+00
3.7483443123418242e-01 6.8645800821025715e-01 5.8549428018158600e-01 2.1678307341322505e+00
2.7332599677099362e-01 7.3281535693774136e-01 5.8549428018158600e-01 2.2706675692253642e+00
1.6625343322063357e-01 7.6425469826295389e-01 5.8549428018158600e-01 2.3086784872554209e+00
5.5796429205212342e-02 7.8013601786008713e-01 5.8549428018158600e-01 2.2891890565207196e+00
8.5530758051871425e-01 6.1172805475637901e-02 4.6822626002549550e-01 1.4230795867420276e-01
8.3789598468273718e-01 1.8227311451523334e-01 4.6822626002549550e-01 4.7700639386088772e-01
8.0342724289110745e-01 2.9966286857555541e-01 4.6822626002549550e-01 8.5363097513445518e-01
7.5260303932705952e-01 4.1095235078803205e-01 4.6822626002549550e-01 1.2427548938090571e+00
6.8645800821025726e-01 5.1387602822718192e-01 4.6822626002549550e-01 1.6129070877110063e+00
6.0633867162772048e-01 6.0633867162772037e-01 4.6822626002549550e-01 1.9359787202588026e+00
5.1387602822718204e-01 6.8645800821025726e-01 4.6822626002549550e-01 2.1914266948093828e+00
4.1095235078803205e-01 7.5260303932705952e-01 4.6822626002549550e-01 2.3684360472376920e+00
2.9966286857555546e-01 8.0342724289110745e-01 4.6822626002549550e-01 2.4657186214988167e+00
1.8227311451523329e-01 8.3789598468273718e-01 4.6822626002549550e-01 2.4894672041939154e+00
6.1172805475637915e-02 8.5530758051871425e-01 4.6822626002549550e-01 2.4503896720278258e+00
9.1306754734136408e-01 6.5303879834383100e-02 3.4142650346831915e-01 1.4657801712781937e-01
8.9448012514686759e-01 1.9458224083055958e-01 3.4142650346831915e-01 4.9978283620749925e-01
8.5768366707205501e-01 3.1989946853227175e-01 3.4142650346831915e-01 9.0478345688809347e-01
8.0342724289110734e-01 4.3870446556855491e-01 3.4142650346831915e-01 1.3264409097967595e+00
7.3281535693774136e-01 5.4857870480507032e-01 3.4142650346831915e-01 1.7271622913234350e+00
6.4728546358210370e-01 6.4728546358210359e-01 3.4142650346831915e-01 2.0736822099259835e+00
5.4857870480507032e-01 7.3281535693774136e-01 3.4142650346831915e-01 2.3422845707820770e+00
4.3870446556855491e-01 8.0342724289110734e-01 3.4142650346831915e-01 2.5213718484398910e+00
3.1989946853227180e-01 8.5768366707205501e-01 3.4142650346831915e-01 2.6109953692540908e+00
1.9458224083055953e-01 8.9448012514686759e-01 3.4142650346831915e-01 2.6200740605473105e+00
6.5303879834383113e-02 9.1306754734136408e-01 3.4142650346831915e-01 2.5625177487846509e+00
9.5224009196951764e-01 6.8105555520538610e-02 2.0767628789325812e-01 1.4875062261519734e-01
9.3285522973068224e-01 2.0293023385142150e-01 2.0767628789325812e-01 5.1415069411276204e-01
8.9448012514686759e-01 3.3362383782355925e-01 2.0767628789325812e-01 9.3900593057752779e-01
8.3789598468273718e-01 4.5752582254931018e-01 2.0767628789325812e-01 1.3837771348577221e+00
7.6425469826295400e-01 5.7211390092347658e-01 2.0767628789325812e-01 1.8061352024493940e+00
6.7505539011509152e-01 6.7505539011509141e-01 2.0767628789325812e-01 2.1688531233709409e+00
5.7211390092347669e-01 7.6425469826295400e-01 2.0767628789325812e-01 2.4458386109235506e+00
4.5752582254931018e-01 8.3789598468273718e-01 2.0767628789325812e-01 2.6250069287341309e+00
3.3362383782355931e-01 8.9448012514686759e-01 2.0767628789325812e-01 2.7075812259639500e+00
2.0293023385142145e-01 9.3285522973068224e-01 2.0767628789325812e-01 2.7047197402929450e+00
6.8105555520538624e-02 9.5224009196951764e-01 2.0767628789325812e-01 2.6328838673744328e+00
9.7202777435883558e-01 6.9520798496499794e-02 6.9698381985650010e-02 1.4952709347850529e-01
9.5224009196951753e-01 2.0714715251353819e-01 6.9698381985650010e-02 5.2096655855218865e-01
9.1306754734136408e-01 3.4055658786845994e-01 6.9698381985650010e-02 9.5612524433654356e-01
8.5530758051871425e-01 4.6703327317848092e-01 6.9698381985650010e-02 1.4130211457199351e+00
7.8013601786008713e-01 5.8400250785933105e-01 6.9698381985650010e-02 1.8466937323843597e+00
6.8908313560432699e-01 6.8908313560432688e-01 6.9698381985650010e-02 2.2177332304726649e+00
5.8400250785933117e-01 7.8013601786008713e-01 6.9698381985650010e-02 2.4987707373889689e+00
4.6703327317848092e-01 8.5530758051871425e-01 6.9698381985650010e-02 2.6775103244345710e+00
3.4055658786845999e-01 9.1306754734136408e-01 6.9698381985650010e-02 2.7558931534553732e+00
2.0714715251353813e-01 9.5224009196951753e-01 6.9698381985650010e-02 2.7463930167012398e+00
6.9520798496499808e-02 9.7202777435883558e-01 6.9698381985650010e-02 2.6669316689021549e+00
4.8772580504032069e-02 4.8036798991923880e-03 4.9759236333609846e-01 8.3018563056428407e-03
4.6898277587240376e-02 1.4226436972985921e-02 4.9759236333609846e-01 2.9648589083255961e-02
4.3221700163628113e-02 2.3102480052185379e-02 4.9759236333609846e-01 4.9918066503238656e-02
3.7884137041736328e-02 3.1090707778999430e-02 4.9759236333609846e-01 6.8287737983673769e-02
3.1090707778999430e-02 3.7884137041736328e-02 4.9759236333609846e-01 8.3997138762982260e-02
2.3102480052185390e-02 4.3221700163628113e-02 4.9759236333609846e-01 9.6386294165634046e-02
1.4226436972985921e-02 4.6898277587240383e-02 4.9759236333609846e-01 1.0493003581689481e-01
4.8036798991923958e-03 4.8772580504032062e-02 4.9759236333609846e-01 1.0926542100389078e-01
1.4444343859530451e-01 1.4226436972985921e-02 4.7847016786610441e-01 2.9602783191667148e-02
1.3889255825490054e-01 4.2132596924363677e-02 4.7847016786610441e-01 9.3544324161165759e-02
1.2800411479260479e-01 6.8419624804170728e-02 4.7847016786610441e-01 1.5528615250068001e-01
1.1219654498436386e-01 9.2077324872921126e-02 4.7847016786610441e-01 2.1197038689704217e-01
9.2077324872921126e-02 1.1219654498436386e-01 4.7847016786610441e-01 2.6085641463184495e-01
6.8419624804170742e-02 1.2800411479260479e-01 4.7847016786610441e-01 2.9953641975684314e-01
4.2132596924363677e-02 1.3889255825490054e-01 4.7847016786610441e-01 3.2611794972901831e-01
1.4226436972985946e-02 1.4444343859530448e-01 4.7847016786610441e-01 3.3934988517135611e-01
2.3456341634617300e-01 2.3102480052185379e-02 4.4096063217417752e-01 4.9107567606262670e-02
2.2554927580066894e-01 6.8419624804170728e-02 4.4096063217417752e-01 1.5360350571125325e-01
2.0786740307563631e-01 1.1110744174509944e-01 4.4096063217417752e-01 2.5619414835404353e-01
1.8219730262378964e-01 1.4952546200953518e-01 4.4096063217417752e-01 3.5137761435150938e-01
1.4952546200953518e-01 1.8219730262378964e-01 4.4096063217417752e-01 4.3378812621079732e-01
1.1110744174509948e-01 2.0786740307563628e-01 4.4096063217417752e-01 4.9877529628543588e-01
6.8419624804170728e-02 2.2554927580066897e-01 4.4096063217417752e-01 5.4284781332684007e-01
2.3102480052185421e-02 2.3456341634617298e-01 4.4096063217417752e-01 5.6391250518878755e-01
3.1566925355153747e-01 3.1090707778999430e-02 3.8650522668136850e-01 6.5884463732516607e-02
3.0353826116690874e-01 9.2077324872921126e-02 3.8650522668136850e-01 2.0685966985356505e-01
2.7974246363185373e-01 1.4952546200953518e-01 3.8650522668136850e-01 3.4748791877972363e-01
2.4519632010080761e-01 2.0122741949596792e-01 3.8650522668136850e-01 4.7904240625524774e-01
2.0122741949596792e-01 2.4519632010080761e-01 3.8650522668136850e-01 5.9297617147921478e-01
1.4952546200953520e-01 2.7974246363185373e-01 3.8650522668136850e-01 6.8207624669366163e-01
9.2077324872921126e-02 3.0353826116690880e-01 3.8650522668136850e-01 7.4126646612227909e-01
3.1090707778999482e-02 3.1566925355153741e-01 3.8650522668136850e-01 7.6791980967344153e-01
3.8464409837227320e-01 3.7884137041736328e-02 3.1719664208182274e-01 7.9346406927743640e-02
3.6986244138272223e-01 1.1219654498436386e-01 3.1719664208182274e-01 2.5112031075457425e-01
3.4086717819208007e-01 1.8219730262378964e-01 3.1719664208182274e-01 4.2498066839312948e-01
2.9877258050403210e-01 2.4519632010080761e-01 3.1719664208182274e-01 5.8863133387123634e-01
2.4519632010080761e-01 2.9877258050403210e-01 3.1719664208182274e-01 7.3005641694612966e-01
1.8219730262378969e-01 3.4086717819208001e-01 3.1719664208182274e-01 8.3941697955862260e-01
1.1219654498436386e-01 3.6986244138272228e-01 3.1719664208182274e-01 9.1026826535327277e-01
3.7884137041736390e-02 3.8464409837227320e-01 3.1719664208182274e-01 9.3987176293713370e-01
4.3883728620345797e-01 4.3221700163628113e-02 2.3569836841299890e-01 8.9263121967232295e-02
4.2197301539744442e-01 1.2800411479260479e-01 2.3569836841299890e-01 2.8500590708803247e-01
3.8889255825490054e-01 2.0786740307563628e-01 2.3569836841299890e-01 4.8555600015274292e-01
3.4086717819208001e-01 2.7974246363185373e-01 2.3569836841299890e-01 6.7515272075902921e-01
2.7974246363185373e-01 3.4086717819208001e-01 2.3569836841299890e-01 8.3846398803085176e-01
2.0786740307563636e-01 3.8889255825490049e-01 2.3569836841299890e-01 9.6327416572749591e-01
1.2800411479260479e-01 4.2197301539744447e-01 2.3569836841299890e-01 1.0421043092739866e+00
4.3221700163628182e-02 4.3883728620345791e-01 2.3569836841299890e-01 1.0724531596427767e+00
4.7616620322862935e-01 4.6898277587240383e-02 1.4514233862723117e-01 9.5668504510624142e-02
4.5786740307563634e-01 1.3889255825490054e-01 1.4514233862723117e-01 3.0779383987712866e-01
4.2197301539744453e-01 2.2554927580066897e-01 1.4514233862723117e-01 5.2705311391144660e-01
3.6986244138272228e-01 3.0353826116690880e-01 1.4514233862723117e-01 7.3490446932732834e-01
3.0353826116690880e-01 3.6986244138272228e-01 1.4514233862723117e-01 9.1338605810779350e-01
2.2554927580066905e-01 4.2197301539744447e-01 1.4514233862723117e-01 1.0484749840197720e+00
1.3889255825490054e-01 4.5786740307563639e-01 1.4514233862723117e-01 1.1320266187024064e+00
4.6898277587240460e-02 4.7616620322862929e-01 1.4514233862723117e-01 1.1619133531341426e+00
4.9519632010080761e-01 4.8772580504032062e-02 4.9008570164780385e-02 9.8716569969891088e-02
4.7616620322862924e-01 1.4444343859530448e-01 4.9008570164780385e-02 3.1918376001727378e-01
4.3883728620345797e-01 2.3456341634617298e-01 4.9008570164780385e-02 5.4810796349621249e-01
3.8464409837227320e-01 3.1566925355153741e-01 4.9008570164780385e-02 7.6539608937293580e-01
3.1566925355153741e-01 3.8464409837227320e-01 4.9008570164780385e-02 9.5163058032346415e-01
2.3456341634617306e-01 4.3883728620345791e-01 4.9008570164780385e-02 1.0918140981513194e+00
1.4444343859530448e-01 4.7616620322862929e-01 4.9008570164780385e-02 1.1774860546662900e+00
4.8772580504032145e-02 4.9519632010080755e-01 4.9008570164780385e-02 1.2067868777297921e+00
4.9008570164780302e-02 2.4076366639015569e-03 9.9879545620517241e-01 4.8984319634509665e-03
4.8536590843283836e-02 7.1997231344832187e-03 9.9879545620517241e-01 1.9312389618807074e-02
4.7597177619167048e-02 1.1922472335510791e-02 9.9879545620517241e-01 3.3565215729232628e-02
4.6199377555313705e-02 1.6530401610461053e-02 9.9879545620517241e-01 4.7516356686857095e-02
4.4356652230453937e-02 2.0979134081465862e-02 9.9879545620517241e-01 6.1026922571176589e-02
4.2086748096802289e-02 2.5225826022904893e-02 9.9879545620517241e-01 7.3961235680683662e-02
3.9411525572021641e-02 2.9229579469904138e-02 9.9879545620517241e-01 8.6188388631578045e-02
3.6356748511451015e-02 3.2951836088094717e-02 9.9879545620517241e-01 9.7583783965356080e-02
3.2951836088094717e-02 3.6356748511451015e-02 9.9879545620517241e-01 1.0803062655923035e-01
2.9229579469904145e-02 3.9411525572021634e-02 9.9879545620517241e-01 1.1742134058786177e-01
2.5225826022904893e-02 4.2086748096802289e-02 9.9879545620517241e-01 1.2565888428678276e-01
2.0979134081465869e-02 4.4356652230453937e-02 9.9879545620517241e-01 1.3265793819968191e-01
1.6530401610461053e-02 4.6199377555313705e-02 9.9879545620517241e-01 1.3834594578521048e-01
1.1922472335510796e-02 4.7597177619167048e-02 9.9879545620517241e-01 1.4266398901258562e-01
7.1997231344832187e-03 4.8536590843283836e-02 9.9879545620517241e-01 1.4556748567059619e-01
2.4076366639015625e-03 4.9008570164780302e-02 9.9879545620517241e-01 1.4702669933563808e-01
1.4655373117284443e-01 7.1997231344832187e-03 9.8917650996478101e-01 1.9042832235022011e-02
1.4514233862723119e-01 2.1529832133895567e-02 9.8917650996478101e-01 6.2208755050815162e-02
1.4233314601776459e-01 3.5652597080455060e-02 9.8917650996478101e-01 1.0519720520678133e-01
1.3815320740493470e-01 4.9432008027437711e-02 9.8917650996478101e-01 1.4755229743750661e-01
1.3264277788256992e-01 6.2735361714831808e-02 9.8917650996478101e-01 1.8881141930011822e-01
1.2585492589927788e-01 7.5434539574274886e-02 9.8917650996478101e-01 2.2851289036025002e-01
1.1785502218027494e-01 8.7407241580903752e-02 9.8917650996478101e-01 2.6620401176066860e-01
1.0872011017156737e-01 9.8538164069449860e-02 9.8917650996478101e-01 3.0144918053880809e-01
9.8538164069449860e-02 1.0872011017156737e-01 9.8917650996478101e-01 3.3383774549796436e-01
8.7407241580903766e-02 1.1785502218027492e-01 9.8917650996478101e-01 3.6299130643376776e-01
7.5434539574274886e-02 1.2585492589927788e-01 9.8917650996478101e-01 3.8857020285027960e-01
6.2735361714831822e-02 1.3264277788256992e-01 9.8917650996478101e-01 4.1027899716044947e-01
4.9432008027437711e-02 1.3815320740493470e-01 9.8917650996478101e-01 4.2787082486162425e-01
3.5652597080455074e-02 1.4233314601776459e-01 9.8917650996478101e-01 4.4115055395229580e-01
2.1529832133895567e-02 1.4514233862723119e-01 9.8917650996478101e-01 4.4997676176539408e-01
7.1997231344832352e-03 1.4655373117284443e-01 9.8917650996478101e-01 4.5426259414121173e-01
2.4268749963529529e-01 1.1922472335510791e-02 9.7003125319454397e-01 3.2809209967472053e-02
2.4035028634732516e-01 3.5652597080455060e-02 9.7003125319454397e-01 1.0404198925321184e-01
2.3569836841299879e-01 5.9039367825822475e-02 9.7003125319454397e-01 1.7556177197464068e-01
2.2877654634502079e-01 8.1857557184825819e-02 9.7003125319454397e-01 2.4652858720221194e-01
2.1965148107375859e-01 1.0388741352024673e-01 9.7003125319454397e-01 3.1606695100758808e-01
2.0841105196604257e-01 1.2491677727283064e-01 9.7003125319454397e-01 3.8328729183483262e-01
1.9516351049882358e-01 1.4474312417382063e-01 9.7003125319454397e-01 4.4730870699912362e-01
1.8003643773827380e-01 1.6317551566437638e-01 9.7003125319454397e-01 5.0728170493799829e-01
1.6317551566437638e-01 1.8003643773827380e-01 9.7003125319454397e-01 5.6240964371134106e-01
1.4474312417382065e-01 1.9516351049882355e-01 9.7003125319454397e-01 6.1196773547288930e-01
1.2491677727283064e-01 2.0841105196604257e-01 9.7003125319454397e-01 6.5531873277316288e-01
1.0388741352024676e-01 2.1965148107375859e-01 9.7003125319454397e-01 6.9192472059836430e-01
8.1857557184825819e-02 2.2877654634502079e-01 9.7003125319454397e-01 7.2135477538096948e-01
5.9039367825822503e-02 2.3569836841299879e-01 9.7003125319454397e-01 7.4328858246030594e-01
3.5652597080455060e-02 2.4035028634732516e-01 9.7003125319454397e-01 7.5751639212200317e-01
1.1922472335510819e-02 2.4268749963529529e-01 9.7003125319454397e-01 7.6393591416417062e-01
3.3648405480977606e-01 1.6530401610461053e-02 9.4154406518302081e-01 4.5803474769916169e-02
3.3324352942106295e-01 4.9432008027437711e-02 9.4154406518302081e-01 1.4378021967286339e-01
3.2679368667458142e-01 8.1857557184825819e-02 9.4154406518302081e-01 2.4307393419828910e-01
3.1719664208182274e-01 1.1349477331863152e-01 9.4154406518302081e-01 3.4236363349953058e-01
3.0454482042849346e-01 1.4403897274282468e-01 9.4154406518302081e-01 4.4023722687558581e-01
2.8896006567330434e-01 1.7319599811979244e-01 9.4154406518302081e-01 5.3523945183697585e-01
2.7059246752404142e-01 2.0068505135630332e-01 9.4154406518302081e-01 6.2592258881693241e-01
2.4961891599163263e-01 2.2624139784264452e-01 9.4154406518302081e-01 7.1089633633810978e-01
2.2624139784264452e-01 2.4961891599163263e-01 9.4154406518302081e-01 7.8887346048176132e-01
2.0068505135630335e-01 2.7059246752404142e-01 9.4154406518302081e-01 8.5870833089821585e-01
1.7319599811979244e-01 2.8896006567330434e-01 9.4154406518302081e-01 9.1942620928400320e-01
1.4403897274282471e-01 3.0454482042849346e-01 9.4154406518302081e-01 9.7024210536230604e-01
1.1349477331863152e-01 3.1719664208182274e-01 9.4154406518302081e-01 1.0105690449678368e+00
8.1857557184825860e-02 3.2679368667458142e-01 9.4154406518302081e-01 1.0400165654447171e+00
4.9432008027437711e-02 3.3324352942106295e-01 9.4154406518302081e-01 1.0583810414930657e+00
1.6530401610461092e-02 3.3648405480977606e-01 9.4154406518302081e-01 1.0656299688150612e+00
4.2704008459554371e-01 2.0979134081465862e-02 9.0398929312344334e-01 5.7655180548105034e-02
4.2292745513703228e-01 6.2735361714831808e-02 9.0398929312344334e-01 1.8052952926533716e-01
4.1474180308988684e-01 1.0388741352024673e-01 9.0398929312344334e-01 3.0638847751301918e-01
4.0256196075805406e-01 1.4403897274282468e-01 9.0398929312344334e-01 4.3330666881910929e-01
3.8650522668136850e-01 1.8280335791817726e-01 9.0398929312344334e-01 5.5917879946867421e-01
3.6672623598649234e-01 2.1980724682629729e-01 9.0398929312344334e-01 6.8181248181114396e-01
3.4341547116611337e-01 2.5469427178861642e-01 9.0398929312344334e-01 7.9902540241726594e-01
3.1679742762841218e-01 2.8712845168355949e-01 9.0398929312344334e-01 9.0873923307734183e-01
2.8712845168355949e-01 3.1679742762841218e-01 9.0398929312344334e-01 1.0090632972754578e+00
2.5469427178861642e-01 3.4341547116611332e-01 9.0398929312344334e-01 1.0983620266146576e+00
2.1980724682629729e-01 3.6672623598649234e-01 9.0398929312344334e-01 1.1753019622109364e+00
1.8280335791817728e-01 3.8650522668136850e-01 9.0398929312344334e-01 1.2388763489665653e+00
1.4403897274282468e-01 4.0256196075805406e-01 9.0398929312344334e-01 1.2884078406951556e+00
1.0388741352024679e-01 4.1474180308988684e-01 9.0398929312344334e-01 1.3235320311091936e+00
6.2735361714831808e-02 4.2292745513703228e-01 9.0398929312344334e-01 1.3441661333001658e+00
2.0979134081465910e-02 4.2704008459554371e-01 9.0398929312344334e-01 1.3504680211987812e+00
5.1348348492279983e-01 2.5225826022904893e-02 8.5772861000027212e-01 6.8071979976540020e-02
5.0853835826436755e-01 7.5434539574274886e-02 8.5772861000027212e-01 2.1361984706913420e-01
4.9869572922050487e-01 1.2491677727283064e-01 8.5772861000027212e-01 3.6450328195895237e-01
4.8405038768943259e-01 1.7319599811979244e-01 8.5772861000027212e-01 5.1804811312448051e-01
4.6474337631605284e-01 2.1980724682629729e-01 8.5772861000027212e-01 6.7127268906769544e-01
4.4096063217417747e-01 2.6430163158700110e-01 8.5772861000027212e-01 8.2104991049052722e-01
4.1293119609086304e-01 3.0625064715355355e-01 8.5772861000027212e-01 9.6427404766997049e-01
3.8092500685804026e-01 3.4525030157438397e-01 8.5772861000027212e-01 1.0980192623917815e+00
3.4525030157438397e-01 3.8092500685804026e-01 8.5772861000027212e-01 1.2196774904612599e+00
3.0625064715355360e-01 4.1293119609086298e-01 8.5772861000027212e-01 1.3270648678294146e+00
2.6430163158700110e-01 4.4096063217417747e-01 8.5772861000027212e-01 1.4184892732778380e+00
2.1980724682629735e-01 4.6474337631605284e-01 8.5772861000027212e-01 1.4927764311814475e+00
1.7319599811979244e-01 4.8405038768943259e-01 8.5772861000027212e-01 1.5492570767977907e+00
1.2491677727283070e-01 4.9869572922050487e-01 8.5772861000027212e-01 1.5877217573862625e+00
7.5434539574274886e-02 5.0853835826436755e-01 8.5772861000027212e-01 1.6083523873564411e+00
2.5225826022904952e-02 5.1348348492279983e-01 8.5772861000027212e-01 1.6116407193244795e+00
5.9498175859162383e-01 2.9229579469904138e-02 8.0320753148064494e-01 7.6886317693400541e-02
5.8925175900627258e-01 8.7407241580903752e-02 8.0320753148064494e-01 2.4265919085885287e-01
5.7784694286391336e-01 1.4474312417382063e-01 8.0320753148064494e-01 4.1680503217679754e-01
5.6087714477850381e-01 2.0068505135630332e-01 8.0320753148064494e-01 5.9574554546618708e-01
5.3850579318224168e-01 2.5469427178861642e-01 8.0320753148064494e-01 7.7542542417227933e-01
5.1094833642042370e-01 3.0625064715355355e-01 8.0320753148064494e-01 9.5157300297194092e-01
4.7847016786610447e-01 3.5485766137276881e-01 8.0320753148064494e-01 1.1199632509725079e+00
4.4138407003683494e-01 4.0004720232803426e-01 8.0320753148064494e-01 1.2766636083675142e+00
4.0004720232803426e-01 4.4138407003683494e-01 8.0320753148064494e-01 1.4182432627283792e+00
3.5485766137276892e-01 4.7847016786610441e-01 8.0320753148064494e-01 1.5419279404895416e+00
3.0625064715355355e-01 5.1094833642042370e-01 8.0320753148064494e-01 1.6456884890762948e+00
2.5469427178861648e-01 5.3850579318224168e-01 8.0320753148064494e-01 1.7282609381169025e+00
2.0068505135630332e-01 5.6087714477850381e-01 8.0320753148064494e-01 1.7891048261956084e+00
1.4474312417382068e-01 5.7784694286391336e-01 8.0320753148064494e-01 1.8283129572292562e+00
8.7407241580903752e-02 5.8925175900627258e-01 8.0320753148064494e-01 1.8464888999267550e+00
2.9229579469904204e-02 5.9498175859162383e-01 8.0320753148064494e-01 1.8446090916964859e+00
6.7075003267509647e-01 3.2951836088094717e-02 7.4095112535495911e-01 8.4075366624629277e-02
6.6429034319116953e-01 9.8538164069449860e-02 7.4095112535495911e-01 2.6753718334073340e-01
6.5143317456427141e-01 1.6317551566437638e-01 7.4095112535495911e-01 4.6304193309974107e-01
6.3230234835672239e-01 2.2624139784264452e-01 7.4095112535495911e-01 6.6595665495839040e-01
6.0708210488287451e-01 2.8712845168355949e-01 7.4095112535495911e-01 8.7095987734491875e-01
5.7601532887416851e-01 3.4525030157438397e-01 7.4095112535495911e-01 1.0724336823310807e+00
5.3940121036639554e-01 4.0004720232803426e-01 7.4095112535495911e-01 1.2648500797942146e+00
4.9759236333609841e-01 4.5099142983521961e-01 7.4095112535495911e-01 1.4431266130442475e+00
4.5099142983521961e-01 4.9759236333609841e-01 7.4095112535495911e-01 1.6029233950226365e+00
4.0004720232803437e-01 5.3940121036639543e-01 7.4095112535495911e-01 1.7408538482816827e+00
3.4525030157438397e-01 5.7601532887416851e-01 7.4095112535495911e-01 1.8545921203071476e+00
2.8712845168355960e-01 6.0708210488287451e-01 7.4095112535495911e-01 1.9428767309312156e+00
2.2624139784264452e-01 6.3230234835672239e-01 7.4095112535495911e-01 2.0054246522132253e+00
1.6317551566437644e-01 6.5143317456427141e-01 7.4095112535495911e-01 2.0427788499700448e+00
9.8538164069449860e-02 6.6429034319116953e-01 7.4095112535495911e-01 2.0561154192794255e+00
3.2951836088094787e-02 6.7075003267509647e-01 7.4095112535495911e-01 2.0470354796689607e+00
7.4005861727464228e-01 3.6356748511451015e-02 6.7155895484701833e-01 8.9742870005887931e-02
7.3293144823309542e-01 1.0872011017156737e-01 6.7155895484701833e-01 2.8837498011278201e-01
7.1874574868397867e-01 1.8003643773827380e-01 6.7155895484701833e-01 5.0323401508803078e-01
6.9763813466864222e-01 2.4961891599163263e-01 6.7155895484701833e-01 7.2850674414516026e-01
6.6981188404864933e-01 3.1679742762841218e-01 6.7155895484701833e-01 9.5744220569680893e-01
6.3553497882884646e-01 3.8092500685804026e-01 6.7155895484701833e-01 1.1829076680723305e+00
5.9513752434416256e-01 4.4138407003683494e-01 6.7155895484701833e-01 1.3979225953665102e+00
5.4900857016478033e-01 4.9759236333609841e-01 6.7155895484701833e-01 1.5961434796977589e+00
4.9759236333609841e-01 5.4900857016478033e-01 6.7155895484701833e-01 1.7722626591277424e+00
4.4138407003683505e-01 5.9513752434416256e-01 6.7155895484701833e-01 1.9222804755890750e+00
3.8092500685804026e-01 6.3553497882884646e-01 6.7155895484701833e-01 2.0436274765003741e+00
3.1679742762841229e-01 6.6981188404864933e-01 6.7155895484701833e-01 2.1351400520003723e+00
2.4961891599163263e-01 6.9763813466864222e-01 6.7155895484701833e-01 2.1969144124387525e+00
1.8003643773827385e-01 7.1874574868397867e-01 6.7155895484701833e-01 2.2300751992955163e+00
1.0872011017156737e-01 7.3293144823309542e-01 6.7155895484701833e-01 2.2364976416474827e+00
3.6356748511451098e-02 7.4005861727464228e-01 6.7155895484701833e-01 2.2185186887666886e+00
8.0224003283264100e-01 3.9411525572021634e-02 5.9569930449243347e-01 9.4069224313897415e-02
7.9451402276745120e-01 1.1785502218027492e-01 5.9569930449243347e-01 3.0544119512981305e-01
7.7913640833746600e-01 1.9516351049882355e-01 5.9569930449243347e-01 5.3755774796422462e-01
7.5625528437590550e-01 2.7059246752404142e-01 5.9569930449243347e-01 7.8334635033764810e-01
7.2609100861461395e-01 3.4341547116611332e-01 5.9569930449243347e-01 1.0345181987369882e+00
6.8893407951864327e-01 4.1293119609086298e-01 5.9569930449243347e-01 1.2823151869911995e+00
6.4514233862723114e-01 4.7847016786610441e-01 5.9569930449243347e-01 1.5182089828531036e+00
5.9513752434416256e-01 5.3940121036639543e-01 5.9569930449243347e-01 1.7345293116090639e+00
5.3940121036639543e-01 5.9513752434416256e-01 5.9569930449243347e-01 1.9249752715508706e+00
4.7847016786610447e-01 6.4514233862723103e-01 5.9569930449243347e-01 2.0849526028091105e+00
4.1293119609086298e-01 6.8893407951864327e-01 5.9569930449243347e-01 2.2117063499297096e+00
3.4341547116611343e-01 7.2609100861461395e-01 5.9569930449243347e-01 2.3042579024320289e+00
2.7059246752404142e-01 7.5625528437590550e-01 5.9569930449243347e-01 2.3631846773621517e+00
1.9516351049882366e-01 7.7913640833746600e-01 5.9569930449243347e-01 2.3902948915473079e+00
1.1785502218027492e-01 7.9451402276745120e-01 5.9569930449243347e-01 2.3882521764138565e+00
3.9411525572021724e-02 8.0224003283264100e-01 5.9569930449243347e-01 2.3601983811113665e+00
8.5669543832545014e-01 4.2086748096802289e-02 5.1410274419322166e-01 9.7253552981652058e-02
8.4844499293701192e-01 1.2585492589927788e-01 5.1410274419322166e-01 3.1906809388586893e-01
8.3202355845937825e-01 2.0841105196604257e-01 5.1410274419322166e-01 5.6624939760918991e-01
8.0758928228343807e-01 2.8896006567330434e-01 5.1410274419322166e-01 8.3045103524487474e-01
7.7537747984589955e-01 3.6672623598649234e-01 5.1410274419322166e-01 1.1018141317806369e+00
7.3569836841299896e-01 4.4096063217417747e-01 5.1410274419322166e-01 1.3699223124251416e+00
6.8893407951864338e-01 5.1094833642042370e-01 5.1410274419322166e-01 1.6246743912121140e+00
6.3553497882884646e-01 5.7601532887416851e-01 5.1410274419322166e-01 1.8570636931912685e+00
5.7601532887416851e-01 6.3553497882884646e-01 5.1410274419322166e-01 2.0598082505917175e+00
5.1094833642042381e-01 6.8893407951864327e-01 5.1410274419322166e-01 2.2277549026972965e+00
4.4096063217417747e-01 7.3569836841299896e-01 5.1410274419322166e-01 2.3580188181423742e+00
3.6672623598649240e-01 7.7537747984589955e-01 5.1410274419322166e-01 2.4498744144552598e+00
2.8896006567330434e-01 8.0758928228343807e-01 5.1410274419322166e-01 2.5044508087171060e+00
2.0841105196604268e-01 8.3202355845937825e-01 5.1410274419322166e-01 2.5243019714681627e+00
1.2585492589927788e-01 8.4844499293701192e-01 5.1410274419322166e-01 2.5129243479090921e+00
4.2086748096802386e-02 8.5669543832545014e-01 5.1410274419322166e-01 2.4742859384984879e+00
9.0290039842982095e-01 4.4356652230453937e-02 4.2755509343028220e-01 9.9476054750832377e-02
8.9420497401737709e-01 1.3264277788256992e-01 4.2755509343028220e-01 3.2959792806594934e-01
8.7689786688298366e-01 2.1965148107375859e-01 4.2755509343028220e-01 5.8955369501539423e-01
8.5114575392937220e-01 3.0454482042849346e-01 4.2755509343028220e-01 8.6978194586579172e-01
8.1719664208182274e-01 3.8650522668136850e-01 4.2755509343028220e-01 1.1589096477204310e+00
7.7537747984589955e-01 4.6474337631605284e-01 4.2755509343028220e-01 1.4449190035189705e+00
7.2609100861461406e-01 5.3850579318224168e-01 4.2755509343028220e-01 1.7161924063676197e+00
6.6981188404864933e-01 6.0708210488287451e-01 4.2755509343028220e-01 1.9624424644436693e+00
6.0708210488287451e-01 6.6981188404864933e-01 4.2755509343028220e-01 2.1754612597877849e+00
5.3850579318224179e-01 7.2609100861461395e-01 4.2755509343028220e-01 2.3495896997787211e+00
4.6474337631605284e-01 7.7537747984589955e-01 4.2755509343028220e-01 2.4818609522651309e+00
3.8650522668136855e-01 8.1719664208182274e-01 4.2755509343028220e-01 2.5718421326922432e+00
3.0454482042849346e-01 8.5114575392937220e-01 4.2755509343028220e-01 2.6212424211810168e+00
2.1965148107375870e-01 8.7689786688298366e-01 4.2755509343028220e-01 2.6333750529545794e+00
1.3264277788256992e-01 8.9420497401737709e-01 4.2755509343028220e-01 2.6125639966609757e+00
4.4356652230454041e-02 9.0290039842982095e-01 4.2755509343028220e-01 2.5635764453898275e+00
9.4040993412174789e-01 4.6199377555313705e-02 3.3688985339222005e-01 1.0089547631956991e-01
9.3135327237579280e-01 1.3815320740493470e-01 3.3688985339222005e-01 3.3736748138543277e-01
9.1332716948737103e-01 2.2877654634502079e-01 3.3688985339222005e-01 6.0771395271452522e-01
8.8650522668136855e-01 3.1719664208182274e-01 3.3688985339222005e-01 9.0129006410477053e-01
8.5114575392937220e-01 4.0256196075805406e-01 3.3688985339222005e-01 1.2053555280583614e+00
8.0758928228343807e-01 4.8405038768943259e-01 3.3688985339222005e-01 1.5064429934745509e+00
7.5625528437590561e-01 5.6087714477850381e-01 3.3688985339222005e-01 1.7915635103906380e+00
6.9763813466864222e-01 6.3230234835672239e-01 3.3688985339222005e-01 2.0492772565251620e+00
6.3230234835672239e-01 6.9763813466864222e-01 3.3688985339222005e-01 2.2705535935164951e+00
5.6087714477850392e-01 7.5625528437590550e-01 3.3688985339222005e-01 2.4492992640469975e+00
4.8405038768943259e-01 8.0758928228343807e-01 3.3688985339222005e-01 2.5825029979985166e+00
4.0256196075805417e-01 8.5114575392937220e-01 3.3688985339222005e-01 2.6700298671745504e+00
3.1719664208182274e-01 8.8650522668136855e-01 3.3688985339222005e-01 2.7141474010459889e+00
2.2877654634502090e-01 9.1332716948737103e-01 3.3688985339222005e-01 2.7188855019950284e+00
1.3815320740493470e-01 9.3135327237579280e-01 3.3688985339222005e-01 2.6893363983863434e+00
4.6199377555313809e-02 9.4040993412174789e-01 3.3688985339222005e-01 2.6309921322996845e+00
9.6886280806771963e-01 4.7597177619167048e-02 2.4298017990326398e-01 1.0167301245598781e-01
9.5953212959174183e-01 1.4233314601776459e-01 2.4298017990326398e-01 3.4271426978665021e-01
9.4096063217417747e-01 2.3569836841299879e-01 2.4298017990326398e-01 6.2097823062349089e-01
9.1332716948737103e-01 3.2679368667458142e-01 2.4298017990326398e-01 9.2493341538103613e-01
8.7689786688298366e-01 4.1474180308988684e-01 2.4298017990326398e-01 1.2407067372137635e+00
8.3202355845937825e-01 4.9869572922050487e-01 2.4298017990326398e-01 1.5536277271398979e+00
7.7913640833746611e-01 5.7784694286391336e-01 2.4298017990326398e-01 1.8495712706356984e+00
7.1874574868397867e-01 6.5143317456427141e-01 2.4298017990326398e-01 2.1161478848254354e+00
6.5143317456427141e-01 7.1874574868397867e-01 2.4298017990326398e-01 2.3436568029789688e+00
5.7784694286391347e-01 7.7913640833746600e-01 2.4298017990326398e-01 2.5256615378252021e+00
4.9869572922050487e-01 8.3202355845937825e-01 2.4298017990326398e-01 2.6591331774683740e+00
4.1474180308988695e-01 8.7689786688298366e-01 2.4298017990326398e-01 2.7442042466583620e+00
3.2679368667458142e-01 9.1332716948737103e-01 2.4298017990326398e-01 2.7836264532810659e+00
2.3569836841299890e-01 9.4096063217417747e-01 2.4298017990326398e-01 2.7820445344193647e+00
1.4233314601776459e-01 9.5953212959174183e-01 2.4298017990326398e-01 2.7452031753122061e+00
4.7597177619167159e-02 9.6886280806771963e-01 2.4298017990326398e-01 2.6791979222756321e+00
9.8798500353771368e-01 4.8536590843283836e-02 1.4673047445536175e-01 1.0199621268466702e-01
9.7847016786610452e-01 1.4514233862723119e-01 1.4673047445536175e-01 3.4597646969850282e-01
9.5953212959174183e-01 2.4035028634732516e-01 1.4673047445536175e-01 6.2959478687081272e-01
9.3135327237579280e-01 3.3324352942106295e-01 1.4673047445536175e-01 9.4068512914350833e-01
8.9420497401737709e-01 4.2292745513703228e-01 1.4673047445536175e-01 1.2645556461936021e+00
8.4844499293701192e-01 5.0853835826436755e-01 1.4673047445536175e-01 1.5856665802696286e+00
7.9451402276745131e-01 5.8925175900627258e-01 1.4673047445536175e-01 1.8890747369759031e+00
7.3293144823309542e-01 6.6429034319116953e-01 1.4673047445536175e-01 2.1617111637143052e+00
6.6429034319116953e-01 7.3293144823309542e-01 1.4673047445536175e-01 2.3934012340204252e+00
5.8925175900627269e-01 7.9451402276745120e-01 1.4673047445536175e-01 2.5774725721729990e+00
5.0853835826436755e-01 8.4844499293701192e-01 1.4673047445536175e-01 2.7108954976061574e+00
4.2292745513703239e-01 8.9420497401737709e-01 1.4673047445536175e-01 2.7940074273204916e+00
3.3324352942106295e-01 9.3135327237579280e-01 1.4673047445536175e-01 2.8299223339144843e+00
2.4035028634732528e-01 9.5953212959174183e-01 1.4673047445536175e-01 2.8237424927558283e+00
1.4514233862723119e-01 9.7847016786610452e-01 1.4673047445536175e-01 2.7816948086016504e+00
4.8536590843283947e-02 9.8798500353771368e-01 1.4673047445536175e-01 2.7103118459648110e+00
9.9759236333609846e-01 4.9008570164780302e-02 4.9067674327418126e-02 1.0207674259053767e-01
9.8798500353771368e-01 1.4655373117284443e-01 4.9067674327418126e-02 3.4746635834077022e-01
9.6886280806771963e-01 2.4268749963529529e-01 4.9067674327418126e-02 6.3378450035315770e-01
9.4040993412174789e-01 3.3648405480977606e-01 4.9067674327418126e-02 9.4852674519098257e-01
9.0290039842982095e-01 4.2704008459554371e-01 4.9067674327418126e-02 1.2765622420601042e+00
8.5669543832545014e-01 5.1348348492279983e-01 4.9067674327418126e-02 1.6018870547763810e+00
8.0224003283264111e-01 5.9498175859162383e-01 4.9067674327418126e-02 1.9091234381440421e+00
7.4005861727464228e-01 6.7075003267509647e-01 4.9067674327418126e-02 2.1848441301253967e+00
6.7075003267509647e-01 7.4005861727464228e-01 4.9067674327418126e-02 2.4186282775347756e+00
5.9498175859162394e-01 8.0224003283264100e-01 4.9067674327418126e-02 2.6036857012061336e+00
5.1348348492279983e-01 8.5669543832545014e-01 4.9067674327418126e-02 2.7369946203750333e+00
4.2704008459554382e-01 9.0290039842982095e-01 4.9067674327418126e-02 2.8190104829275762e+00
3.3648405480977606e-01 9.4040993412174789e-01 4.9067674327418126e-02 2.8530508450211571e+00
2.4268749963529540e-01 9.6886280806771963e-01 4.9067674327418126e-02 2.8444738097347808e+00
1.4655373117284443e-01 9.8798500353771368e-01 4.9067674327418126e-02 2.7997727564046118e+00
4.9008570164780413e-02 9.9759236333609846e-01 4.9067674327418126e-02 2.7257121732188474e+00
0.0000000000000000e+00 0.0000000000000000e+00 5.3333333333333333e-01 -2.6502395998355133e-03
0.0000000000000000e+00 0.0000000000000000e+00 5.9999999999999998e-01 -2.6211465897026942e-03
0.0000000000000000e+00 0.0000000000000000e+00 6.6666666666666663e-01 -2.5911480246102458e-03
0.0000000000000000e+00 0.0000000000000000e+00 7.3333333333333328e-01 -2.5562573753997175e-03
0.0000000000000000e+00 0.0000000000000000e+00 8.0000000000000004e-01 -2.5119075181409545e-03
0.0000000000000000e+00 0.0000000000000000e+00 8.6666666666666670e-01 -2.4497572791181699e-03
0.0000000000000000e+00 0.0000000000000000e+00 9.3333333333333335e-01 -2.3540263357366142e-03
0.0000000000000000e+00 0.0000000000000000e+00 1.0000000000000000e+00 -2.1977864197513519e-03
0.0000000000000000e+00 6.6666666666666666e-02 5.3333333333333333e-01 1.5389573443750651e-01
0.0000000000000000e+00 6.6666666666666666e-02 5.9999999999999998e-01 1.5894674599243711e-01
0.0000000000000000e+00 6.6666666666666666e-02 6.6666666666666663e-01 1.6462316797003049e-01
0.0000000000000000e+00 6.6666666666666666e-02 7.3333333333333328e-01 1.7091998319696400e-01
0.0000000000000000e+00 6.6666666666666666e-02 8.0000000000000004e-01 1.7782612131894060e-01
0.0000000000000000e+00 6.6666666666666666e-02 8.6666666666666670e-01 1.8532719384695362e-01
0.0000000000000000e+00 6.6666666666666666e-02 9.3333333333333335e-01 1.9340909097237172e-01
0.0000000000000000e+00 1.3333333333333333e-01 5.3333333333333333e-01 3.1873087757442831e-01
0.0000000000000000e+00 1.3333333333333333e-01 5.9999999999999998e-01 3.2877207519798213e-01
0.0000000000000000e+00 1.3333333333333333e-01 6.6666666666666663e-01 3.4004791550242325e-01
0.0000000000000000e+00 1.3333333333333333e-01 7.3333333333333328e-01 3.5254955833148799e-01
0.0000000000000000e+00 1.3333333333333333e-01 8.0000000000000004e-01 3.6625711671310524e-01
0.0000000000000000e+00 1.3333333333333333e-01 8.6666666666666670e-01 3.8114137788285762e-01
0.0000000000000000e+00 1.3333333333333333e-01 9.3333333333333335e-01 3.9716668583930703e-01
0.0000000000000000e+00 2.0000000000000001e-01 4.6666666666666667e-01 4.7802840477754494e-01
0.0000000000000000e+00 2.0000000000000001e-01 5.3333333333333333e-01 4.9118935529554436e-01
0.0000000000000000e+00 2.0000000000000001e-01 5.9999999999999998e-01 5.0617165630320016e-01
0.0000000000000000e+00 2.0000000000000001e-01 6.6666666666666663e-01 5.2297962717625845e-01
0.0000000000000000e+00 2.0000000000000001e-01 7.3333333333333328e-01 5.4160430375559587e-01
0.0000000000000000e+00 2.0000000000000001e-01 8.0000000000000004e-01 5.6202246334368455e-01
0.0000000000000000e+00 2.0000000000000001e-01 8.6666666666666670e-01 5.8419695079781742e-01
0.0000000000000000e+00 2.0000000000000001e-01 9.3333333333333335e-01 6.0807832477804979e-01
0.0000000000000000e+00 2.6666666666666666e-01 4.6666666666666667e-01 6.5311157845756429e-01
0.0000000000000000e+00 2.6666666666666666e-01 5.3333333333333333e-01 6.7057821454224609e-01
0.0000000000000000e+00 2.6666666666666666e-01 5.9999999999999998e-01 6.9043609067788014e-01
0.0000000000000000e+00 2.6666666666666666e-01 6.6666666666666663e-01 7.1269161779248724e-01
0.0000000000000000e+00 2.6666666666666666e-01 7.3333333333333328e-01 7.3733779981482273e-01
0.0000000000000000e+00 2.6666666666666666e-01 8.0000000000000004e-01 7.6435186155283374e-01
0.0000000000000000e+00 2.6666666666666666e-01 8.6666666666666670e-01 7.9369399458277567e-01
0.0000000000000000e+00 2.6666666666666666e-01 9.3333333333333335e-01 8.2530741263773233e-01
0.0000000000000000e+00 3.3333333333333331e-01 4.0000000000000002e-01 8.1570405184646932e-01
0.0000000000000000e+00 3.3333333333333331e-01 4.6666666666666667e-01 8.3448505564557474e-01
0.0000000000000000e+00 3.3333333333333331e-01 5.3333333333333333e-01 8.5619331775438767e-01
0.0000000000000000e+00 3.3333333333333331e-01 5.9999999999999998e-01 8.8084494657030599e-01
0.0000000000000000e+00 3.3333333333333331e-01 6.6666666666666663e-01 9.0844778603100718e-01
0.0000000000000000e+00 3.3333333333333331e-01 7.3333333333333328e-01 9.3899739893632861e-01
0.0000000000000000e+00 3.3333333333333331e-01 8.0000000000000004e-01 9.7247342974486917e-01
0.0000000000000000e+00 3.3333333333333331e-01 8.6666666666666670e-01 1.0088367627494417e+00
0.0000000000000000e+00 3.3333333333333331e-01 9.3333333333333335e-01 1.0480278080945122e+00
0.0000000000000000e+00 4.0000000000000002e-01 3.3333333333333331e-01 9.8012499101299599e-01
0.0000000000000000e+00 4.0000000000000002e-01 4.0000000000000002e-01 9.9907586067774523e-01
0.0000000000000000e+00 4.0000000000000002e-01 4.6666666666666667e-01 1.0214767892026155e+00
0.0000000000000000e+00 4.0000000000000002e-01 5.3333333333333333e-01 1.0473435404387472e+00
0.0000000000000000e+00 4.0000000000000002e-01 5.9999999999999998e-01 1.0766899728596662e+00
0.0000000000000000e+00 4.0000000000000002e-01 6.6666666666666663e-01 1.1095240363841037e+00
0.0000000000000000e+00 4.0000000000000002e-01 7.3333333333333328e-01 1.1458431999922694e+00
0.0000000000000000e+00 4.0000000000000002e-01 8.0000000000000004e-01 1.1856297723636025e+00
0.0000000000000000e+00 4.0000000000000002e-01 8.6666666666666670e-01 1.2288465938548088e+00
0.0000000000000000e+00 4.6666666666666667e-01 2.0000000000000001e-01 1.1335922910234038e+00
0.0000000000000000e+00 4.6666666666666667e-01 2.6666666666666666e-01 1.1475970556306216e+00
0.0000000000000000e+00 4.6666666666666667e-01 3.3333333333333331e-01 1.1655718899158682e+00
0.0000000000000000e+00 4.6666666666666667e-01 4.0000000000000002e-01 1.1875207409122606e+00
0.0000000000000000e+00 4.6666666666666667e-01 4.6666666666666667e-01 1.2134510530949272e+00
0.0000000000000000e+00 4.6666666666666667e-01 5.3333333333333333e-01 1.2433728531412740e+00
0.0000000000000000e+00 4.6666666666666667e-01 5.9999999999999998e-01 1.2772962767107123e+00
0.0000000000000000e+00 4.6666666666666667e-01 6.6666666666666663e-01 1.3152277224321687e+00
0.0000000000000000e+00 4.6666666666666667e-01 7.3333333333333328e-01 1.3571649686945133e+00
0.0000000000000000e+00 4.6666666666666667e-01 8.0000000000000004e-01 1.4030916939960085e+00
0.0000000000000000e+00 4.6666666666666667e-01 8.6666666666666670e-01 1.4529718883896319e+00
0.0000000000000000e+00 5.3333333333333333e-01 0.0000000000000000e+00 1.2989330684134737e+00
0.0000000000000000e+00 5.3333333333333333e-01 6.6666666666666666e-02 1.3012582781194082e+00
0.0000000000000000e+00 5.3333333333333333e-01 1.3333333333333333e-01 1.3080893328854177e+00
0.0000000000000000e+00 5.3333333333333333e-01 2.0000000000000001e-01 1.3194292791060240e+00
0.0000000000000000e+00 5.3333333333333333e-01 2.6666666666666666e-01 1.3352754113634042e+00
0.0000000000000000e+00 5.3333333333333333e-01 3.3333333333333331e-01 1.3556235310381513e+00
0.0000000000000000e+00 5.3333333333333333e-01 4.0000000000000002e-01 1.3804710975700822e+00
0.0000000000000000e+00 5.3333333333333333e-01 4.6666666666666667e-01 1.4098188817295774e+00
0.0000000000000000e+00 5.3333333333333333e-01 5.3333333333333333e-01 1.4436708792942796e+00
0.0000000000000000e+00 5.3333333333333333e-01 5.9999999999999998e-01 1.4820324173570809e+00
0.0000000000000000e+00 5.3333333333333333e-01 6.6666666666666663e-01 1.5249065608921764e+00
0.0000000000000000e+00 5.3333333333333333e-01 7.3333333333333328e-01 1.5722890830926655e+00
0.0000000000000000e+00 5.3333333333333333e-01 8.0000000000000004e-01 1.6241623823722715e+00
0.0000000000000000e+00 5.9999999999999998e-01 0.0000000000000000e+00 1.4868812868618715e+00
0.0000000000000000e+00 5.9999999999999998e-01 6.6666666666666666e-02 1.4894152988680696e+00
0.0000000000000000e+00 5.9999999999999998e-01 1.3333333333333333e-01 1.4969695464801600e+00
0.0000000000000000e+00 5.9999999999999998e-01 2.0000000000000001e-01 1.5095498758889327e+00
0.0000000000000000e+00 5.9999999999999998e-01 2.6666666666666666e-01 1.5271531992370599e+00
0.0000000000000000e+00 5.9999999999999998e-01 3.3333333333333331e-01 1.5497725195818690e+00
0.0000000000000000e+00 5.9999999999999998e-01 4.0000000000000002e-01 1.5774008386797496e+00
0.0000000000000000e+00 5.9999999999999998e-01 4.6666666666666667e-01 1.6100335229829612e+00
0.0000000000000000e+00 5.9999999999999998e-01 5.3333333333333333e-01 1.6476688370755019e+00
0.0000000000000000e+00 5.9999999999999998e-01 5.9999999999999998e-01 1.6903065114081477e+00
0.0000000000000000e+00 5.9999999999999998e-01 6.6666666666666663e-01 1.7379443737026712e+00
0.0000000000000000e+00 5.9999999999999998e-01 7.3333333333333328e-01 1.7905732239653682e+00
0.0000000000000000e+00 5.9999999999999998e-01 8.0000000000000004e-01 1.8481702583845858e+00
0.0000000000000000e+00 6.6666666666666663e-01 0.0000000000000000e+00 1.6787783125700773e+00
0.0000000000000000e+00 6.6666666666666663e-01 6.6666666666666666e-02 1.6815078164753281e+00
0.0000000000000000e+00 6.6666666666666663e-01 1.3333333333333333e-01 1.6897423958408746e+00
0.0000000000000000e+00 6.6666666666666663e-01 2.0000000000000001e-01 1.7034932285904767e+00
0.0000000000000000e+00 6.6666666666666663e-01 2.6666666666666666e-01 1.7227596995962886e+00
0.0000000000000000e+00 6.6666666666666663e-01 3.3333333333333331e-01 1.7475348113082583e+00
0.0000000000000000e+00 6.6666666666666663e-01 4.0000000000000002e-01 1.7778094706258334e+00
0.0000000000000000e+00 6.6666666666666663e-01 4.6666666666666667e-01 1.8135752213119758e+00
0.0000000000000000e+00 6.6666666666666663e-01 5.3333333333333333e-01 1.8548251037828738e+00
0.0000000000000000e+00 6.6666666666666663e-01 5.9999999999999998e-01 1.9015524589627786e+00
0.0000000000000000e+00 6.6666666666666663e-01 6.6666666666666663e-01 1.9537476362840214e+00
0.0000000000000000e+00 6.6666666666666663e-01 7.3333333333333328e-01 2.0113927059875891e+00
0.0000000000000000e+00 7.3333333333333328e-01 0.0000000000000000e+00 1.8741717361676156e+00
0.0000000000000000e+00 7.3333333333333328e-01 6.6666666666666666e-02 1.8770832461385414e+00
0.0000000000000000e+00 7.3333333333333328e-01 1.3333333333333333e-01 1.8859528284217177e+00
0.0000000000000000e+00 7.3333333333333328e-01 2.0000000000000001e-01 1.9007992996821370e+00
0.0000000000000000e+00 7.3333333333333328e-01 2.6666666666666666e-01 1.9216271461091659e+00
0.0000000000000000e+00 7.3333333333333328e-01 3.3333333333333331e-01 1.9484319535153776e+00
0.0000000000000000e+00 7.3333333333333328e-01 4.0000000000000002e-01 1.9812046911689674e+00
0.0000000000000000e+00 7.3333333333333328e-01 4.6666666666666667e-01 2.0199344333279954e+00
0.0000000000000000e+00 7.3333333333333328e-01 5.3333333333333333e-01 2.0646091926774828e+00
0.0000000000000000e+00 7.3333333333333328e-01 5.9999999999999998e-01 2.1152146514657924e+00
0.0000000000000000e+00 7.3333333333333328e-01 6.6666666666666663e-01 2.1717307006336086e+00
0.0000000000000000e+00 8.0000000000000004e-01 0.0000000000000000e+00 2.0726023866455123e+00
0.0000000000000000e+00 8.0000000000000004e-01 6.6666666666666666e-02 2.0756799761528768e+00
0.0000000000000000e+00 8.0000000000000004e-01 1.3333333333333333e-01 2.0851362685722723e+00
0.0000000000000000e+00 8.0000000000000004e-01 2.0000000000000001e-01 2.1009995077314292e+00
0.0000000000000000e+00 8.0000000000000004e-01 2.6666666666666666e-01 2.1232812954999307e+00
0.0000000000000000e+00 8.0000000000000004e-01 3.3333333333333331e-01 2.1519817035355131e+00
0.0000000000000000e+00 8.0000000000000004e-01 4.0000000000000002e-01 2.1870931841286683e+00
0.0000000000000000e+00 8.0000000000000004e-01 4.6666666666666667e-01 2.2286028937749909e+00
0.0000000000000000e+00 8.0000000000000004e-01 5.3333333333333333e-01 2.2764931154039241e+00
0.0000000000000000e+00 8.0000000000000004e-01 5.9999999999999998e-01 2.3307395592149236e+00
0.0000000000000000e+00 8.6666666666666670e-01 0.0000000000000000e+00 2.2736071652742242e+00
0.0000000000000000e+00 8.6666666666666670e-01 6.6666666666666666e-02 2.2768313268643254e+00
0.0000000000000000e+00 8.6666666666666670e-01 1.3333333333333333e-01 2.2868233379290706e+00
0.0000000000000000e+00 8.6666666666666670e-01 2.0000000000000001e-01 2.3036218979511598e+00
0.0000000000000000e+00 8.6666666666666670e-01 2.6666666666666666e-01 2.3272467891220572e+00
0.0000000000000000e+00 8.6666666666666670e-01 3.3333333333333331e-01 2.3577033638994513e+00
0.0000000000000000e+00 8.6666666666666670e-01 4.0000000000000002e-01 2.3949857353578099e+00
0.0000000000000000e+00 8.6666666666666670e-01 4.6666666666666667e-01 2.4390783261376470e+00
0.0000000000000000e+00 9.3333333333333335e-01 0.0000000000000000e+00 2.4767357335666422e+00
0.0000000000000000e+00 9.3333333333333335e-01 6.6666666666666666e-02 2.4800842214241809e+00
0.0000000000000000e+00 9.3333333333333335e-01 1.3333333333333333e-01 2.4905598949947438e+00
0.0000000000000000e+00 9.3333333333333335e-01 2.0000000000000001e-01 2.5082119515748817e+00
0.0000000000000000e+00 9.3333333333333335e-01 2.6666666666666666e-01 2.5330681554720873e+00
0.0000000000000000e+00 9.3333333333333335e-01 3.3333333333333331e-01 2.5651384276667240e+00
0.0000000000000000e+00 1.0000000000000000e+00 0.0000000000000000e+00 2.6815780536383169e+00
6.6666666666666666e-02 0.0000000000000000e+00 5.3333333333333333e-01 -2.4619202753353164e-03
6.6666666666666666e-02 0.0000000000000000e+00 5.9999999999999998e-01 -2.4601144401356079e-03
6.6666666666666666e-02 0.0000000000000000e+00 6.6666666666666663e-01 -2.4616784574663653e-03
6.6666666666666666e-02 0.0000000000000000e+00 7.3333333333333328e-01 -2.4641900735980771e-03
6.6666666666666666e-02 0.0000000000000000e+00 8.0000000000000004e-01 -2.4651950830648639e-03
6.6666666666666666e-02 0.0000000000000000e+00 8.6666666666666670e-01 -2.4587687590048035e-03
6.6666666666666666e-02 0.0000000000000000e+00 9.3333333333333335e-01 -2.4315524734651595e-03
1.3333333333333333e-01 0.0000000000000000e+00 5.3333333333333333e-01 -2.3370278479618589e-03
1.3333333333333333e-01 0.0000000000000000e+00 5.9999999999999998e-01 -2.3454711886529700e-03
1.3333333333333333e-01 0.0000000000000000e+00 6.6666666666666663e-01 -2.3615863617920674e-03
1.3333333333333333e-01 0.0000000000000000e+00 7.3333333333333328e-01 -2.3845884948386908e-03
1.3333333333333333e-01 0.0000000000000000e+00 8.0000000000000004e-01 -2.4137673984867269e-03
1.3333333333333333e-01 0.0000000000000000e+00 8.6666666666666670e-01 -2.4448557661013171e-03
1.3333333333333333e-01 0.0000000000000000e+00 9.3333333333333335e-01 -2.4658552843982162e-03
2.0000000000000001e-01 0.0000000000000000e+00 4.6666666666666667e-01 -2.2626287974810699e-03
2.0000000000000001e-01 0.0000000000000000e+00 5.3333333333333333e-01 -2.2545773722715823e-03
2.0000000000000001e-01 0.0000000000000000e+00 5.9999999999999998e-01 -2.2605617508643649e-03
2.0000000000000001e-01 0.0000000000000000e+00 6.6666666666666663e-01 -2.2786484217657832e-03
2.0000000000000001e-01 0.0000000000000000e+00 7.3333333333333328e-01 -2.3094259155103103e-03
2.0000000000000001e-01 0.0000000000000000e+00 8.0000000000000004e-01 -2.3531952294359448e-03
2.0000000000000001e-01 0.0000000000000000e+00 8.6666666666666670e-01 -2.4062175953208920e-03
2.0000000000000001e-01 0.0000000000000000e+00 9.3333333333333335e-01 -2.4564404802024653e-03
2.6666666666666666e-01 0.0000000000000000e+00 4.6666666666666667e-01 -2.2181184941241217e-03
2.6666666666666666e-01 0.0000000000000000e+00 5.3333333333333333e-01 -2.1971168570041888e-03
2.6666666666666666e-01 0.0000000000000000e+00 5.9999999999999998e-01 -2.1929982407566939e-03
2.6666666666666666e-01 0.0000000000000000e+00 6.6666666666666663e-01 -2.2052780560892771e-03
2.6666666666666666e-01 0.0000000000000000e+00 7.3333333333333328e-01 -2.2352831675505613e-03
2.6666666666666666e-01 0.0000000000000000e+00 8.0000000000000004e-01 -2.2832348434863592e-03
2.6666666666666666e-01 0.0000000000000000e+00 8.6666666666666670e-01 -2.3444660688326513e-03
2.6666666666666666e-01 0.0000000000000000e+00 9.3333333333333335e-01 -2.4051746205375479e-03
3.3333333333333331e-01 0.0000000000000000e+00 4.0000000000000002e-01 -2.2462016153381170e-03
3.3333333333333331e-01 0.0000000000000000e+00 4.6666666666666667e-01 -2.1883282990281527e-03
3.3333333333333331e-01 0.0000000000000000e+00 5.3333333333333333e-01 -2.1521057061826832e-03
3.3333333333333331e-01 0.0000000000000000e+00 5.9999999999999998e-01 -2.1354264784142485e-03
3.3333333333333331e-01 0.0000000000000000e+00 6.6666666666666663e-01 -2.1387093075705965e-03
3.3333333333333331e-01 0.0000000000000000e+00 7.3333333333333328e-01 -2.1630081841801374e-03
3.3333333333333331e-01 0.0000000000000000e+00 8.0000000000000004e-01 -2.2070475901665998e-03
3.3333333333333331e-01 0.0000000000000000e+00 8.6666666666666670e-01 -2.2635123060136264e-03
3.3333333333333331e-01 0.0000000000000000e+00 9.3333333333333335e-01 -2.3149654136821463e-03
4.0000000000000002e-01 0.0000000000000000e+00 3.3333333333333331e-01 -2.3283182218587495e-03
4.0000000000000002e-01 0.0000000000000000e+00 4.0000000000000002e-01 -2.2323198516834841e-03
4.0000000000000002e-01 0.0000000000000000e+00 4.6666666666666667e-01 -2.1613751590476848e-03
4.0000000000000002e-01 0.0000000000000000e+00 5.3333333333333333e-01 -2.1127433410252361e-03
4.0000000000000002e-01 0.0000000000000000e+00 5.9999999999999998e-01 -2.0856815194024714e-03
4.0000000000000002e-01 0.0000000000000000e+00 6.6666666666666663e-01 -2.0805486396863193e-03
4.0000000000000002e-01 0.0000000000000000e+00 7.3333333333333328e-01 -2.0967631328009384e-03
4.0000000000000002e-01 0.0000000000000000e+00 8.0000000000000004e-01 -2.1298651072989561e-03
4.0000000000000002e-01 0.0000000000000000e+00 8.6666666666666670e-01 -2.1679904906047320e-03
4.6666666666666667e-01 0.0000000000000000e+00 2.0000000000000001e-01 -2.5865612716529651e-03
4.6666666666666667e-01 0.0000000000000000e+00 2.6666666666666666e-01 -2.4350486059846466e-03
4.6666666666666667e-01 0.0000000000000000e+00 3.3333333333333331e-01 -2.3095533868581208e-03
4.6666666666666667e-01 0.0000000000000000e+00 4.0000000000000002e-01 -2.2091154440930239e-03
4.6666666666666667e-01 0.0000000000000000e+00 4.6666666666666667e-01 -2.1322464986675005e-03
4.6666666666666667e-01 0.0000000000000000e+00 5.3333333333333333e-01 -2.0780634773844286e-03
4.6666666666666667e-01 0.0000000000000000e+00 5.9999999999999998e-01 -2.0462019627420780e-03
4.6666666666666667e-01 0.0000000000000000e+00 6.6666666666666663e-01 -2.0356100583711623e-03
4.6666666666666667e-01 0.0000000000000000e+00 7.3333333333333328e-01 -2.0424101566313690e-03
4.6666666666666667e-01 0.0000000000000000e+00 8.0000000000000004e-01 -2.0570759024349794e-03
4.6666666666666667e-01 0.0000000000000000e+00 8.6666666666666670e-01 -2.0612079469405353e-03
5.3333333333333333e-01 0.0000000000000000e+00 0.0000000000000000e+00 -2.9806690586335893e-03
5.3333333333333333e-01 0.0000000000000000e+00 6.6666666666666666e-02 -2.8364044834282565e-03
5.3333333333333333e-01 0.0000000000000000e+00 1.3333333333333333e-01 -2.6784952796915507e-03
5.3333333333333333e-01 0.0000000000000000e+00 2.0000000000000001e-01 -2.5258448342813100e-03
5.3333333333333333e-01 0.0000000000000000e+00 2.6666666666666666e-01 -2.3885165683365517e-03
5.3333333333333333e-01 0.0000000000000000e+00 3.3333333333333331e-01 -2.2711708559667310e-03
5.3333333333333333e-01 0.0000000000000000e+00 4.0000000000000002e-01 -2.1756743712013638e-03
5.3333333333333333e-01 0.0000000000000000e+00 4.6666666666666667e-01 -2.1026789426639159e-03
5.3333333333333333e-01 0.0000000000000000e+00 5.3333333333333333e-01 -2.0521035490264072e-03
5.3333333333333333e-01 0.0000000000000000e+00 5.9999999999999998e-01 -2.0225717472660554e-03
5.3333333333333333e-01 0.0000000000000000e+00 6.6666666666666663e-01 -2.0099485102052506e-03
5.3333333333333333e-01 0.0000000000000000e+00 7.3333333333333328e-01 -2.0051827797766264e-03
5.3333333333333333e-01 0.0000000000000000e+00 8.0000000000000004e-01 -1.9916981339522244e-03
5.9999999999999998e-01 0.0000000000000000e+00 0.0000000000000000e+00 -2.7848853838105536e-03
5.9999999999999998e-01 0.0000000000000000e+00 6.6666666666666666e-02 -2.6850068486005130e-03
5.9999999999999998e-01 0.0000000000000000e+00 1.3333333333333333e-01 -2.5624304148318955e-03
5.9999999999999998e-01 0.0000000000000000e+00 2.0000000000000001e-01 -2.4367657628114880e-03
5.9999999999999998e-01 0.0000000000000000e+00 2.6666666666666666e-01 -2.3200402782120322e-03
5.9999999999999998e-01 0.0000000000000000e+00 3.3333333333333331e-01 -2.2193608124437825e-03
5.9999999999999998e-01 0.0000000000000000e+00 4.0000000000000002e-01 -2.1387182147952211e-03
5.9999999999999998e-01 0.0000000000000000e+00 4.6666666666666667e-01 -2.0798202465506233e-03
5.9999999999999998e-01 0.0000000000000000e+00 5.3333333333333333e-01 -2.0419645878444470e-03
5.9999999999999998e-01 0.0000000000000000e+00 5.9999999999999998e-01 -2.0210646693542555e-03
5.9999999999999998e-01 0.0000000000000000e+00 6.6666666666666663e-01 -2.0080110000219031e-03
5.9999999999999998e-01 0.0000000000000000e+00 7.3333333333333328e-01 -1.9865900357538546e-03
5.9999999999999998e-01 0.0000000000000000e+00 8.0000000000000004e-01 -1.9311970340544216e-03
6.6666666666666663e-01 0.0000000000000000e+00 0.0000000000000000e+00 -2.5821878639854523e-03
6.6666666666666663e-01 0.0000000000000000e+00 6.6666666666666666e-02 -2.5229189324575962e-03
6.6666666666666663e-01 0.0000000000000000e+00 1.3333333333333333e-01 -2.4343662753623097e-03
6.6666666666666663e-01 0.0000000000000000e+00 2.0000000000000001e-01 -2.3372359677423238e-03
6.6666666666666663e-01 0.0000000000000000e+00 2.6666666666666666e-01 -2.2454672640533913e-03
6.6666666666666663e-01 0.0000000000000000e+00 3.3333333333333331e-01 -2.1680982703575213e-03
6.6666666666666663e-01 0.0000000000000000e+00 4.0000000000000002e-01 -2.1102860652597033e-03
6.6666666666666663e-01 0.0000000000000000e+00 4.6666666666666667e-01 -2.0734479841851838e-03
6.6666666666666663e-01 0.0000000000000000e+00 5.3333333333333333e-01 -2.0546048464528677e-03
6.6666666666666663e-01 0.0000000000000000e+00 5.9999999999999998e-01 -2.0450907517091665e-03
6.6666666666666663e-01 0.0000000000000000e+00 6.6666666666666663e-01 -2.0288442659074368e-03
6.6666666666666663e-01 0.0000000000000000e+00 7.3333333333333328e-01 -1.9805150412687822e-03
7.3333333333333328e-01 0.0000000000000000e+00 0.0000000000000000e+00 -2.4081791983598944e-03
7.3333333333333328e-01 0.0000000000000000e+00 6.6666666666666666e-02 -2.3827277496794586e-03
7.3333333333333328e-01 0.0000000000000000e+00 1.3333333333333333e-01 -2.3235939626590207e-03
7.3333333333333328e-01 0.0000000000000000e+00 2.0000000000000001e-01 -2.2530149683382961e-03
7.3333333333333328e-01 0.0000000000000000e+00 2.6666666666666666e-01 -2.1867563928497646e-03
7.3333333333333328e-01 0.0000000000000000e+00 3.3333333333333331e-01 -2.1351884510341645e-03
7.3333333333333328e-01 0.0000000000000000e+00 4.0000000000000002e-01 -2.1035717163539469e-03
7.3333333333333328e-01 0.0000000000000000e+00 4.6666666666666667e-01 -2.0915902375196471e-03
7.3333333333333328e-01 0.0000000000000000e+00 5.3333333333333333e-01 -2.0922707775385407e-03
7.3333333333333328e-01 0.0000000000000000e+00 5.9999999999999998e-01 -2.0904947001177954e-03
7.3333333333333328e-01 0.0000000000000000e+00 6.6666666666666663e-01 -2.0613419906727604e-03
8.0000000000000004e-01 0.0000000000000000e+00 0.0000000000000000e+00 -2.2999180261800145e-03
8.0000000000000004e-01 0.0000000000000000e+00 6.6666666666666666e-02 -2.2993172086326896e-03
8.0000000000000004e-01 0.0000000000000000e+00 1.3333333333333333e-01 -2.2616731023913372e-03
8.0000000000000004e-01 0.0000000000000000e+00 2.0000000000000001e-01 -2.2112774658277767e-03
8.0000000000000004e-01 0.0000000000000000e+00 2.6666666666666666e-01 -2.1656998012699602e-03
8.0000000000000004e-01 0.0000000000000000e+00 3.3333333333333331e-01 -2.1360978111390483e-03
8.0000000000000004e-01 0.0000000000000000e+00 4.0000000000000002e-01 -2.1268362608293234e-03
8.0000000000000004e-01 0.0000000000000000e+00 4.6666666666666667e-01 -2.1345116800658981e-03
8.0000000000000004e-01 0.0000000000000000e+00 5.3333333333333333e-01 -2.1465680017413447e-03
8.0000000000000004e-01 0.0000000000000000e+00 5.9999999999999998e-01 -2.1397412136687777e-03
8.6666666666666670e-01 0.0000000000000000e+00 0.0000000000000000e+00 -2.2858242943915585e-03
8.6666666666666670e-01 0.0000000000000000e+00 6.6666666666666666e-02 -2.3001000263503935e-03
8.6666666666666670e-01 0.0000000000000000e+00 1.3333333333333333e-01 -2.2730193189256509e-03
8.6666666666666670e-01 0.0000000000000000e+00 2.0000000000000001e-01 -2.2315735683201554e-03
8.6666666666666670e-01 0.0000000000000000e+00 2.6666666666666666e-01 -2.1952637923972618e-03
8.6666666666666670e-01 0.0000000000000000e+00 3.3333333333333331e-01 -2.1756768687334338e-03
8.6666666666666670e-01 0.0000000000000000e+00 4.0000000000000002e-01 -2.1755101452448633e-03
8.6666666666666670e-01 0.0000000000000000e+00 4.6666666666666667e-01 -2.1871909387010668e-03
9.3333333333333335e-01 0.0000000000000000e+00 0.0000000000000000e+00 -2.3733946683709983e-03
9.3333333333333335e-01 0.0000000000000000e+00 6.6666666666666666e-02 -2.3929792471669709e-03
9.3333333333333335e-01 0.0000000000000000e+00 1.3333333333333333e-01 -2.3632399891792000e-03
9.3333333333333335e-01 0.0000000000000000e+00 2.0000000000000001e-01 -2.3146445901062185e-03
9.3333333333333335e-01 0.0000000000000000e+00 2.6666666666666666e-01 -2.2689652607154054e-03
9.3333333333333335e-01 0.0000000000000000e+00 3.3333333333333331e-01 -2.2381517017484587e-03
1.0000000000000000e+00 0.0000000000000000e+00 0.0000000000000000e+00 -2.5357527220344900e-03
6.6666666666666666e-02 5.3333333333333333e-01 0.0000000000000000e+00 1.3185369215117335e+00
6.6666666666666666e-02 5.9999999999999998e-01 0.0000000000000000e+00 1.5117555106283282e+00
6.6666666666666666e-02 6.6666666666666663e-01 0.0000000000000000e+00 1.7094920661647581e+00
6.6666666666666666e-02 7.3333333333333328e-01 0.0000000000000000e+00 1.9112839738457794e+00
6.6666666666666666e-02 8.0000000000000004e-01 0.0000000000000000e+00 2.1166757598390475e+00
6.6666666666666666e-02 8.6666666666666670e-01 0.0000000000000000e+00 2.3252200792733300e+00
6.6666666666666666e-02 9.3333333333333335e-01 0.0000000000000000e+00 2.5364890107733595e+00
1.3333333333333333e-01 5.3333333333333333e-01 0.0000000000000000e+00 1.3394793640881806e+00
1.3333333333333333e-01 5.9999999999999998e-01 0.0000000000000000e+00 1.5382986582322995e+00
1.3333333333333333e-01 6.6666666666666663e-01 0.0000000000000000e+00 1.7422517217556641e+00
1.3333333333333333e-01 7.3333333333333328e-01 0.0000000000000000e+00 1.9508729915275240e+00
1.3333333333333333e-01 8.0000000000000004e-01 0.0000000000000000e+00 2.1637168083091161e+00
1.3333333333333333e-01 8.6666666666666670e-01 0.0000000000000000e+00 2.3803549209806256e+00
1.3333333333333333e-01 9.3333333333333335e-01 0.0000000000000000e+00 2.6003805849719490e+00
2.0000000000000001e-01 4.6666666666666667e-01 0.0000000000000000e+00 1.1633743814605366e+00
2.0000000000000001e-01 5.3333333333333333e-01 0.0000000000000000e+00 1.3618467411592563e+00
2.0000000000000001e-01 5.9999999999999998e-01 0.0000000000000000e+00 1.5666222574787874e+00
2.0000000000000001e-01 6.6666666666666663e-01 0.0000000000000000e+00 1.7772025431170746e+00
2.0000000000000001e-01 7.3333333333333328e-01 0.0000000000000000e+00 1.9931258536811962e+00
2.0000000000000001e-01 8.0000000000000004e-01 0.0000000000000000e+00 2.2139603253030282e+00
2.0000000000000001e-01 8.6666666666666670e-01 0.0000000000000000e+00 2.4392963258551710e+00
2.0000000000000001e-01 9.3333333333333335e-01 0.0000000000000000e+00 2.6687417408490113e+00
2.6666666666666666e-01 4.6666666666666667e-01 0.0000000000000000e+00 1.1816536071466071e+00
2.6666666666666666e-01 5.3333333333333333e-01 0.0000000000000000e+00 1.3857361654128653e+00
2.6666666666666666e-01 5.9999999999999998e-01 0.0000000000000000e+00 1.5968550438183842e+00
2.6666666666666666e-01 6.6666666666666663e-01 0.0000000000000000e+00 1.8145127639411596e+00
2.6666666666666666e-01 7.3333333333333328e-01 0.0000000000000000e+00 2.0382564508865988e+00
2.6666666666666666e-01 8.0000000000000004e-01 0.0000000000000000e+00 2.2676686161311177e+00
2.6666666666666666e-01 8.6666666666666670e-01 0.0000000000000000e+00 2.5023528091802021e+00
2.6666666666666666e-01 9.3333333333333335e-01 0.0000000000000000e+00 2.7419188191699062e+00
3.3333333333333331e-01 4.0000000000000002e-01 0.0000000000000000e+00 9.9951775485340055e-01
3.3333333333333331e-01 4.6666666666666667e-01 0.0000000000000000e+00 1.2012024263076757e+00
3.3333333333333331e-01 5.3333333333333333e-01 0.0000000000000000e+00 1.4112570679187157e+00
3.3333333333333331e-01 5.9999999999999998e-01 0.0000000000000000e+00 1.6291440420399503e+00
3.3333333333333331e-01 6.6666666666666663e-01 0.0000000000000000e+00 1.8543731990468362e+00
3.3333333333333331e-01 7.3333333333333328e-01 0.0000000000000000e+00 2.0865025883459549e+00
3.3333333333333331e-01 8.0000000000000004e-01 0.0000000000000000e+00 2.3251251029343738e+00
3.3333333333333331e-01 8.6666666666666670e-01 0.0000000000000000e+00 2.5698461593774411e+00
3.3333333333333331e-01 9.3333333333333335e-01 0.0000000000000000e+00 2.8202580300928850e+00
4.0000000000000002e-01 3.3333333333333331e-01 0.0000000000000000e+00 8.1749144709114552e-01
4.0000000000000002e-01 4.0000000000000002e-01 0.0000000000000000e+00 1.0149070297967486e+00
4.0000000000000002e-01 4.6666666666666667e-01 0.0000000000000000e+00 1.2221072374318427e+00
4.0000000000000002e-01 5.3333333333333333e-01 0.0000000000000000e+00 1.4385318823665880e+00
4.0000000000000002e-01 5.9999999999999998e-01 0.0000000000000000e+00 1.6636539308442471e+00
4.0000000000000002e-01 6.6666666666666663e-01 0.0000000000000000e+00 1.8969942601567595e+00
4.0000000000000002e-01 7.3333333333333328e-01 0.0000000000000000e+00 2.1381196861976210e+00
4.0000000000000002e-01 8.0000000000000004e-01 0.0000000000000000e+00 2.3866239518787591e+00
4.0000000000000002e-01 8.6666666666666670e-01 0.0000000000000000e+00 2.6420965738283142e+00
4.6666666666666667e-01 2.0000000000000001e-01 0.0000000000000000e+00 4.5848971047403575e-01
4.6666666666666667e-01 2.6666666666666666e-01 0.0000000000000000e+00 6.3783397257202412e-01
4.6666666666666667e-01 3.3333333333333331e-01 0.0000000000000000e+00 8.2898079053893337e-01
4.6666666666666667e-01 4.0000000000000002e-01 0.0000000000000000e+00 1.0313758170536276e+00
4.6666666666666667e-01 4.6666666666666667e-01 0.0000000000000000e+00 1.2444621274334713e+00
4.6666666666666667e-01 5.3333333333333333e-01 0.0000000000000000e+00 1.4676955420953675e+00
4.6666666666666667e-01 5.9999999999999998e-01 0.0000000000000000e+00 1.7005643217247415e+00
4.6666666666666667e-01 6.6666666666666663e-01 0.0000000000000000e+00 1.9426000603300519e+00
4.6666666666666667e-01 7.3333333333333328e-01 0.0000000000000000e+00 2.1933709341925369e+00
4.6666666666666667e-01 8.0000000000000004e-01 0.0000000000000000e+00 2.4524558186072549e+00
4.6666666666666667e-01 8.6666666666666670e-01 0.0000000000000000e+00 2.7194039547870585e+00
5.3333333333333333e-01 6.6666666666666666e-02 0.0000000000000000e+00 1.3803637620464365e-01
5.3333333333333333e-01 1.3333333333333333e-01 0.0000000000000000e+00 2.9357272033340842e-01
5.3333333333333333e-01 2.0000000000000001e-01 0.0000000000000000e+00 4.6301048507601034e-01
5.3333333333333333e-01 2.6666666666666666e-01 0.0000000000000000e+00 6.4576373938198328e-01
5.3333333333333333e-01 3.3333333333333331e-01 0.0000000000000000e+00 8.4127201888044445e-01
5.3333333333333333e-01 4.0000000000000002e-01 0.0000000000000000e+00 1.0489871890459781e+00
5.3333333333333333e-01 4.6666666666666667e-01 0.0000000000000000e+00 1.2683690999515420e+00
5.3333333333333333e-01 5.3333333333333333e-01 0.0000000000000000e+00 1.4988935633886178e+00
5.3333333333333333e-01 5.9999999999999998e-01 0.0000000000000000e+00 1.7400647645348855e+00
5.3333333333333333e-01 6.6666666666666663e-01 0.0000000000000000e+00 1.9914195642627428e+00
5.3333333333333333e-01 7.3333333333333328e-01 0.0000000000000000e+00 2.2525140990976316e+00
5.3333333333333333e-01 8.0000000000000004e-01 0.0000000000000000e+00 2.5228902219375930e+00
5.9999999999999998e-01 6.6666666666666666e-02 0.0000000000000000e+00 1.3870252972867742e-01
5.9999999999999998e-01 1.3333333333333333e-01 0.0000000000000000e+00 2.9578881442016042e-01
5.9999999999999998e-01 2.0000000000000001e-01 0.0000000000000000e+00 4.6783246863161476e-01
5.9999999999999998e-01 2.6666666666666666e-01 0.0000000000000000e+00 6.5422522187806265e-01
5.9999999999999998e-01 3.3333333333333331e-01 0.0000000000000000e+00 8.5439776086188990e-01
5.9999999999999998e-01 4.0000000000000002e-01 0.0000000000000000e+00 1.0678092409749795e+00
5.9999999999999998e-01 4.6666666666666667e-01 0.0000000000000000e+00 1.2939376847362500e+00
5.9999999999999998e-01 5.3333333333333333e-01 0.0000000000000000e+00 1.5322786229125753e+00
5.9999999999999998e-01 5.9999999999999998e-01 0.0000000000000000e+00 1.7823475217659630e+00
5.9999999999999998e-01 6.6666666666666663e-01 0.0000000000000000e+00 2.0436750577236573e+00
5.9999999999999998e-01 7.3333333333333328e-01 0.0000000000000000e+00 2.3157855617071044e+00
5.9999999999999998e-01 8.0000000000000004e-01 0.0000000000000000e+00 2.5981554623288692e+00
6.6666666666666663e-01 6.6666666666666666e-02 0.0000000000000000e+00 1.3939785068120891e-01
6.6666666666666663e-01 1.3333333333333333e-01 0.0000000000000000e+00 2.9812513078116110e-01
6.6666666666666663e-01 2.0000000000000001e-01 0.0000000000000000e+00 4.7294354891486173e-01
6.6666666666666663e-01 2.6666666666666666e-01 0.0000000000000000e+00 6.6322625799838786e-01
6.6666666666666663e-01 3.3333333333333331e-01 0.0000000000000000e+00 8.6839564483181475e-01
6.6666666666666663e-01 4.0000000000000002e-01 0.0000000000000000e+00 1.0879170241521965e+00
6.6666666666666663e-01 4.6666666666666667e-01 0.0000000000000000e+00 1.3212838635139761e+00
6.6666666666666663e-01 5.3333333333333333e-01 0.0000000000000000e+00 1.5680056933978235e+00
6.6666666666666663e-01 5.9999999999999998e-01 0.0000000000000000e+00 1.8275984005386681e+00
6.6666666666666663e-01 6.6666666666666663e-01 0.0000000000000000e+00 2.0995685234233776e+00
6.6666666666666663e-01 7.3333333333333328e-01 0.0000000000000000e+00 2.3833825067388372e+00
7.3333333333333328e-01 6.6666666666666666e-02 0.0000000000000000e+00 1.4009347304376729e-01
7.3333333333333328e-01 1.3333333333333333e-01 0.0000000000000000e+00 3.0056094614519868e-01
7.3333333333333328e-01 2.0000000000000001e-01 0.0000000000000000e+00 4.7833724006187006e-01
7.3333333333333328e-01 2.6666666666666666e-01 0.0000000000000000e+00 6.7278321852434542e-01
7.3333333333333328e-01 3.3333333333333331e-01 0.0000000000000000e+00 8.8331321443935940e-01
7.3333333333333328e-01 4.0000000000000002e-01 0.0000000000000000e+00 1.1093945481739360e+00
7.3333333333333328e-01 4.6666666666666667e-01 0.0000000000000000e+00 1.3505283038959179e+00
7.3333333333333328e-01 5.3333333333333333e-01 0.0000000000000000e+00 1.6062259533171290e+00
7.3333333333333328e-01 5.9999999999999998e-01 0.0000000000000000e+00 1.8759861549657582e+00
7.3333333333333328e-01 6.6666666666666663e-01 0.0000000000000000e+00 2.1592667711559743e+00
8.0000000000000004e-01 6.6666666666666666e-02 0.0000000000000000e+00 1.4076622025230273e-01
8.0000000000000004e-01 1.3333333333333333e-01 0.0000000000000000e+00 3.0308689699346669e-01
8.0000000000000004e-01 2.0000000000000001e-01 0.0000000000000000e+00 4.8402219419806169e-01
8.0000000000000004e-01 2.6666666666666666e-01 0.0000000000000000e+00 6.8292912234606884e-01
8.0000000000000004e-01 3.3333333333333331e-01 0.0000000000000000e+00 8.9921342833795781e-01
8.0000000000000004e-01 4.0000000000000002e-01 0.0000000000000000e+00 1.1323366540071222e+00
8.0000000000000004e-01 4.6666666666666667e-01 0.0000000000000000e+00 1.3817939336066911e+00
8.0000000000000004e-01 5.3333333333333333e-01 0.0000000000000000e+00 1.6470798039766106e+00
8.0000000000000004e-01 5.9999999999999998e-01 0.0000000000000000e+00 1.9276511306704318e+00
8.6666666666666670e-01 6.6666666666666666e-02 0.0000000000000000e+00 1.4140981124818497e-01
8.6666666666666670e-01 1.3333333333333333e-01 0.0000000000000000e+00 3.0571657762394988e-01
8.6666666666666670e-01 2.0000000000000001e-01 0.0000000000000000e+00 4.9003305659180957e-01
8.6666666666666670e-01 2.6666666666666666e-01 0.0000000000000000e+00 6.9372245004625444e-01
8.6666666666666670e-01 3.3333333333333331e-01 0.0000000000000000e+00 9.1618024069389359e-01
8.6666666666666670e-01 4.0000000000000002e-01 0.0000000000000000e+00 1.1568504931802042e+00
8.6666666666666670e-01 4.6666666666666667e-01 0.0000000000000000e+00 1.4152029009349920e+00
9.3333333333333335e-01 6.6666666666666666e-02 0.0000000000000000e+00 1.4204764694918115e-01
9.3333333333333335e-01 1.3333333333333333e-01 0.0000000000000000e+00 3.0849909121810593e-01
9.3333333333333335e-01 2.0000000000000001e-01 0.0000000000000000e+00 4.9644166896893638e-01
9.3333333333333335e-01 2.6666666666666666e-01 0.0000000000000000e+00 7.0525577510136228e-01
9.3333333333333335e-01 3.3333333333333331e-01 0.0000000000000000e+00 9.3432361488113147e-01
